device_id,timestamp,lat,lon,temp,vibration,load,risk_score
veh_000,2025-09-04T09:22:52,-0.9563679076285858,0.6505150335226325,1.0012043918701528,0.1160093685916715,0.995222324334503,0.5568122599702172
veh_000,2025-09-04T09:27:52,-1.0523459002262945,0.7476448807841936,1.009928976252377,0.7951129754306038,0.5104357884977522,0.752673019515103
veh_000,2025-09-04T09:32:52,-0.9376531870402806,0.8644628755582311,1.0014038604166222,0.367725228134561,-1.467067768984003,0.8242637168458058
veh_000,2025-09-04T09:37:52,-0.9625950116372962,0.8186898271777978,0.9995698247058852,-0.7290360867015041,1.6246769936161245,1.0518351063767664
veh_000,2025-09-04T09:42:52,-1.0661534616570776,0.7852158632775815,0.996076276889237,0.5386196638798829,-1.5352979112830751,0.9291144607027113
veh_000,2025-09-04T09:47:52,-1.0092842139522444,0.8612173736007822,1.0173237504391928,-0.4422088436624661,-0.5738277692548909,0.5967175026955388
veh_000,2025-09-04T09:52:52,-1.132244018180046,0.8775967471434287,1.0285243835024802,-0.136623328192393,-0.0628572140742397,0.2928737050189644
veh_000,2025-09-04T09:57:52,-1.1333175671299165,0.8806586939904598,1.0358982732764654,0.5499511777661835,1.1527123584968757,0.8279689510874475
veh_000,2025-09-04T10:02:52,-1.0273868748746595,0.8334285336698413,1.0380679020112713,0.892949682217881,-1.208188818029576,1.0165450669200675
veh_000,2025-09-04T10:07:52,-0.982598999775506,0.8290844825912765,1.0409362809051417,0.6420381803733078,0.719421092775208,0.7450326742002447
veh_000,2025-09-04T10:12:52,-1.0827092765062267,0.7814965184452393,1.0345979177791609,-0.3050481418663487,-1.294177248891737,0.7476968291565276
veh_000,2025-09-04T10:17:52,-1.1374629837407662,0.9087616048886964,1.017902019282184,-0.3674705449595464,0.4792524486024546,0.5310914109169463
veh_000,2025-09-04T10:22:52,-0.9918914955639646,0.8860224442874519,1.0257728867344154,-0.381931350347099,-0.1957738195655478,0.45485239839009683
veh_000,2025-09-04T10:27:52,-0.9646476163828844,0.8061832943532142,1.0131166909148297,-1.2016832146147698,-1.485867893164971,1.249225313439842
veh_000,2025-09-04T10:32:52,-1.000820111676376,0.8357055237150891,1.019967056629163,-0.4639810973704947,0.9878376529149308,0.7323352558855591
veh_000,2025-09-04T10:37:52,-0.9879447624239912,0.795741114434272,1.0244987637943994,-0.7091801206352615,-1.6072038691283714,1.041650973815022
veh_000,2025-09-04T10:42:52,-1.088931594733374,0.7173206906808175,1.029330060456298,-0.508021318388333,0.0235315900455503,0.46693614829909114
veh_000,2025-09-04T10:47:52,-1.002465659095378,0.862607117545207,1.0359314044391683,-0.1204678439590003,-0.6567167494722702,0.46443522770901485
veh_000,2025-09-04T10:52:52,-1.0586534704565806,0.6738423722130042,1.0215744747701023,-1.3995912685469178,1.594674740384689,1.382512951342886
veh_000,2025-09-04T10:57:52,-1.0105833199693923,0.7430063958220045,1.0178226909279475,1.3399371612917892,0.9702894213651452,1.1646199452410275
veh_000,2025-09-04T11:02:52,-0.976724022409618,0.7405172136114786,1.0157845269110544,-1.0101981201573045,1.3925248649947422,1.1260134249592857
veh_000,2025-09-04T11:07:52,-0.966418845784182,0.6703051555114062,1.0200944819531277,0.2308336630548838,-1.0819789340346797,0.6440294081284713
veh_000,2025-09-04T11:12:52,-1.1956319650570364,0.8294870207402593,1.014841338379855,0.2255473447823152,0.4539919958344254,0.4519395388174562
veh_000,2025-09-04T11:17:52,-0.8900797612497582,0.8019326087177492,1.004687130052541,0.1697516088860833,-1.5427626846073008,0.74864203583574
veh_000,2025-09-04T11:22:52,-0.914400063627236,0.8969814556430351,1.0082276791078304,1.5113709415978271,0.3187682720974707,1.052961488249721
veh_000,2025-09-04T11:27:52,-1.1147980182036892,0.7411401356869601,1.004360341886385,-1.4559992450752228,0.3299195148845211,1.0278475453802447
veh_000,2025-09-04T11:32:52,-1.0729398523862708,0.6929967551836199,0.9942846928127111,0.3100107663081534,-1.4025902999593565,0.7746394117044259
veh_000,2025-09-04T11:37:52,-0.8504849718367935,1.0808707047283517,0.99839608512058,-1.0514865870966237,-0.0704103992085024,0.7465456303349786
veh_000,2025-09-04T11:42:52,-1.023822896778692,0.751192433584028,0.9942752893389288,-0.6571160075701147,-1.6109539744337322,1.0106992539829627
veh_000,2025-09-04T11:47:52,-0.9437947319591824,0.8369990798919171,0.9927014592173388,-1.099670630071418,-1.314476803869417,1.1427186480400018
veh_000,2025-09-04T11:52:52,-1.0994149641603077,0.8183486634079131,1.0102412468377189,0.1185526636510029,-1.3173227938985943,0.6565214193626234
veh_000,2025-09-04T11:57:52,-1.1007170080261162,0.7182845554376196,1.0006662388532972,-0.7753194249178933,-0.4200829895742914,0.7138178571018935
veh_000,2025-09-04T12:02:52,-1.13300733317841,0.8972802745306803,0.9917082191837014,0.9557915478670388,-0.6928347499991113,0.884087842769993
veh_000,2025-09-04T12:07:52,-1.0663648348648818,0.8195004330563801,0.9852120130693908,0.4485147190974271,-1.5315244176153424,0.8807570874471944
veh_000,2025-09-04T12:12:52,-1.1735311677561349,0.710058192735103,0.98692427292734,1.632352726435668,1.3522624454306311,1.4192399514324914
veh_000,2025-09-04T12:17:52,-1.0625552959036553,0.8483909245793696,0.9998812306695162,0.2116573761385903,0.5711065338788854,0.47713689436686396
veh_000,2025-09-04T12:22:52,-0.9397537200214392,0.8610347393247583,1.0151176004653026,0.1738879740823758,1.5091564258032777,0.7427144348752317
veh_000,2025-09-04T12:27:52,-1.1878224569572509,0.9691497441750008,1.0322182391494743,-0.2051361534466033,-1.0734711706174458,0.6310530757384303
veh_000,2025-09-04T12:32:52,-0.9041486073187944,0.7251755292598582,1.023341573977311,0.6546167114202428,1.6285239490959929,1.0205338552343814
veh_000,2025-09-04T12:37:52,-1.0511750261487818,0.8086479552139602,1.0266906806621965,1.453046188343362,-1.235224740149576,1.3024286523489932
veh_000,2025-09-04T12:42:52,-0.9861052958405924,0.6417452431805358,1.0262073411267914,-0.898616436731937,0.2965130914961617,0.7435036140401753
veh_000,2025-09-04T12:47:52,-1.138698215737349,0.7935493150155176,1.0352940905225074,-1.4034500196429762,-1.237830964190243,1.2801331171830626
veh_000,2025-09-04T12:52:52,-1.0992005773576212,0.7941199217013626,1.0452425387926667,0.5446863413267075,1.5732839829525151,0.9533768733076415
veh_000,2025-09-04T12:57:52,-1.0661510753731709,0.7615422835769596,1.043021615850601,0.2358084041252329,0.4767186971880504,0.46952413438915175
veh_000,2025-09-04T13:02:52,-1.159373789764854,0.8311111963272408,1.0452858891166632,2.612824499521594,0.3473987325242403,1.6196890473414016
veh_000,2025-09-04T13:07:52,-1.1362010331513046,0.7976840079860548,1.030766952755103,-0.6347668330741714,-1.6238247417325309,1.0106842296078655
veh_000,2025-09-04T13:12:52,-0.929772123084414,0.7586105642267773,1.024277108591437,-1.7589861705089018,0.1248696554687138,1.1218094036133524
veh_000,2025-09-04T13:17:52,-1.157170882944968,0.776271388837921,1.0155776959599956,-0.1160555039205235,1.2728215713584412,0.6429897625597932
veh_000,2025-09-04T13:22:52,-1.1977359962464105,1.0114625298252458,1.0028050636968175,-1.163544382522966,1.099218353371005,1.112098710012148
veh_000,2025-09-04T13:27:52,-0.7594223019632085,0.719467915794944,0.9991516335218564,0.3393102156315742,1.126817344333956,0.7075306378203452
veh_000,2025-09-04T13:32:52,-1.1495960973938095,0.8014087209640666,1.006863667742634,0.4367014818720884,-0.7139641858756601,0.6339127302472689
veh_000,2025-09-04T13:37:52,-1.0640775886365303,0.7014811313341024,1.0045007251542553,-0.2959007060578894,-1.08924501900893,0.6756240037624748
veh_000,2025-09-04T13:42:52,-1.1063342987433846,0.8648193024992666,1.0145479675409124,0.1448357305703305,-0.6005363916426233,0.45548837628613464
veh_000,2025-09-04T13:47:52,-1.0453326097904971,0.8231138088329912,1.0073893270501852,0.3131248601264214,-1.0658682919541067,0.6778007830594797
veh_000,2025-09-04T13:52:52,-0.768543574514852,1.0082709482904482,1.0229987189321408,0.3855877878118631,-1.516716522795203,0.8524085945309205
veh_000,2025-09-04T13:57:52,-1.1621831959982607,0.9284765199151837,1.0256054770231156,0.4841141060633838,-1.3467367697209929,0.8511991793526129
veh_000,2025-09-04T14:02:52,-0.9576838409660906,0.8633050038992356,1.014588796880889,-0.5102389840009862,0.972766677048996,0.7498672544913696
veh_000,2025-09-04T14:07:52,-1.04540163833426,0.7972604703359899,1.0135620807033217,-0.2808442619786129,0.0684584513166614,0.3636720825249692
veh_000,2025-09-04T14:12:52,-0.9031413056642816,0.5960561370051201,1.0112122684707094,0.1668644577399938,-0.7762052864047634,0.5185362684855678
veh_000,2025-09-04T14:17:52,-1.087946786461918,0.6677042700235208,1.014466340411344,1.7872614972580112,-0.4317100024241799,1.2260370174385284
veh_000,2025-09-04T14:22:52,-0.964060927490558,0.7940445411958762,1.0138579362016888,-1.1176888617284093,-0.6725205216876868,0.9633721746108485
veh_000,2025-09-04T14:27:52,-0.9203292749177236,0.8746488433801459,1.0310443514649978,1.2126569588649003,0.1407742879111462,0.8547696360987935
veh_000,2025-09-04T14:32:52,-0.8758283524194534,0.8619402939609571,1.039258894734872,-0.327437979115626,0.4731135201596165,0.5135048245526723
veh_000,2025-09-04T14:37:52,-1.1205797896522651,0.9106463263841026,1.02756884121917,0.7998758392347752,1.2497359061968103,0.9803724597202647
veh_000,2025-09-04T14:42:52,-1.0436040447138797,0.9267165042623527,1.035018278265239,1.88474201476986,-1.3965791207687208,1.568348399268594
veh_000,2025-09-04T14:47:52,-1.208261972356992,0.8171835717024476,1.0233906921885685,-0.5590911080033253,0.3393511318411432,0.5860290319917192
veh_000,2025-09-04T14:52:52,-0.9867474091309608,0.7612779771019094,1.013333513350267,0.0166874373793296,0.3270571574423076,0.3091275685924105
veh_000,2025-09-04T14:57:52,-1.1179448075174667,0.8507071388545628,1.0247954653161957,0.6185010412631429,-0.0959939384085991,0.5430077952173903
veh_000,2025-09-04T15:02:52,-1.0201481272776791,0.829478534241428,1.0289017071122153,1.6711360128962371,0.3595044476872538,1.1491996821767376
veh_000,2025-09-04T15:07:52,-1.1099209405529282,0.8753787455631596,1.0132105704585952,1.524584312583661,0.5581584381711386,1.132381801834891
veh_000,2025-09-04T15:12:52,-0.965789678454971,0.772599866060687,1.021283991347935,1.098830358894603,1.3780839759799255,1.167097170510866
veh_000,2025-09-04T15:17:52,-1.0271623531913587,0.8470212854969588,1.0127186673097623,-0.1717107589435802,-1.1473032178136395,0.6325900782778344
veh_000,2025-09-04T15:22:52,-1.0122254866071885,0.9115521987771438,1.0022168380665346,-0.1481810421464947,0.8030159871243567,0.5154386848238612
veh_000,2025-09-04T15:27:52,-1.1252078708189042,0.750368953286722,1.004223935526536,0.8646931171106461,-0.4015464816741433,0.7536552901628732
veh_000,2025-09-04T15:32:52,-0.9174303840123952,0.8988995409446416,1.0125757061902991,0.5614050964241455,1.2150118006532802,0.8477212296461166
veh_000,2025-09-04T15:37:52,-1.071229449533492,0.6458719507236911,1.028491654313549,-0.4957935021821875,-1.642691630720295,0.9464025711698919
veh_000,2025-09-04T15:42:52,-0.9193762688872787,0.6813682165853963,1.0160739526035256,-1.6906645805466245,-0.1766933786788563,1.1015550943976742
veh_000,2025-09-04T15:47:52,-1.006587030516105,0.8694767352286767,1.0188148929503098,-1.4936972546396503,1.7144640432018874,1.4649508188704532
veh_000,2025-09-04T15:52:52,-1.0452124838668089,0.7813723735396793,1.0233724994537363,0.7158731140515765,1.7215213504647542,1.0790674620559617
veh_000,2025-09-04T15:57:52,-1.1170660654621534,0.8353353743122548,1.030913846414555,0.2219271002721461,-1.585768715058825,0.7928769339366316
veh_000,2025-09-04T16:02:52,-1.1213065615963376,0.807217665668022,1.032866079315656,0.8397663641979102,1.4199206793060997,1.0524326017539163
veh_000,2025-09-04T16:07:52,-0.9984134071311432,0.7995898708394774,1.0316999331717742,0.8491601819012996,0.3810906502923529,0.7452472726727105
veh_000,2025-09-04T16:12:52,-1.1806356935910152,0.6919901437745543,1.0085479231202257,-0.7262514453581105,1.046017977117571,0.8786407004383716
veh_000,2025-09-04T16:17:52,-1.0792217897325491,0.8406031314180963,1.0193541453680428,1.3696714062008657,-1.5477499267667416,1.353031510204064
veh_000,2025-09-04T16:22:52,-1.1278010871127435,0.9428464499577864,1.0202681420206805,-0.8925228072944781,-1.1554807345867169,0.9969592524273903
veh_000,2025-09-04T16:27:52,-1.1990885248629686,0.7445407766904758,1.0167162270804202,0.8220629485782279,1.6570875133057743,1.1115009736969301
veh_000,2025-09-04T16:32:52,-1.189228224376535,0.8578564122180974,1.0063928994630145,0.4784235092599686,1.3296021945332477,0.8393709928825615
veh_000,2025-09-04T16:37:52,-1.234213803790919,0.9052247974282656,1.0003906343667948,-0.5754121207900537,1.6564820198243435,0.9847287932156887
veh_000,2025-09-04T16:42:52,-1.1162548568586947,0.8609581319474636,0.998513124674308,0.3258383566328708,-1.189854880341842,0.7195782673538496
veh_000,2025-09-04T16:47:52,-0.9182623701265568,0.7927829995220314,0.9838610888362358,1.0975251922145353,0.5287365345120529,0.9041557742281305
veh_000,2025-09-04T16:52:52,-0.938921252736176,0.8570204205506492,0.9825600619057222,0.3468544105482186,-0.0680944276105032,0.39036754593840467
veh_000,2025-09-04T16:57:52,-0.8424397727016519,0.8292438958461625,0.984149326821702,1.1069474030455762,-0.2258231734049097,0.8180505189086014
veh_000,2025-09-04T17:02:52,-1.0172705251331526,0.8208184794902049,0.9872636376996202,-0.8883126591855453,-0.9426932239372297,0.9244170243138656
veh_000,2025-09-04T17:07:52,-1.2584826060408645,0.7242609771551292,0.9827130799977806,-0.3239070385344224,-0.0682173445174626,0.37896133862200604
veh_000,2025-09-04T17:12:52,-0.9397833285083764,0.7379984134899993,0.9861627260289696,-0.4429018108276846,0.5243568174702721,0.5759904958607178
veh_000,2025-09-04T17:17:52,-1.0320822521192154,0.8778790889074564,0.9827969128765194,1.0940031151691896,-0.2138398719404509,0.8077129017420339
veh_001,2025-09-04T09:22:52,2.7398516881765,0.3646821609879099,0.4327809291034687,-0.0768950939522891,0.0890918091341216,0.15173127553707472
veh_001,2025-09-04T09:27:52,2.5180240538314864,0.3946512194959514,0.4243327540177662,0.6778735040261997,1.1858955721475608,0.7795719744609213
veh_001,2025-09-04T09:32:52,2.632914408076134,0.3312641931068345,0.4288365863172684,-0.3400828929569437,-0.6145063939822271,0.44016068193659363
veh_001,2025-09-04T09:37:52,2.412566436588022,0.3268978590511395,0.4090855660316996,-1.5796833506892032,-0.4155170742812756,0.9963139108353242
veh_001,2025-09-04T09:42:52,2.685913068531975,0.2929399268862568,0.3941790975594958,-1.7589861705089018,1.5828499597415229,1.433183892688807
veh_001,2025-09-04T09:47:52,2.8388206669195344,0.395056630365297,0.3886275318666657,0.4683752874063939,0.7202426669899579,0.5279859501735173
veh_001,2025-09-04T09:52:52,2.5663615363558328,0.3653860744524683,0.3877733197537775,0.8087108829534226,0.1055009667782202,0.5135603954609329
veh_001,2025-09-04T09:57:52,2.663169968377567,0.2956917798759673,0.3966806251083993,1.684434130983966,0.210781131502716,0.9847875299644777
veh_001,2025-09-04T10:02:52,2.507175441348601,0.4747515139213607,0.3947822846463196,1.4492215372038857,-0.3462721733996866,0.9074488775511127
veh_001,2025-09-04T10:07:52,2.742040299970414,0.3682175774467138,0.39734419543461,1.6173348134533392,-1.1709586003718964,1.2394238259251606
veh_001,2025-09-04T10:12:52,2.5018193255491434,0.3169055385323522,0.4018318402031196,-1.6535525989708346,-0.6889431662593526,1.113825617403847
veh_001,2025-09-04T10:17:52,2.542155858399366,0.4581232758047338,0.3780781738765933,-0.839410386507775,-0.8539211161805713,0.7514971628833775
veh_001,2025-09-04T10:22:52,2.5133375593301985,0.3784950306863122,0.3763000508174384,-0.2823072550409645,0.9162606924161116,0.4912918454088034
veh_001,2025-09-04T10:27:52,2.616558953944203,0.267369644553269,0.38331276805565,0.6748233011686249,1.1943697106503282,0.7723851173905408
veh_001,2025-09-04T10:32:52,2.651962521713085,0.3828077098171663,0.403502908653209,-0.1085655994511613,1.4162183369780474,0.5598488825496366
veh_001,2025-09-04T10:37:52,2.5206260801217093,0.2652707536995652,0.3911563949784232,-0.9462272841201,-0.3258858252510516,0.64911066863105
veh_001,2025-09-04T10:42:52,2.6296826516425487,0.3611102558821654,0.38356145239677,0.9229952426474064,-1.0314196131143842,0.8476357957373724
veh_001,2025-09-04T10:47:52,2.580163757425576,0.2988282795443409,0.3890024538655234,0.1788396879841335,0.355698919878828,0.2739300107288198
veh_001,2025-09-04T10:52:52,2.5893536771858447,0.3797662131689006,0.3800765030362822,0.1807933591352148,1.6625462090806735,0.6651758428990658
veh_001,2025-09-04T10:57:52,2.7301243812568066,0.4669815639913685,0.3775712564311327,0.3621912220297937,0.7723680227770399,0.4883202691342353
veh_001,2025-09-04T11:02:52,2.480242498774397,0.3305980622368832,0.3669345307599516,0.7288740660419367,0.8123156041038919,0.6815186204041261
veh_001,2025-09-04T11:07:52,2.478210682404641,0.2825029700857387,0.369270434657499,1.6658140210813095,1.6719969888661697,1.4083601941320052
veh_001,2025-09-04T11:12:52,2.621135252483896,0.5177008089727246,0.3528831873822836,-1.3560936273664124,0.9654900193081106,1.038270456952096
veh_001,2025-09-04T11:17:52,2.543978733797632,0.4284700075030009,0.3552807146425551,-1.7589861705089018,-0.2814860260849117,1.0349950360084355
veh_001,2025-09-04T11:22:52,2.5382693259640416,0.4693255462950082,0.3490543636895292,-0.6827342115760283,1.4678658654426069,0.851537738158702
veh_001,2025-09-04T11:27:52,2.672653868841405,0.3962256559841015,0.3323314049719261,0.544601711314308,-1.3120680283458608,0.7323875451552975
veh_001,2025-09-04T11:32:52,2.619755781747696,0.2306406122111015,0.3367594061149839,-0.8603420554444199,0.8362413050162734,0.7483953004500887
veh_001,2025-09-04T11:37:52,2.667730851813706,0.3779623710146573,0.3306680884572232,1.49870310349332,1.240893227403078,1.187753137659028
veh_001,2025-09-04T11:42:52,2.599387707917762,0.3803746184626986,0.3245203284149761,0.4747030029596475,-0.3163296431226832,0.3971544600996239
veh_001,2025-09-04T11:47:52,2.554901215241786,0.4771274371254504,0.3141965829872847,-1.7589861705089018,-0.498122683866332,1.0917692070118075
veh_001,2025-09-04T11:52:52,2.8517444670809744,0.3207354698887441,0.2949810430348205,-0.3419750382689432,-0.7476984022597581,0.45429324841936314
veh_001,2025-09-04T11:57:52,2.5771285699188824,0.2580942895444413,0.3007309199241586,0.5304679214354356,0.7619467602843081,0.5539641727878419
veh_001,2025-09-04T12:02:52,2.666264823960889,0.5381695507305866,0.3024369534534902,-0.3700201235300896,-1.2181819062237071,0.6109520243228549
veh_001,2025-09-04T12:07:52,2.6578496615524347,0.2034885195594564,0.3040678880255223,-0.425542328481198,0.0094577711212077,0.2764220731820657
veh_001,2025-09-04T12:12:52,2.578707652371171,0.5041298354980606,0.2931175798270115,0.5960342996026056,-1.624397498750472,0.8439599153918467
veh_001,2025-09-04T12:17:52,2.509044984434861,0.3722788667976714,0.3051470854767424,-0.3558796537619619,1.585509455085689,0.7146220805020361
veh_001,2025-09-04T12:22:52,2.594408133175936,0.276756544717628,0.3017506910202631,-0.1028122211703462,-0.883139174387531,0.3766980011054849
veh_001,2025-09-04T12:27:52,2.4341956130889333,0.399230466171791,0.2965647530226116,-1.7589861705089018,0.3293375723003477,1.0376073075490775
veh_001,2025-09-04T12:32:52,2.6234744994878665,0.2934357892518492,0.2835003650869538,0.8557311082233616,-1.1547014864178646,0.8309760730544309
veh_001,2025-09-04T12:37:52,2.835029859270059,0.3937566305391101,0.2873468019311158,-0.1919801173519372,-0.1900842975705991,0.21048470833337143
veh_001,2025-09-04T12:42:52,2.658834983275548,0.4673155078663908,0.2821747115646945,-0.4725016898875703,-1.0533192193422145,0.6086815530593884
veh_001,2025-09-04T12:47:52,2.675448421624378,0.4891344626071405,0.2776225148177236,-0.4613909926621419,0.0633759846192085,0.30523279468037817
veh_001,2025-09-04T12:52:52,2.5715307242389995,0.4408061593744187,0.255282434963609,-0.8813500126350605,-1.544586885282471,0.9551075588949933
veh_001,2025-09-04T12:57:52,2.3635481522870903,0.2713413490187269,0.2462030909307187,-0.2276897597866402,-0.6190182100753214,0.3487909611020602
veh_001,2025-09-04T13:02:52,2.571600985844185,0.2653989298762684,0.245638039935638,1.0786668600714306,0.6956396438424156,0.7971529311755675
veh_001,2025-09-04T13:07:52,2.5048817494013766,0.4059961821308839,0.2434401607152484,0.6589611002618379,-1.678972343198344,0.8818602852334717
veh_001,2025-09-04T13:12:52,2.666512137647252,0.2650216956212039,0.2433202678356361,-0.2377050488043922,-0.015820103805375,0.17226260911093577
veh_001,2025-09-04T13:17:52,2.439426809814324,0.4172484792952038,0.2398384384929187,-1.0856973227362376,-0.7970518203865754,0.8299318951826752
veh_001,2025-09-04T13:22:52,2.709255166445459,0.1548288883259619,0.2249901548795748,-0.9818454019040516,-0.9064726139041748,0.8078625160991931
veh_001,2025-09-04T13:27:52,2.624498798583989,0.4244641171531648,0.2136785184731078,-1.1873150913488435,0.7412150076414211,0.8587577516614696
veh_001,2025-09-04T13:32:52,2.6020109716844844,0.4051283633481028,0.2118166181239448,0.2730542002410861,-1.653065522242392,0.6748100804180496
veh_001,2025-09-04T13:37:52,2.6741417017345785,0.4279752423629898,0.1957457260961595,-1.7589861705089018,-0.8608368481904165,1.1768932849308076
veh_001,2025-09-04T13:42:52,2.715240845301055,0.2663004135612078,0.1772941360251374,0.0859117785853244,1.2246795637574317,0.44581858562491916
veh_001,2025-09-04T13:47:52,2.776381570236774,0.4022585651496483,0.1736063020997188,-0.9507549530102224,-0.817797051728014,0.7554378524434591
veh_001,2025-09-04T13:52:52,2.5661669127169424,0.2667918267195481,0.1939321864722681,1.8476729864232824,-0.4520825112912821,1.0982476838934794
veh_001,2025-09-04T13:57:52,2.5038516069837997,0.4322223665213081,0.2002779761400623,0.4448299653420645,-0.9470325706005036,0.5465803490791957
veh_001,2025-09-04T14:02:52,2.6598661710951057,0.4220488551036898,0.2065967791981617,0.3385117988268553,-0.5034163922639593,0.3616001729322477
veh_001,2025-09-04T14:07:52,2.604552037657124,0.3073846367102339,0.1938993648875374,1.739685598180659,0.8333397897706263,1.1586246089990249
veh_001,2025-09-04T14:12:52,2.732433639564388,0.3791626945171533,0.2072990350861658,-0.0049712223709326,-1.1946672945698638,0.40234560657365853
veh_001,2025-09-04T14:17:52,2.486545982366058,0.3917045653497839,0.2078981291745049,-1.3786445889255887,-1.6709712840262816,1.2321933055055796
veh_001,2025-09-04T14:22:52,2.588175783744316,0.5156009401310292,0.2167696979787678,-0.0056062227228428,1.3744553940803474,0.45849366918127915
veh_001,2025-09-04T14:27:52,2.600601230600568,0.3386361018876085,0.2060308428856549,-0.1753919811893709,-1.5124019100252648,0.5826227321793958
veh_001,2025-09-04T14:32:52,2.4708220163776926,0.4018095565158505,0.2099126138686985,-1.7589861705089018,-1.6227209769094997,1.4082919011010404
veh_001,2025-09-04T14:37:52,2.695990054703351,0.4502865755029543,0.2200900310950043,0.0230935483611206,0.3976081094634251,0.17484721323858865
veh_001,2025-09-04T14:42:52,2.487525700878336,0.387070390938269,0.2238529015574109,1.3275063543074026,0.2481745720869165,0.7829761290912585
veh_001,2025-09-04T14:47:52,2.582912636534374,0.2465219601723323,0.2206870170408127,0.2094095776993746,-1.642121638312163,0.6414786837514987
veh_001,2025-09-04T14:52:52,2.5382337143209326,0.3789567031276708,0.2156872081196038,-0.6738015576099559,1.348389349725513,0.7845550253465525
veh_001,2025-09-04T14:57:52,2.555868221678792,0.3781799743270114,0.218397689174906,-1.2081004773750368,-1.0762890386266075,0.9706164881104818
veh_001,2025-09-04T15:02:52,2.740309081950852,0.2537869737300604,0.1973981748754387,-1.7589861705089018,1.3098970514079402,1.3119418356519206
veh_001,2025-09-04T15:07:52,2.5992683681588997,0.3461821363783545,0.2094442585842144,-1.7589861705089018,0.9846395466313702,1.2167738009607048
veh_001,2025-09-04T15:12:52,2.7527063900246547,0.2568210890798186,0.2056761648931342,-0.8042261655245716,1.0362457638315308,0.7541220448903718
veh_001,2025-09-04T15:17:52,2.563460375081304,0.4828635083670794,0.2239050391358412,-0.3685720234978693,1.653745974463479,0.7251908119151466
veh_001,2025-09-04T15:22:52,2.5997354628974083,0.5117201260088563,0.2229794150555988,0.1193711015414442,-0.5966451506195667,0.2832749789677118
veh_001,2025-09-04T15:27:52,2.914855778221863,0.4318920738069443,0.2159625816667364,0.9948950107951584,1.5042751873190434,0.9919225779266394
veh_001,2025-09-04T15:32:52,2.547070332826773,0.4369623085570754,0.2162709845074666,0.2735057730952059,-1.2376572941498163,0.5513042716940411
veh_001,2025-09-04T15:37:52,2.629912028384944,0.3941792370849292,0.1970541658053275,0.6789052253169557,-0.8541621768046267,0.6351120988609313
veh_001,2025-09-04T15:42:52,2.451575246966657,0.3514190170650759,0.1978873486996085,-0.7421768021152252,-0.9956737583597024,0.7093679983054448
veh_001,2025-09-04T15:47:52,2.4616128907094343,0.3205873427449412,0.1920847611464592,-0.0662418552783325,-1.5306295088253472,0.5307267325160622
veh_001,2025-09-04T15:52:52,2.495125403531679,0.4206572193391198,0.1927098131644627,-1.7589861705089018,-1.3072617857873718,1.310213583623555
veh_001,2025-09-04T15:57:52,2.594933808717329,0.3370390787252794,0.1916837731535774,-0.0468025655233318,1.3892501746236632,0.4785130897794803
veh_001,2025-09-04T16:02:52,2.6911727605716464,0.2582962594006228,0.1800565402645913,-1.159927394476315,-1.2148672772562663,0.9804351884679556
veh_001,2025-09-04T16:07:52,2.720977502761714,0.3184292658314863,0.155236956852686,-1.7589861705089018,0.4180157821448431,1.035945211268441
veh_001,2025-09-04T16:12:52,2.5402553211533494,0.3204595267674491,0.1556197235551679,-0.3432940128961515,1.2197829136767624,0.568705825262138
veh_001,2025-09-04T16:17:52,2.528396652242523,0.2803043012489536,0.1603706897432091,-1.622084768151256,-0.3043994387887136,0.9344363536608838
veh_001,2025-09-04T16:22:52,2.6064500221261677,0.3435431881420094,0.1761281162044836,-0.6676801434860764,-1.2732949529291606,0.7510541808626832
veh_001,2025-09-04T16:27:52,2.5735688556544933,0.243619491466282,0.1768217944955372,-1.1420827131745352,-1.072708312057012,0.9282182091034786
veh_001,2025-09-04T16:32:52,2.635972288578352,0.4057337285933745,0.1706492142122938,1.0141279013543243,1.21774247434573,0.9065165358233398
veh_001,2025-09-04T16:37:52,2.740161191639719,0.4034188103153178,0.1841759099607059,-1.7589861705089018,-1.1348854717294004,1.256793908765412
veh_001,2025-09-04T16:42:52,2.509249698488689,0.3671330445685963,0.1785065121731845,-0.1911754886676609,-0.0120498304765823,0.134903995911442
veh_001,2025-09-04T16:47:52,2.5791540689429504,0.3931908065015938,0.1762021477940842,0.0615442120432372,-1.2562198843262986,0.442878500878325
veh_001,2025-09-04T16:52:52,2.6411142984302205,0.4596708969732868,0.1925460880278588,0.3059423549084662,0.2054870549577836,0.25312651154713994
veh_001,2025-09-04T16:57:52,2.4807921964898534,0.3488124577273669,0.2018747822193289,0.8872446407412222,1.4410924735504975,0.9163250188796261
veh_001,2025-09-04T17:02:52,2.685031749585708,0.4000000691833689,0.2137831258066891,0.284772672970868,0.1286760382455013,0.22374577312042215
veh_001,2025-09-04T17:07:52,2.6298376543511006,0.0973416679947023,0.2175817687548523,-1.7589861705089018,-0.0865363056262411,0.9489703306932936
veh_001,2025-09-04T17:12:52,2.641459620485936,0.398829072710533,0.2060492109476332,-0.7616067545415884,-0.5173088400631823,0.5772058714792755
veh_001,2025-09-04T17:17:52,2.547643780302857,0.5549980349326183,0.2060301639160078,0.4087726764771967,-0.9620367798972516,0.5342034049909754
veh_002,2025-09-04T09:22:52,-1.0164965637857448,-0.0585467162783079,1.6061650775391645,-0.7930464264391794,-0.1223236282587591,0.7544533172050504
veh_002,2025-09-04T09:27:52,-1.0094565957206962,0.0371637361031616,1.605111637299291,0.2155646205794666,1.4581522931121462,0.8662503256832355
veh_002,2025-09-04T09:32:52,-1.1131498166660343,-0.0299600583726735,1.61607125661337,-0.4483963106457752,0.3598518977340224,0.6553679759657682
veh_002,2025-09-04T09:37:52,-0.9684333299009086,0.1031705878655433,1.60088489638872,0.2222095671573782,0.6271293519136193,0.6194205684305188
veh_002,2025-09-04T09:42:52,-0.9753934618913026,0.1180862134126037,1.5869530195913533,0.328323175892974,0.8709714152354029,0.7428436164353784
veh_002,2025-09-04T09:47:52,-0.9523428901564326,0.0354100763400621,1.582163216113175,0.892037349732112,1.545711480343963,1.2261647621918799
veh_002,2025-09-04T09:52:52,-0.8330370447225188,0.1784899935688997,1.5810745336797232,0.3509755906020186,0.7692540127236362,0.7224789058540448
veh_002,2025-09-04T09:57:52,-1.000778160084888,0.073747828293891,1.589247060697761,-0.0795066527147506,-0.5174494477508393,0.5128375728221792
veh_002,2025-09-04T10:02:52,-1.0544783290249322,0.1182568460793453,1.5892767574020994,0.3379042889427009,0.5909776454881939,0.6641007895982285
veh_002,2025-09-04T10:07:52,-1.050505175398741,0.1290790182401068,1.5930352880741416,-1.3077627960250575,-1.0102592155160888,1.2755662202821836
veh_002,2025-09-04T10:12:52,-1.0631272507074887,-0.084231811102486,1.5826673178399369,-1.0844068032693217,-1.2436093940470798,1.231819683416772
veh_002,2025-09-04T10:17:52,-1.0403806142237728,0.0323836164110399,1.5888154353524042,0.3375546648539058,1.4188593352244705,0.9121982200647749
veh_002,2025-09-04T10:22:52,-0.9718403244273026,0.1166843818599805,1.5679022454999956,-0.39834930875495,0.395188764138022,0.6313117327188806
veh_002,2025-09-04T10:27:52,-1.0093114253248003,0.0617704055677875,1.5782750628324034,1.2233379693995303,-0.3220551426141905,1.023940540050503
veh_002,2025-09-04T10:32:52,-1.0630887873278492,0.1050982774093926,1.5730375456839032,-0.0190201361523256,0.3957579707015228,0.44284496842340026
veh_002,2025-09-04T10:37:52,-1.068844290510337,0.1334517074559054,1.5797581040326,-1.015181819043678,0.1718444834737618,0.8750958753704876
veh_002,2025-09-04T10:42:52,-0.9428937287350267,0.0711967517727413,1.572195026192729,-0.9153087402995268,1.426853671479283,1.200149476832094
veh_002,2025-09-04T10:47:52,-0.9585302461332964,-0.0223556981077639,1.5765356235564385,-1.315016625189204,0.9222752488406658,1.2494980119580894
veh_002,2025-09-04T10:52:52,-1.0019340869611,0.278479887548921,1.562871154225109,1.520473358938499,0.5136884257321186,1.2269174380339067
veh_002,2025-09-04T10:57:52,-0.9717056395973852,0.0726494672315976,1.567283327965886,-0.1781433152477474,-0.9385064371772992,0.6840802543702407
veh_002,2025-09-04T11:02:52,-1.05868872691629,0.1623393033892735,1.560890505291594,-0.0805193243340677,-0.5386972137048568,0.5140469273368097
veh_002,2025-09-04T11:07:52,-0.9673094018847854,0.1900181142206831,1.5601230478518169,-0.223281572454522,-1.2901745195343528,0.8107177516579303
veh_002,2025-09-04T11:12:52,-1.0359135935105193,-0.078720569860879,1.5510663053376597,0.2193929897810679,-0.2432199542978068,0.4928757422474079
veh_002,2025-09-04T11:17:52,-0.7312970662228061,0.0102901052794579,1.5653060439866215,0.2371204142909347,-1.2141718622587128,0.7958729746204054
veh_002,2025-09-04T11:22:52,-0.969557984413593,0.0676574637953483,1.5664012896559,-0.4442130241322176,-1.3033318955893354,0.9263863386740894
veh_002,2025-09-04T11:27:52,-1.1676782647773318,0.1199672035633333,1.5636561238111657,-0.6403901108173223,0.0225816961039007,0.6397007890020645
veh_002,2025-09-04T11:32:52,-0.9332328387731832,0.0781354922119454,1.5571473452857294,1.263730472865357,-1.3600805942809382,1.351318883774106
veh_002,2025-09-04T11:37:52,-0.9633461399346006,0.1483118848979126,1.5694689392639736,1.1632222901420333,-0.2364813410113534,0.9664493352272174
veh_002,2025-09-04T11:42:52,-0.9529409294263576,0.1081501481089904,1.5585821560201614,0.7145874548290853,1.1522360031767105,1.014680959571588
veh_002,2025-09-04T11:47:52,-1.0925868189681838,0.1774954393818719,1.5669180538941756,1.5365470835014343,1.0474688683522948,1.3958978130352406
veh_002,2025-09-04T11:52:52,-1.1284419408945283,0.0409108330422479,1.5679303153364892,0.064966552200229,-1.3570254465338865,0.7531769731275781
veh_002,2025-09-04T11:57:52,-1.0491446495955472,0.0933217080138236,1.558122058740101,0.4529501987621156,-1.6828655338158705,1.042959171273839
veh_002,2025-09-04T12:02:52,-1.0880969142120118,0.0413184485810667,1.556294835017096,-0.2998373341447647,1.1215778251614017,0.797650981624222
veh_002,2025-09-04T12:07:52,-1.0227959346644917,0.0406048527364488,1.5354858402384788,-0.9518799776594168,0.1527302984497595,0.8288562464123319
veh_002,2025-09-04T12:12:52,-1.0816847199593065,0.1844080368152359,1.533849478113032,1.3286694192413415,-0.806926876741057,1.2131826682655942
veh_002,2025-09-04T12:17:52,-1.0091943398674206,0.0543251864581032,1.533887141058085,1.778322561911878,-0.430371785820681,1.3250502449137602
veh_002,2025-09-04T12:22:52,-1.2135857862180148,0.0141305910928314,1.534031273448064,0.7034924440348694,-1.3915023631400445,1.0760031856490608
veh_002,2025-09-04T12:27:52,-1.0514479917821653,0.1523262794497361,1.5442519323327837,0.1747482995700743,1.6918057663536916,0.9037662661577013
veh_002,2025-09-04T12:32:52,-0.985593235333522,0.0125106685697913,1.5511750343516864,0.0980093981276588,1.298709618338321,0.748852591435663
veh_002,2025-09-04T12:37:52,-0.8652597399436021,-0.1546273418827499,1.5371100654485783,-1.257878748736153,0.5520579819110696,1.1019787820311129
veh_002,2025-09-04T12:42:52,-1.0384515285821676,-0.071159896549134,1.527336226267221,-0.917017763996084,1.1400543917069152,1.1059924447635607
veh_002,2025-09-04T12:47:52,-0.8322979965433807,0.025756313682918,1.5237290845783358,-1.218313908341219,-0.0271043451697019,0.9220340746371872
veh_002,2025-09-04T12:52:52,-1.0246440013581275,-0.0260911414747218,1.5228872750171107,-1.689544406437174,0.2286918801861293,1.2179572222778479
veh_002,2025-09-04T12:57:52,-0.9980263240274642,0.0945756595436119,1.5270290509085371,-1.3972814877283597,0.2384833600421517,1.0755915620585328
veh_002,2025-09-04T13:02:52,-1.093149458274234,0.1181637437147439,1.5269235036653968,-1.4556872014092497,1.3649413116305482,1.4427106949268684
veh_002,2025-09-04T13:07:52,-0.9762980079827316,0.1164040222393542,1.5255247503781617,1.582918273750512,-0.0615384287740653,1.115025615583108
veh_002,2025-09-04T13:12:52,-1.0386566391425025,0.1285370725928105,1.5447100850293505,2.0308525882430826,-1.0181799558673823,1.629822297887626
veh_002,2025-09-04T13:17:52,-1.1058134523873728,0.193538243768402,1.5342107859724214,-1.3994256812719266,-0.2434459788766015,1.079588791493428
veh_002,2025-09-04T13:22:52,-0.9707978772347672,0.053122088476924,1.5277564872766356,-0.7220177247950944,-0.4547328023796581,0.8029800005667718
veh_002,2025-09-04T13:27:52,-1.1010992469010332,0.2640166898803718,1.530708120688811,0.9089675628116126,-0.984415886731684,1.0559501715630737
veh_002,2025-09-04T13:32:52,-1.031569068462853,-0.0009417414042519,1.5044002898927955,-1.4573817202746953,-1.291462276769699,1.4170096011468165
veh_002,2025-09-04T13:37:52,-1.2384721841904098,-0.0435628869741462,1.5175452913118346,-0.0639942699037496,1.1102645090754033,0.6685855459368626
veh_002,2025-09-04T13:42:52,-0.9717246214523392,0.1314064963177968,1.5086074132635556,0.52988654335922,-0.5802667027377121,0.7407447651536347
veh_002,2025-09-04T13:47:52,-1.070736644811122,0.1116779709205435,1.5142246116391136,-0.5917665550177774,1.651732872155543,1.0942480614833743
veh_002,2025-09-04T13:52:52,-1.1316379285501792,0.0698326463818298,1.5174689052076964,-0.8456377663765544,-1.248076113610039,1.1007354983128281
veh_002,2025-09-04T13:57:52,-0.9557289429712243,0.1168662626321625,1.5328652438918018,1.3166918370269511,0.3245182209255224,1.0622744335694927
veh_002,2025-09-04T14:02:52,-0.844143364000515,0.0152093183218427,1.5432315186405838,0.0534709885664691,1.474915166633053,0.7778563480012672
veh_002,2025-09-04T14:07:52,-1.1941520176613436,0.0470034075386593,1.5277607408931462,0.99312018803846,0.2515716261843973,0.8775837300531784
veh_002,2025-09-04T14:12:52,-1.0928185552517602,0.0888930002900278,1.520564068027375,-0.6742389814390732,-0.5059659669187428,0.7930220944006345
veh_002,2025-09-04T14:17:52,-1.0167900545431965,0.2160719510275556,1.5157797973415708,1.0265942346331949,-0.358122593572226,0.9238898548565795
veh_002,2025-09-04T14:22:52,-0.9331480498279596,0.0226240511318927,1.5152881197707069,-0.1382443352704791,1.1340642677345198,0.7123990719097368
veh_002,2025-09-04T14:27:52,-0.9465514096649724,0.1197021840189503,1.5211768279201383,1.5883376773541316,1.5388395112150697,1.5600560576256144
veh_002,2025-09-04T14:32:52,-1.050515524123143,0.0951809762115562,1.5149900308273945,0.0068378443220394,-1.5532363652400585,0.7723878378985161
veh_002,2025-09-04T14:37:52,-0.8505109699334599,0.0943534933798106,1.512826944738611,1.229590555066313,1.2205062768610349,1.2835125495391893
veh_002,2025-09-04T14:42:52,-1.2148446375413635,0.1325812486653386,1.513426857512056,0.2441144699769572,-0.5571543285416832,0.5918889050533946
veh_002,2025-09-04T14:47:52,-1.01525574031498,0.2394134978378492,1.5216038141758783,0.1597533196538023,-1.137155152566379,0.7253439684319904
veh_002,2025-09-04T14:52:52,-1.0524832896770056,-0.126171587413107,1.5241598873723727,0.8658402796826998,1.6004098718519504,1.2178750788714097
veh_002,2025-09-04T14:57:52,-1.0792349799515193,-0.0402107003153079,1.5145825535618145,0.0383154011037223,-0.4080087608353848,0.4444768395148394
veh_002,2025-09-04T15:02:52,-1.268185354865815,0.116519469490339,1.5220616157812037,-0.2799302351163505,1.6636997102801363,0.9434873537984569
veh_002,2025-09-04T15:07:52,-1.1128196258988654,0.1712444794452117,1.4945008910486572,-0.3806757926062784,-1.2809869920051578,0.8735341721144179
veh_002,2025-09-04T15:12:52,-0.9322666036178792,0.0024587175063182,1.4985085542923635,0.5732578194993829,1.296152907957396,0.975176492995383
veh_002,2025-09-04T15:17:52,-1.0332718780426051,0.0954456572569979,1.4837751887283217,1.2262417932482437,-1.1275978225145709,1.2481552811241574
veh_002,2025-09-04T15:22:52,-1.0691433244545665,0.0602121736475139,1.4682696761613838,0.221465959567209,-0.1105101934601839,0.4375399730539364
veh_002,2025-09-04T15:27:52,-0.983559263452096,-0.0783758627067083,1.4670413533012463,0.7577458747740168,-0.511385678594278,0.825696911625541
veh_002,2025-09-04T15:32:52,-1.12067412041638,0.1397205216577714,1.4697209937760551,0.4128845952340973,1.6373561730325104,0.9915933482820127
veh_002,2025-09-04T15:37:52,-0.9659530846405606,0.1203779411047104,1.496614537731104,-0.240959288195951,-0.2219949480772364,0.4864010360673672
veh_002,2025-09-04T15:42:52,-0.9700389996177712,0.1010140070841181,1.4913889481643698,-1.0962678235527104,1.5837988958590712,1.3215513701669503
veh_002,2025-09-04T15:47:52,-0.9801597482541798,-0.002598747328193,1.5004759729687198,-0.1316056257524596,-1.5308285086343556,0.8251465600602805
veh_002,2025-09-04T15:52:52,-0.9565574432492616,-0.0521014729622777,1.5039744183643025,1.9811909561193608,-1.1536238124177884,1.6374775054578774
veh_002,2025-09-04T15:57:52,-1.0506425851021528,0.017321000295631,1.4999033995250706,-0.2829186078577857,-0.1674819460697602,0.49168456765483504
veh_002,2025-09-04T16:02:52,-0.9210643135099892,-0.0911418638953572,1.5084553775740028,-0.4142815076891517,-0.709439419126791,0.7216636550974137
veh_002,2025-09-04T16:07:52,-1.125909478100614,0.1797128128206647,1.520813431185808,0.985065721561843,1.1450736122516445,1.1402176306935765
veh_002,2025-09-04T16:12:52,-0.9298053360546962,0.0979942937893494,1.5048873944512446,-0.0429522073379056,1.0283743445739286,0.6309658859313803
veh_002,2025-09-04T16:17:52,-0.9571787658177237,0.0778610339796976,1.50777672686236,1.522141806632357,0.7183060924117073,1.2781180764121627
veh_002,2025-09-04T16:22:52,-1.3003549501841822,0.0340991849134964,1.5061432095874856,-1.7589861705089018,-0.3499059596252088,1.2856935150595108
veh_002,2025-09-04T16:27:52,-0.8877358521577281,-0.0339390723505071,1.509480672783619,-0.9744656443437448,1.4882625450757792,1.2356077202513298
veh_002,2025-09-04T16:32:52,-0.864814614158885,0.0141848189010242,1.514066323397063,-1.7589861705089018,1.641852581237338,1.674862124305065
veh_002,2025-09-04T16:37:52,-0.952509303872499,0.0460360526910805,1.5197763707657446,-1.4906186432649315,-0.878832259408892,1.3129142736082822
veh_002,2025-09-04T16:42:52,-1.04540668285787,0.0441279692119117,1.5148986123192003,-0.6242602006437735,0.2537381239737373,0.691231259977848
veh_002,2025-09-04T16:47:52,-0.9872712973516828,0.119834799677132,1.514811359434016,0.5186531825546619,1.0447216840127345,0.8757053683679545
veh_002,2025-09-04T16:52:52,-0.7893910871100338,-0.076521079403379,1.5273212291341791,1.4116967589812366,-1.3758312300721152,1.4240619943390886
veh_002,2025-09-04T16:57:52,-0.7894370257408735,0.1502427117331924,1.5369559843349945,0.0117140369475137,0.9430918193579136,0.5961757611481298
veh_002,2025-09-04T17:02:52,-1.0339201970401697,0.0967271291925511,1.5508572761746244,0.1718816277182236,0.6092628331525434,0.5788911190397996
veh_002,2025-09-04T17:07:52,-0.9302759205435714,0.1436665320434497,1.5573522107330768,0.7613715173127572,1.5086673454269317,1.1447564044310736
veh_002,2025-09-04T17:12:52,-1.106059677293083,-0.0146213640211793,1.541126636507229,0.2300113736148008,0.0479010817967123,0.4376013386478599
veh_002,2025-09-04T17:17:52,-1.0570362265544304,-0.1992779426726235,1.5287518905709914,1.1535483491097709,-0.2467459948190389,0.9565483511147953
veh_003,2025-09-04T09:22:52,-1.4166862682768926,1.4576031206477793,-1.7690029542715355,1.566891497745832,1.3725911433769105,1.5490236827402961
veh_003,2025-09-04T09:27:52,-1.4617187871887,1.4031475718879152,-1.7639442090590784,-0.1275087402681716,0.9805379888517408,0.7107046086014237
veh_003,2025-09-04T09:32:52,-1.2551591017805896,1.421842573049608,-1.7411297841227729,0.0772475912864189,-0.4993424593729457,0.5366524902796478
veh_003,2025-09-04T09:37:52,-1.3664251425040377,1.5171305834841058,-1.748318713872406,-0.909617640859538,-0.2354420689813351,0.8751051838986508
veh_003,2025-09-04T09:42:52,-1.303142591358427,1.4355068869350005,-1.7610811348939233,-1.4388346336280462,-0.9499663757926357,1.3566234565305986
veh_003,2025-09-04T09:47:52,-1.5794551120696738,1.4416309687816655,-1.7499194755437508,-0.0315825416020992,0.8629638046837664,0.6246643073149297
veh_003,2025-09-04T09:52:52,-1.4213713322442316,1.417544312671461,-1.729124888241874,-1.5400594885284922,-1.1581736826959166,1.4633068267213958
veh_003,2025-09-04T09:57:52,-1.2312317764490084,1.4717514556177935,-1.723536209868728,0.1021588367084752,0.9082252028008664,0.6682542211682432
veh_003,2025-09-04T10:02:52,-1.3242901532246325,1.360337444945262,-1.714824913751159,-1.4521509160863286,-1.1820283665893478,1.4236489507702006
veh_003,2025-09-04T10:07:52,-1.384328018012854,1.3774275891522478,-1.715049976355884,-0.6680277736774692,0.7189534105168005,0.8927099052649516
veh_003,2025-09-04T10:12:52,-1.437697824998254,1.3342853568898705,-1.7118474744234808,-1.2192349428153346,1.0941193134422498,1.2802227603250385
veh_003,2025-09-04T10:17:52,-1.5206930082918333,1.381850497640975,-1.7180442195788792,1.3670181037349045,-1.0834012776576305,1.3521382790805172
veh_003,2025-09-04T10:22:52,-1.4234739550118167,1.476063161675336,-1.7389498595386748,-0.0626332677102507,-0.6146652551799758,0.5635061823168531
veh_003,2025-09-04T10:27:52,-1.3889791623253285,1.4379534345106288,-1.7335118298442962,0.9182105270898696,-0.4257062814724941,0.9335195139555423
veh_003,2025-09-04T10:32:52,-1.5709040411800668,1.4505484029090776,-1.7406041828692416,1.353308104004049,0.5074810394283805,1.1770192004043871
veh_003,2025-09-04T10:37:52,-1.5961880612982384,1.319775450389552,-1.7678839596515206,-0.2621917179681404,1.4130000542017462,0.9085726671748982
veh_003,2025-09-04T10:42:52,-1.444800486530092,1.5273848935820462,-1.7559933393108371,-0.1955958230302867,-0.0577580382823088,0.46632399086200343
veh_003,2025-09-04T10:47:52,-1.3403633758006308,1.481073685190147,-1.752923838427117,1.0079367356779931,1.1675534559378615,1.2048191723057784
veh_003,2025-09-04T10:52:52,-1.2008651272582722,1.3470734153277129,-1.7454907321017574,-1.7589861705089018,1.7069281800884823,1.7406696857013473
veh_003,2025-09-04T10:57:52,-1.250227959299438,1.4088661759511667,-1.7371577863223886,0.2300184547625503,-0.7706762768292271,0.693643667694521
veh_003,2025-09-04T11:02:52,-1.2655182498343271,1.411010568671328,-1.7548246451578362,-0.8568325913194691,-0.6744871030095151,0.9817273555941564
veh_003,2025-09-04T11:07:52,-1.3625965443945698,1.2933215691463138,-1.7620109107768758,-0.6253781370771492,-0.3111338371022363,0.7584314018246208
veh_003,2025-09-04T11:12:52,-1.540185488120796,1.3763591505659925,-1.7692395192591863,0.7885735813242084,1.0836022671107288,1.0732153746471602
veh_003,2025-09-04T11:17:52,-1.4168649976228782,1.3972653499825944,-1.767851317895975,-0.8707657181395861,1.0920764474535605,1.1165760568850562
veh_003,2025-09-04T11:22:52,-1.4965063878608034,1.375789277268184,-1.7793942434347545,0.1517633456779553,-0.2188212194607703,0.4974068873641597
veh_003,2025-09-04T11:27:52,-1.561357210757513,1.434168661340314,-1.781576245735558,0.3392612481884444,-0.3948694097854137,0.6444066961769579
veh_003,2025-09-04T11:32:52,-1.5479736461393447,1.320273011987092,-1.7812843318633913,1.0573594908486128,1.7043834072209134,1.396251633963259
veh_003,2025-09-04T11:37:52,-1.3675873499956956,1.537181371731941,-1.782802514992973,0.5573155374603048,-1.381071364334684,1.0495396810291524
veh_003,2025-09-04T11:42:52,-1.414213903672608,1.288557456582298,-1.8060609504225,0.9674863628839684,-1.0181481895035516,1.1503998283775496
veh_003,2025-09-04T11:47:52,-1.4479148333014145,1.3092991136132022,-1.820049383421625,-0.1991998091089923,0.6690895158262947,0.6643366359867096
veh_003,2025-09-04T11:52:52,-1.3643547775643805,1.4719779236765491,-1.8168662059600185,0.2317376576869261,-0.846393132657302,0.7331600098326574
veh_003,2025-09-04T11:57:52,-1.5092757615826118,1.4270861249653508,-1.805628690977623,1.3036928008255952,-1.0008749487791946,1.3132346232420806
veh_003,2025-09-04T12:02:52,-1.4335614912371255,1.5520870376619669,-1.8005879936450573,0.1864560831493621,1.409579408196917,0.8762194627627676
veh_003,2025-09-04T12:07:52,-1.4407240550243543,1.4574420029407875,-1.803091819458007,-0.0620534072793829,-1.224261143671187,0.758923410632649
veh_003,2025-09-04T12:12:52,-1.4702253172961657,1.4790186512006336,-1.7741793428861654,-1.7589861705089018,-0.3236944004236162,1.3314372739587688
veh_003,2025-09-04T12:17:52,-1.4784578799671044,1.4830235823055171,-1.7737174421128146,0.7784609894853213,-0.9655149304604406,1.0336284623033558
veh_003,2025-09-04T12:22:52,-1.3829565530364842,1.532088673816259,-1.7969754269798148,1.6442233412137337,-1.5123463662679142,1.6352106658832042
veh_003,2025-09-04T12:27:52,-1.2941910650244692,1.3240338206150288,-1.8052175677868905,0.1349189986624294,-1.2472556947564468,0.8026797213155269
veh_003,2025-09-04T12:32:52,-1.373868948741079,1.5278834728319803,-1.8227304732452851,0.9999324560901848,1.3041436895903855,1.2557554295712652
veh_003,2025-09-04T12:37:52,-1.4226767557429272,1.3018088229211535,-1.8177396833173185,-1.7589861705089018,-1.2828797236015834,1.6279049389983897
veh_003,2025-09-04T12:42:52,-1.551834011338756,1.436674702237661,-1.818921967796836,1.2044300586863796,-0.337649872583724,1.0672943846776743
veh_003,2025-09-04T12:47:52,-1.471836071954368,1.3871309551262836,-1.806293586287984,0.5427863103301733,0.626712718335949,0.8206656879234682
veh_003,2025-09-04T12:52:52,-1.4259514481797853,1.2933110563622223,-1.8024394996940556,-1.7589861705089018,0.7762558336860761,1.472857735299085
veh_003,2025-09-04T12:57:52,-1.3893525929745474,1.6430988449969277,-1.813354040942402,-0.1248317825281141,-0.0688989727887505,0.44575639128916267
veh_003,2025-09-04T13:02:52,-1.2828078052333751,1.3703578455375234,-1.811132040456196,-0.0154759876170118,-0.716244167784671,0.5848376522351464
veh_003,2025-09-04T13:07:52,-1.4722914046976128,1.424044332169372,-1.82698645813039,0.12361908161794,-0.6573704018994787,0.6244179530048917
veh_003,2025-09-04T13:12:52,-1.42504647123686,1.2890760728549435,-1.8171791468805432,0.3633099459655774,1.143628892118023,0.8881794699943042
veh_003,2025-09-04T13:17:52,-1.4303779845542193,1.2991944197249927,-1.8273523306288693,-0.5794986524874969,0.004986534294428,0.6567157526578508
veh_003,2025-09-04T13:22:52,-1.466358778362011,1.4885799387163323,-1.832693012857433,0.2415036553840286,-0.3331006334709933,0.5872206203047989
veh_003,2025-09-04T13:27:52,-1.3147213787258891,1.384635579060867,-1.8482942034477547,-1.461498183378347,0.8588665466629576,1.3580678963776118
veh_003,2025-09-04T13:32:52,-1.3843596742111712,1.3214521430567396,-1.8442244540877373,-0.5042241405036274,-0.8469926213841574,0.8750547474846084
veh_003,2025-09-04T13:37:52,-1.576456818940034,1.4499594169480194,-1.8554149748918085,-0.5330967382831415,0.4821231173056848,0.7822682993116379
veh_003,2025-09-04T13:42:52,-1.635370677887301,1.4528957108147698,-1.836536063180913,-0.4913412463350197,0.4987561571553925,0.7626046829503103
veh_003,2025-09-04T13:47:52,-1.2994965757823511,1.417442183681625,-1.84229982012878,-1.7589861705089018,0.2879651431022227,1.3343425922108738
veh_003,2025-09-04T13:52:52,-1.4135925619101886,1.3423623061670389,-1.8410438430707228,-0.6274250114418078,-0.5522212701365643,0.8475876553760179
veh_003,2025-09-04T13:57:52,-1.3414651895365202,1.3135505546521316,-1.830653336327096,-1.4779411678248575,-1.4415420840191842,1.5375638763836033
veh_003,2025-09-04T14:02:52,-1.2094676837421692,1.5316731240081112,-1.829684998563183,-1.0002805462175903,0.2935252876431595,0.9541348591143797
veh_003,2025-09-04T14:07:52,-1.3949011766414363,1.4352650980663766,-1.8305865370202576,-0.0497804558251858,0.0953987686541335,0.4196271659128845
veh_003,2025-09-04T14:12:52,-1.546808661524339,1.386254475460966,-1.8215124716197035,-1.4472727921310058,-1.1060434318251766,1.4197519199369966
veh_003,2025-09-04T14:17:52,-1.4844292833407453,1.4417959554859827,-1.825368135470281,1.5260937244597232,1.1861578790746787,1.4839678530463214
veh_003,2025-09-04T14:22:52,-1.5337582800334444,1.4913235118275463,-1.83305352442954,-0.6204412312869115,0.9234929380569192,0.9538792019464396
veh_003,2025-09-04T14:27:52,-1.4515459237442565,1.5109290183406088,-1.8407375066306693,-0.6642729909732465,-0.6788523264769776,0.9039396947558505
veh_003,2025-09-04T14:32:52,-1.4589536887222894,1.5291817672884953,-1.8344991634917869,1.7690745195156172,0.3961259754182087,1.3702748850816286
veh_003,2025-09-04T14:37:52,-1.5055787891939636,1.438175115084694,-1.846168349919644,-0.8300486658961688,0.6424505397560202,0.9769931648588193
veh_003,2025-09-04T14:42:52,-1.508229239865677,1.338894316504159,-1.8475998078845468,-1.288856532942376,-0.9265356215821692,1.291908914522748
veh_003,2025-09-04T14:47:52,-1.4942539553597998,1.6804841527657524,-1.852078032583526,0.0576828063373649,-0.073592613947565,0.4213347938696572
veh_003,2025-09-04T14:52:52,-1.231207808405949,1.5309783409989597,-1.8491323042071752,-1.424775286507119,0.1176692301702933,1.1175148731460827
veh_003,2025-09-04T14:57:52,-1.514673064653054,1.5613077383522334,-1.841104212351715,0.0821547155472858,-0.0427883581955891,0.42213470770266265
veh_003,2025-09-04T15:02:52,-1.500836756639097,1.492786054814893,-1.8290710869446285,1.1413540406344225,-0.148525358586366,0.9810488452820467
veh_003,2025-09-04T15:07:52,-1.3720159160868026,1.5217796409502526,-1.84552357943328,-0.0258240746962392,-0.2120416314822936,0.44562924267946374
veh_003,2025-09-04T15:12:52,-1.4323994828562556,1.2681009042784548,-1.8487548589286784,-0.3595509797919146,-1.158650844278161,0.8971217149651414
veh_003,2025-09-04T15:17:52,-1.4587364099265796,1.392756263743571,-1.8491487884358444,0.4447348636502224,0.5025816762017749,0.7429716923728127
veh_003,2025-09-04T15:22:52,-1.4433153730101234,1.4401155080764956,-1.868206363692651,0.4808664153510293,0.0206844728966812,0.6202798222830492
veh_003,2025-09-04T15:27:52,-1.398267823277611,1.5169336449011042,-1.887580417718056,-1.7589861705089018,-0.7065582578595763,1.468976646155935
veh_003,2025-09-04T15:32:52,-1.402960664952147,1.44699983142036,-1.8921652209333253,0.6765867030808302,1.69142949120361,1.224155243088163
veh_003,2025-09-04T15:37:52,-1.3537269166221004,1.408872488963443,-1.913075792073348,0.7861735006505418,-0.9896308504142464,1.0725911638642145
veh_003,2025-09-04T15:42:52,-1.337628814644465,1.3541313371718469,-1.9063910188399988,0.8815617596239724,1.675552860799467,1.3247249418198261
veh_003,2025-09-04T15:47:52,-1.490079093368766,1.4119132500662166,-1.898977267326987,0.0424200470284487,-0.5907895452751769,0.5782423405621748
veh_003,2025-09-04T15:52:52,-1.3606810085452374,1.4831349601917183,-1.898104579723101,0.2118688812970507,-0.2925761085659226,0.5733281891629224
veh_003,2025-09-04T15:57:52,-1.2540465349359613,1.3522692461960513,-1.9039314404853909,-0.0060867771855155,-1.041274949052661,0.6962121614056342
veh_003,2025-09-04T16:02:52,-1.552362072989053,1.316035051673205,-1.9241479236045032,0.0165966735097765,0.2040025965904223,0.4543287004529156
veh_003,2025-09-04T16:07:52,-1.440799162366403,1.4904521827803556,-1.930512725164508,0.2240906230614207,-0.7469961400219618,0.7222466985702005
veh_003,2025-09-04T16:12:52,-1.334866275956741,1.473976235660887,-1.9373774600078209,-0.1937812587555127,1.2090744405100382,0.847088453532332
veh_003,2025-09-04T16:17:52,-1.362810305660777,1.3083685169512358,-1.930873015762208,-1.1508233469767752,-1.439862680508885,1.3935450807934946
veh_003,2025-09-04T16:22:52,-1.2995790685978863,1.4575894161572789,-1.929313094942024,-0.2359729355479642,1.3969629449681205,0.9229379702528231
veh_003,2025-09-04T16:27:52,-1.4394184956382892,1.4527845815182212,-1.920662557672312,-0.6045700987955047,0.7864169427432739,0.922342643755197
veh_003,2025-09-04T16:32:52,-1.5219848989531328,1.3377809878870464,-1.938802227804283,0.7449985528807339,-0.057648000337267,0.7775541221024037
veh_003,2025-09-04T16:37:52,-1.259354885799912,1.2881000252938692,-1.931610881078896,1.4683266246069056,0.7407080793190363,1.342697912314943
veh_003,2025-09-04T16:42:52,-1.3920768612769252,1.254324704267107,-1.92896456817868,-1.128828264797697,0.963121671322222,1.2391435474312513
veh_003,2025-09-04T16:47:52,-1.5587611432307102,1.4799677403752065,-1.9188002881337856,-0.8358726057952447,0.3725021059012695,0.9134469922947603
veh_003,2025-09-04T16:52:52,-1.6183931425171392,1.408378425334624,-1.9245703325287835,-1.6381518257455283,-0.2734596712678415,1.2860278807588732
veh_003,2025-09-04T16:57:52,-1.4473576856418446,1.3367846283070874,-1.930072293969868,1.1017904087407266,1.4844729620883728,1.3822515517908487
veh_003,2025-09-04T17:02:52,-1.4152825778391829,1.4867126387334475,-1.941589803235692,0.0162569662739564,0.916657107355786,0.6714435759908525
veh_003,2025-09-04T17:07:52,-1.44934930766118,1.4704669955718053,-1.9493325519392224,0.5151225173808324,-1.4181835381322967,1.0728828305179496
veh_003,2025-09-04T17:12:52,-1.6946987512811718,1.5372418526358054,-1.9795683817255971,-0.6612455020561941,0.2648939436685246,0.8060046104737739
veh_003,2025-09-04T17:17:52,-1.4340558630477904,1.3022448714605153,-1.9904194429739492,1.055400210851441,1.2097096082258545,1.2886968764882667
veh_004,2025-09-04T09:22:52,-0.1217546481931329,-0.9855480410687336,-0.1737157273965458,0.7477141466998678,-0.9360416366857508,0.6894127098349684
veh_004,2025-09-04T09:27:52,-0.1037570850888347,-0.9719215634541224,-0.160882701631581,-1.42821971585688,1.2457882657689687,1.1200228779854469
veh_004,2025-09-04T09:32:52,-0.0666339746146371,-0.9983492964483572,-0.1676019981698894,-0.8551386226595158,1.4745779843887208,0.903463106280352
veh_004,2025-09-04T09:37:52,-0.0537895081055885,-1.004186081035152,-0.1892336024219398,-0.4142710024326142,-1.3832522834099377,0.6599579067236764
veh_004,2025-09-04T09:42:52,-0.1387018536210399,-0.9759834657035686,-0.1978770134290269,2.0731466586976866,0.8851266519955971,1.341686727633328
veh_004,2025-09-04T09:47:52,-0.0386971326222291,-1.052705634149026,-0.2043650389935266,0.2073945115081897,1.1884141507047894,0.501094508764237
veh_004,2025-09-04T09:52:52,0.0277391523161128,-1.001955176031565,-0.2072061025256059,-0.6299026530400313,1.3328316579566548,0.7562420444121333
veh_004,2025-09-04T09:57:52,-0.1275066155783376,-0.9195265791227444,-0.2095487698614281,-0.7848920443427646,-1.523131332717176,0.8912951759588208
veh_004,2025-09-04T10:02:52,-0.0393971567486389,-0.903401862759892,-0.2138193847146254,0.8147061524292096,0.0945510411924816,0.4784822655152744
veh_004,2025-09-04T10:07:52,-0.0940431694410971,-0.8863019219443462,-0.1969873995378951,-1.4180398100252296,0.5359021552241426,0.9091880314874367
veh_004,2025-09-04T10:12:52,-0.2530905951230039,-0.8763426604750907,-0.1813608647592489,0.4930216017517135,-0.3411608905927701,0.3851312410055376
veh_004,2025-09-04T10:17:52,-0.1194823725833453,-0.8928164699421116,-0.1838616020425598,-0.8387947936024143,-1.610206295106955,0.9392316057418055
veh_004,2025-09-04T10:22:52,-0.0434079662145893,-0.9634320470168376,-0.1918607946510196,-1.4388190353386687,0.9841637427020312,1.0530307994101475
veh_004,2025-09-04T10:27:52,-0.0086262726716518,-0.8750699409717686,-0.1822852536016351,0.0742437164202694,-0.7136658586962362,0.28767866653933266
veh_004,2025-09-04T10:32:52,-0.0328357483210952,-0.9036607073853906,-0.1875515834816492,2.295898296086498,-1.5402673487664145,1.6475396693695035
veh_004,2025-09-04T10:37:52,-0.1300517811413558,-0.8571698310226638,-0.1850529137540781,-1.4853652479245725,1.682461095715852,1.2844315354278573
veh_004,2025-09-04T10:42:52,-0.0727393144353375,-0.9938374719931816,-0.173258882366246,0.6361737834902337,-0.0489013620625449,0.36740907683712953
veh_004,2025-09-04T10:47:52,0.1148703055022658,-0.8372848094583977,-0.1733600389229865,1.643979376162004,-0.7784345816285544,1.0901920703541659
veh_004,2025-09-04T10:52:52,-0.0661114940227507,-0.953974023410436,-0.16758744971915,0.4804148719144244,0.0281961309804022,0.2821837651951629
veh_004,2025-09-04T10:57:52,-0.1424939401107675,-0.8840691716811564,-0.1682799295901135,-1.410849249491574,-0.1564487286978998,0.7860152292731798
veh_004,2025-09-04T11:02:52,-0.0066382607114944,-1.1257296392347318,-0.1662420337492115,-0.51709138947254,1.644549407683332,0.7851589237911119
veh_004,2025-09-04T11:07:52,-0.1127673569157711,-0.8372240501078391,-0.1701798507550921,0.1012850436044887,-1.0021671773206555,0.3853286451494594
veh_004,2025-09-04T11:12:52,-0.1096683128733131,-0.8074063057614845,-0.1800384144851317,0.2902411034498521,-0.4736227182075342,0.3232150500842127
veh_004,2025-09-04T11:17:52,0.0028740761511376,-0.7260315465894954,-0.1876125628627462,-1.4585728256982806,1.222133771078514,1.1334490567452438
veh_004,2025-09-04T11:22:52,0.0029146857688332,-0.8515159875797554,-0.1865980655802415,-1.1908897140349013,-1.551745252130888,1.0982880457727653
veh_004,2025-09-04T11:27:52,-0.1860753991930204,-0.7930406429733569,-0.1582491685480613,0.3653224456952721,1.0664063021045411,0.5342329471886107
veh_004,2025-09-04T11:32:52,-0.1127063594682907,-1.05569695867512,-0.1642288001731829,-1.159479553071742,1.7000543437150095,1.1226018396850104
veh_004,2025-09-04T11:37:52,0.10937419177287,-0.8714251477245247,-0.1604618864087224,-0.3404478700842111,-1.078093441926623,0.525744344901837
veh_004,2025-09-04T11:42:52,0.0334021799155695,-0.8984235357351608,-0.1551968253376481,-0.222360638396158,-1.5497650792017532,0.6071492080261346
veh_004,2025-09-04T11:47:52,-0.2043422831136652,-1.0705174053745738,-0.1577918038823563,0.0414657000584479,-1.0268556154949129,0.36034789545416906
veh_004,2025-09-04T11:52:52,-0.0667522847417308,-0.8908079217231429,-0.1791817482707892,-0.973735482667914,-1.3787214907567742,0.9363205382151472
veh_004,2025-09-04T11:57:52,-0.0244926332238673,-0.9976186503779064,-0.1776097712748228,1.0506999191253088,1.480904406438702,1.0051432357492296
veh_004,2025-09-04T12:02:52,-0.0728487107568241,-0.9369607900242342,-0.1838535530619258,0.4712377380525464,0.9225802344025394,0.5491636499594202
veh_004,2025-09-04T12:07:52,-0.0001969968239826,-0.8838972063449285,-0.1757305241511031,0.0812702419671465,1.0645465945289438,0.39514520417247706
veh_004,2025-09-04T12:12:52,0.0240057547063552,-0.966732503183612,-0.1936692797123738,1.5951576420231168,0.9407650505240144,1.1185421921112375
veh_004,2025-09-04T12:17:52,-0.2351770120505973,-0.9587084229502676,-0.1860114472079255,-0.3097861098792715,1.0400827786576277,0.5041201779785092
veh_004,2025-09-04T12:22:52,0.0771453210919834,-0.9882074389972278,-0.1939299966232501,0.2033027065336124,-0.2726169065085678,0.2222224245440266
veh_004,2025-09-04T12:27:52,-0.0135366460751069,-0.8149535531076154,-0.1919598807233224,0.4937691044862936,-0.2353709376448042,0.35588780968125255
veh_004,2025-09-04T12:32:52,-0.0570104651517791,-0.8860503244308163,-0.1898258732658853,0.7896252755224065,-0.5670694838618435,0.6028986575729334
veh_004,2025-09-04T12:37:52,-0.0588632553496292,-0.9671393685539588,-0.1891545007836924,-0.0468394784610842,-1.1671104257610208,0.41138376711558683
veh_004,2025-09-04T12:42:52,0.1579128133166196,-0.9418966236108924,-0.1849649344140165,1.0988204445541363,-0.8094162725559344,0.8292280909266518
veh_004,2025-09-04T12:47:52,0.1710779075515097,-0.9290048349269404,-0.1817496168350309,-0.8521993518668662,-1.2001722633826053,0.8225012783152209
veh_004,2025-09-04T12:52:52,-0.0383399440763863,-0.8206977042703518,-0.1785838490200607,1.2980245167731232,-0.7864806486801162,0.9206732227946086
veh_004,2025-09-04T12:57:52,-0.0965967163598214,-0.6563646330023827,-0.1746725827475372,-0.7693172492507683,-1.484007162536615,0.8647952899358761
veh_004,2025-09-04T13:02:52,-0.1578017987201971,-0.812712709775308,-0.1782876018056706,0.1155100047463981,-0.8031589563787465,0.33436020964795715
veh_004,2025-09-04T13:07:52,0.0100375855265533,-0.9704671191548075,-0.1889584487235302,0.2167926242179735,-1.0506086439144888,0.4613705950280395
veh_004,2025-09-04T13:12:52,-0.0299590239972668,-0.96716836126181,-0.182237062227926,-0.7947901111909557,-1.1518044854456717,0.7793838136747645
veh_004,2025-09-04T13:17:52,-0.1579294808872768,-0.7804606560125193,-0.1759528316040456,0.6145639354514111,-1.3854440899761404,0.7581057610393569
veh_004,2025-09-04T13:22:52,0.2186780449989641,-1.0467634877746348,-0.1832783303769141,-0.6613772147427228,-0.4738032259537946,0.5094852412328826
veh_004,2025-09-04T13:27:52,-0.1713261486642214,-0.9220706792633452,-0.1953483624638378,0.3325048984325289,-0.8210558554343385,0.4516388783393336
veh_004,2025-09-04T13:32:52,-0.0150719446375338,-0.8506485777576799,-0.1893658786212962,-0.4077223526478053,-0.5288586189867239,0.40039193774417914
veh_004,2025-09-04T13:37:52,-0.0397938804292157,-1.0603209628374437,-0.1993105362468685,-1.7589861705089018,1.3027428266871184,1.3101780405099601
veh_004,2025-09-04T13:42:52,-0.0755073414864642,-0.9370005432141588,-0.1793599620409257,0.5560412121855824,-0.6725477580645568,0.5156569259203434
veh_004,2025-09-04T13:47:52,-0.1566382294353239,-0.9839487075794212,-0.1789948114586181,0.1632019547054899,-1.0131580805121183,0.4213473637981041
veh_004,2025-09-04T13:52:52,-0.0813722729248353,-0.8943181126596683,-0.1811293251886825,-0.8674381808882936,0.1355610739540134,0.5106132776680874
veh_004,2025-09-04T13:57:52,-0.0810266206075411,-0.8875306513851549,-0.1751291348920828,1.1117704926768075,0.094904505885317,0.6193824250824155
veh_004,2025-09-04T14:02:52,-0.1090267471772536,-0.8568473140097772,-0.1690688889397189,-0.4712405112257075,0.6960783483702963,0.4782575379118864
veh_004,2025-09-04T14:07:52,0.0349094368813426,-0.7812985520696,-0.1514260113656935,-0.9228422536642218,-1.2531518046217738,0.8676518704917817
veh_004,2025-09-04T14:12:52,-0.0621654918097382,-0.904238674305572,-0.1578674056948898,-1.5697584757506569,0.4595802885994896,0.9543268055941533
veh_004,2025-09-04T14:17:52,-0.1403254163771568,-0.8879558449094952,-0.1657451812649236,-1.1665460012577769,-1.5604359421564638,1.084552819528812
veh_004,2025-09-04T14:22:52,-0.0481658968111096,-0.8443188530284688,-0.1440590352613103,0.272161692042856,-0.2520083919628601,0.24049517066254816
veh_004,2025-09-04T14:27:52,-0.1713239512636724,-1.0094045863669645,-0.1283556455949905,-0.98246535274916,-1.3655903565029055,0.9265809124444497
veh_004,2025-09-04T14:32:52,-0.0672158563417804,-0.9035414962644666,-0.1373094917443398,-0.3362171084891773,1.6293549470839843,0.684376936718652
veh_004,2025-09-04T14:37:52,-0.1440987019268484,-1.0188491719184816,-0.1279579378190883,0.4968127321607878,-1.5498898210831298,0.7389648999691505
veh_004,2025-09-04T14:42:52,-0.2219117591614736,-0.9614333755497168,-0.1285006653315642,1.200390598201864,1.5502735369391296,1.0909774932489837
veh_004,2025-09-04T14:47:52,-0.0717694055227552,-0.8358387051171058,-0.152125427315772,1.0625892378874844,-0.5778563992292091,0.7350766241756594
veh_004,2025-09-04T14:52:52,-0.0300128413234339,-0.8737410113799529,-0.141365150668996,0.5580698008055485,1.7075595779509227,0.8195758039218503
veh_004,2025-09-04T14:57:52,-0.1419719164382729,-0.8833371292292675,-0.1432995632079308,0.4814678352031843,-0.704578854961003,0.48076748673147923
veh_004,2025-09-04T15:02:52,-0.002297507024277,-0.914518010863466,-0.1616172345148921,-0.4934758286460429,-1.5735196367375246,0.7511172522472573
veh_004,2025-09-04T15:07:52,-0.1726157928903465,-0.83971950064747,-0.1526049849978382,0.1149922809065477,1.6769460047069755,0.5911009388649342
veh_004,2025-09-04T15:12:52,-0.1914272186713805,-0.7287080098636132,-0.1580272343430163,-1.7589861705089018,0.2942005850426497,0.9993587076358491
veh_004,2025-09-04T15:17:52,-0.0619571783643314,-0.7978183631433717,-0.1552795030525079,0.4615617264397396,0.6669072613745501,0.46190894224273643
veh_004,2025-09-04T15:22:52,0.0066286015998332,-0.6940982565011113,-0.1456460640909594,-1.6687868078744716,-1.1039809191684582,1.1947168925059652
veh_004,2025-09-04T15:27:52,0.0511398024216404,-0.7891703483082778,-0.1498784495170881,1.1996303166842224,-1.4582685260921828,1.0672714060731836
veh_004,2025-09-04T15:32:52,0.1946043132806065,-0.9619091545727922,-0.1549124151059732,-0.3374143317824345,-1.4927337941191663,0.6475097871481619
veh_004,2025-09-04T15:37:52,-0.1525226039378554,-1.1399530996759948,-0.1592251066834101,0.3683597416969651,1.0274775902391864,0.5242681692569205
veh_004,2025-09-04T15:42:52,0.130730030434485,-0.894379705694567,-0.1464166942764859,0.2555808009105301,1.1474080998055471,0.5012961692522264
veh_004,2025-09-04T15:47:52,-0.0353015374793518,-0.7744783401272319,-0.1458617150810955,0.5008080358548254,0.651404813668436,0.4749978050441626
veh_004,2025-09-04T15:52:52,-0.092197343824438,-0.8597376447939785,-0.1236941733028988,-0.3000899928557932,-0.1088030908750689,0.20742475835099705
veh_004,2025-09-04T15:57:52,0.0627989459414067,-0.7946945440260355,-0.1235779336958359,-1.7589861705089018,-1.1734524216463065,1.25624439848751
veh_004,2025-09-04T16:02:52,-0.2858031840290309,-0.7655302393154044,-0.1218965685664265,1.0269470682188442,1.2052368826060655,0.8994239126045271
veh_004,2025-09-04T16:07:52,-0.2189383260576896,-0.8724962502337414,-0.1222299512393573,-0.5311527749898718,0.914039011622484,0.5642340812295525
veh_004,2025-09-04T16:12:52,0.2141453085753728,-0.8217396482253122,-0.1118177835887447,0.8642247107656685,0.3340696571790516,0.5546968092542988
veh_004,2025-09-04T16:17:52,-0.0823512001415743,-1.0773300166304915,-0.1136887631426662,0.8305792195955193,1.6947246302397787,0.9464447514982265
veh_004,2025-09-04T16:22:52,-0.0809771719251784,-0.9567578707600448,-0.0987869992918693,0.7655071580249034,0.3487710958160582,0.507142307615643
veh_004,2025-09-04T16:27:52,-0.0009792336151686,-0.8988580699870278,-0.0968270260983689,-1.2559083176352002,-0.8416492337341066,0.8998143341575059
veh_004,2025-09-04T16:32:52,-0.048250148367978,-0.8669023162751269,-0.0848298063307122,1.6242494337469235,0.6400906278223494,1.0211178664863092
veh_004,2025-09-04T16:37:52,-0.1633501218174209,-0.9267248080147916,-0.0800643676830433,2.627902392761297,-1.3188701937686016,1.7256251280478376
veh_004,2025-09-04T16:42:52,0.0489258733052438,-0.9298672154039948,-0.0888266686305342,0.8067275035523004,-1.262425224787452,0.7998566529384926
veh_004,2025-09-04T16:47:52,-0.0871998633760571,-0.9057163672354758,-0.0730232481857865,-0.3881714516709074,0.7894311884022073,0.4455197319932732
veh_004,2025-09-04T16:52:52,-0.0127244418754131,-0.9573994025931998,-0.0726003020560024,-0.1081586604541727,1.1388643316175229,0.4102586901235437
veh_004,2025-09-04T16:57:52,0.0159372418101052,-1.0311623263552074,-0.0777296454947665,0.697153833022104,1.577880711531697,0.8374870590695144
veh_004,2025-09-04T17:02:52,-0.2245824458247609,-0.8364216053107814,-0.066587325234092,-0.0645783842874553,1.7166211664403308,0.5605930071226453
veh_004,2025-09-04T17:07:52,0.0074788837192751,-1.0423989593994982,-0.0635237005441992,-0.9448339850855656,0.2639659845978973,0.5643115280309919
veh_004,2025-09-04T17:12:52,-0.1075985370192355,-0.911777707830301,-0.0699149470570178,0.5975431832964362,0.5563538652750899,0.47966074064214864
veh_004,2025-09-04T17:17:52,0.0349701426208481,-0.8706899761777024,-0.0768354732400894,-0.9223446375269558,-1.339644850353041,0.8784328685174081
veh_005,2025-09-04T09:22:52,-0.4172432936806096,-2.018937488614259,-0.957634459248952,-1.7589861705089018,0.8177807574329595,1.3163542043341292
veh_005,2025-09-04T09:27:52,-0.2522598734547934,-1.819209582148248,-0.9650255002770408,-0.6780015928043993,-0.1632750988178732,0.5809884261029699
veh_005,2025-09-04T09:32:52,-0.5968334939168126,-2.103874558668431,-0.9678106809513684,1.6018423066460274,-1.5128790561801095,1.4483470063673203
veh_005,2025-09-04T09:37:52,-0.3534175919199321,-1.8389341648033384,-0.9469080928575389,-0.620286699424267,0.0375387275374716,0.5107865865448828
veh_005,2025-09-04T09:42:52,-0.1808717592337415,-2.0738866376654737,-0.936713370995663,-1.0815547437795976,-0.3777388946427763,0.8414417144817643
veh_005,2025-09-04T09:47:52,-0.3878598053772218,-2.0239778045148693,-0.9464668113825596,0.2712472714935581,-1.5109550674632528,0.7782035182622667
veh_005,2025-09-04T09:52:52,-0.3765430569098017,-1.933028446000436,-0.9408001434111308,-1.032763509161272,-0.9627646740207528,0.9933711854690881
veh_005,2025-09-04T09:57:52,-0.2813958111831226,-1.7089103195202755,-0.9445315060488002,-0.4961930232484601,1.5558050193283912,0.9037443186325076
veh_005,2025-09-04T10:02:52,-0.281419764244988,-1.986565314609044,-0.9485313183012544,0.5478369913966376,1.51000727654779,0.9166269423229068
veh_005,2025-09-04T10:07:52,-0.4046936401386061,-1.931305252493826,-0.9386505233214744,-0.6492815110177205,-1.2774095306866815,0.8955937193791597
veh_005,2025-09-04T10:12:52,-0.5556797504950088,-2.050640201015813,-0.9516785753444912,-0.1791104875890943,-0.9117712845614984,0.553422344231895
veh_005,2025-09-04T10:17:52,-0.4339894224864914,-2.0077074776838697,-0.9560488924396616,1.3642571877539722,-0.4297276815967307,1.0022566768439376
veh_005,2025-09-04T10:22:52,-0.3619197142244515,-1.9800137859060047,-0.9603470315960914,0.3248817602145529,1.392141570786803,0.7721527576625357
veh_005,2025-09-04T10:27:52,-0.4545273343616386,-1.9360036155612808,-0.980502907395264,0.2036446963505328,0.6694086064105115,0.4987455115774727
veh_005,2025-09-04T10:32:52,-0.3916142064480912,-1.7785382280037807,-0.9892457512671928,0.2096281822940089,-0.3984019459727166,0.42218382519225806
veh_005,2025-09-04T10:37:52,-0.3735917802423441,-1.949343853737046,-0.9881831528773978,0.8684269535528852,-0.5264680942817925,0.78979053563646
veh_005,2025-09-04T10:42:52,-0.3637623147373846,-1.8671067508770125,-0.9951454442566968,0.7827455946387936,-0.6824617833371583,0.7951404211718837
veh_005,2025-09-04T10:47:52,-0.2541957132081308,-1.7436743611892636,-0.9963566492091332,-1.7589861705089018,-0.7122561621336659,1.2924412637363774
veh_005,2025-09-04T10:52:52,-0.2400385851788229,-1.890304805920893,-0.9938871555809928,1.0363448244695763,-1.5789663734283494,1.1906397553794914
veh_005,2025-09-04T10:57:52,-0.2414571478515815,-1.857897246138752,-0.9787902320220732,0.3573240328774872,0.3743386715471235,0.48672166430729535
veh_005,2025-09-04T11:02:52,-0.3943268740085178,-1.9924368215235333,-0.9618572406742047,0.2083370170960463,1.709420603880065,0.8093661378468836
veh_005,2025-09-04T11:07:52,-0.3511315196910248,-1.991114751647734,-0.9617482784343144,1.4828371917113958,0.1740826254395052,0.9859930391744124
veh_005,2025-09-04T11:12:52,-0.5351155964643731,-1.9582715809619164,-0.9440659855102348,-0.2409512467583256,1.166144464293933,0.6591321597693897
veh_005,2025-09-04T11:17:52,-0.1737544913727057,-1.878865355673785,-0.944760589218696,-0.4056418411964351,-0.5447340400601334,0.5551932504599968
veh_005,2025-09-04T11:22:52,-0.4178717270708962,-1.837654380246548,-0.9393814222690752,0.2380915474889176,1.3602325426330382,0.7149918209881854
veh_005,2025-09-04T11:27:52,-0.3810776457244763,-1.8467319624797836,-0.9479665643481244,-1.7122378522570207,-0.2975780407529727,1.134985651224027
veh_005,2025-09-04T11:32:52,-0.3002537197614983,-1.8967479483267204,-0.943921455458359,-0.3524824970980989,-0.1274934978063933,0.4032735889826393
veh_005,2025-09-04T11:37:52,-0.3681040232893597,-1.9823215033118209,-0.9470157565025245,2.093705804196756,-0.8918151113509379,1.5038005868041644
veh_005,2025-09-04T11:42:52,-0.3134318880544343,-2.08776721833088,-0.9480895489379868,-0.4706418648572962,-0.0044476912085675,0.4262731495788158
veh_005,2025-09-04T11:47:52,-0.3245348658077424,-1.972849454493805,-0.9689159590445524,0.8596599575196442,1.2503055854436238,0.9987048462018198
veh_005,2025-09-04T11:52:52,-0.2141485453828245,-1.907476964081012,-0.9684590122150272,1.3701629975095453,-0.906188435425131,1.1506298318253174
veh_005,2025-09-04T11:57:52,-0.2498940168416711,-2.0225204914997224,-0.9664614522796928,0.4416646051061246,-0.5166314992537314,0.5691140427851203
veh_005,2025-09-04T12:02:52,-0.3164823049738274,-1.7381587088089028,-0.9601125894924696,1.5219346010476766,1.3419297674873796,1.3555687486685462
veh_005,2025-09-04T12:07:52,-0.370877017687133,-1.905502952350096,-0.9682064771691132,-1.0245681174614585,-0.9711641268652436,0.9972745922241251
veh_005,2025-09-04T12:12:52,-0.225956444721704,-2.0269054094202263,-0.9586028761902275,-0.1084253849779143,0.2752138382493693,0.3284974192018135
veh_005,2025-09-04T12:17:52,-0.3173988122043787,-1.8512691170543731,-0.9577822216598212,1.4558465335504542,1.0384699033709068,1.2310206821184635
veh_005,2025-09-04T12:22:52,-0.3009609040411879,-2.012942332161261,-0.9363659764219572,0.4733328142838834,1.0901734539769736,0.7509916386194252
veh_005,2025-09-04T12:27:52,-0.5247608171246405,-2.012008129460665,-0.9240848238615242,0.2821939361332888,0.2431566309396864,0.3988609221208552
veh_005,2025-09-04T12:32:52,-0.2594459193114033,-1.9873345440930048,-0.9100830243517304,-0.1093403656106608,-0.3411195872019352,0.3390226638362571
veh_005,2025-09-04T12:37:52,-0.2453439849653685,-2.018624241620615,-0.919933144548926,-0.2228769236749343,-1.445599389222915,0.7291049075141269
veh_005,2025-09-04T12:42:52,-0.4969600363467341,-2.0867874350718747,-0.9117609370378515,-0.6475885324295798,-0.3255711071474689,0.603817785766601
veh_005,2025-09-04T12:47:52,-0.5496859682911938,-1.9992942170267096,-0.9118360128509544,0.9545427866877222,1.1035362733782743,0.9906994779275343
veh_005,2025-09-04T12:52:52,-0.1973811941095072,-1.999787540601278,-0.9186130264831102,1.5887471530128967,-1.1613472548478825,1.326500358257435
veh_005,2025-09-04T12:57:52,-0.4188783919271541,-1.9529540487907624,-0.905189064932067,1.514400939593705,0.6043199236563531,1.1195342598801719
veh_005,2025-09-04T13:02:52,-0.3677908038077356,-1.9312553549284663,-0.9149736395061424,-0.0757476975984547,1.3009402182090617,0.6111506421631744
veh_005,2025-09-04T13:07:52,-0.2492282647263951,-1.8324202425507417,-0.9182397548003612,-0.2411145384377633,1.2838767503877826,0.6893682452952887
veh_005,2025-09-04T13:12:52,-0.4222031263378618,-1.8871588207887688,-0.9191118827659928,-1.030443732156602,0.7343978278718288,0.9193635909930482
veh_005,2025-09-04T13:17:52,-0.2184659692551241,-1.9530680178588904,-0.9028377860338784,-0.5542392492237642,0.5068174064711004,0.6097324037599879
veh_005,2025-09-04T13:22:52,-0.1236657236341573,-2.0327686691572264,-0.921666170018692,1.3267321390290945,-0.9127978361723328,1.1215386543699855
veh_005,2025-09-04T13:27:52,-0.365612580512305,-1.9910619012257635,-0.919005703566081,-1.0107353335450648,0.0618656320519649,0.7077284971013382
veh_005,2025-09-04T13:32:52,-0.3184417667462875,-2.0284271729556926,-0.9259512985820872,-0.3805289086831526,0.8409588408268922,0.6277423663060615
veh_005,2025-09-04T13:37:52,-0.4058993722916258,-1.9287218458072,-0.9299152586494964,-0.3011134791820535,-1.6754043824857527,0.839161106066652
veh_005,2025-09-04T13:42:52,-0.4292764185332265,-1.8780983903526327,-0.915668793819036,-0.5027741225040017,-0.1162707733276419,0.4694020520141007
veh_005,2025-09-04T13:47:52,-0.3875588592366629,-1.9068992311170687,-0.9001345578594028,0.5139092712599086,-1.3672050065635772,0.847143049170908
veh_005,2025-09-04T13:52:52,-0.3180226821698017,-1.8301698981355683,-0.9023330328834416,1.0227266848624177,0.9839618576384156,0.9870185062994218
veh_005,2025-09-04T13:57:52,-0.5124652259103066,-1.9267427449360943,-0.9197591923739208,-0.268090408346164,-0.916548651872922,0.5929616382097428
veh_005,2025-09-04T14:02:52,-0.5549945709444866,-2.0524168358757278,-0.929998074729197,-0.0837249462935679,1.0342676333167662,0.5381423780876532
veh_005,2025-09-04T14:07:52,-0.2232702845706354,-1.8548077623898789,-0.9250844284237432,0.1345972051390116,0.5408530942203021,0.4145714165203451
veh_005,2025-09-04T14:12:52,-0.4499523121221037,-1.8634007239746957,-0.9361171169348104,0.8552808786789543,1.536402885538363,1.075784728387948
veh_005,2025-09-04T14:17:52,-0.3423970919668798,-1.9548188087741607,-0.9321456072498656,-1.7589861705089018,-1.1330840637091768,1.4058474258171771
veh_005,2025-09-04T14:22:52,-0.3749007055093777,-1.943709388283728,-0.9251360362663488,-0.0956875293692018,-0.4753017969889355,0.3754615110345514
veh_005,2025-09-04T14:27:52,-0.3777126454391507,-1.933254701488191,-0.923995766856331,0.151616865921801,-1.285936650292245,0.6463885814198402
veh_005,2025-09-04T14:32:52,-0.4724140279202825,-1.9236880455474925,-0.911198261262248,-1.7589861705089018,0.6741458417433488,1.2639764900299053
veh_005,2025-09-04T14:37:52,-0.4222221795654111,-1.972024315037516,-0.9201749358022312,-0.1947205419328476,1.164996312437126,0.6308941518580079
veh_005,2025-09-04T14:42:52,-0.4902985922444351,-2.0426960959748874,-0.9330915427790653,1.7873326229550466,0.2915632974497169,1.1677536092682514
veh_005,2025-09-04T14:47:52,-0.3661070939436696,-1.974861498389905,-0.9424612449283294,-0.2632628062107035,1.7185340345429048,0.8356838624538891
veh_005,2025-09-04T14:52:52,-0.2239786122386047,-2.014682830277008,-0.9360366054961244,-0.8863838263439828,-0.8501792057685426,0.8854529960017792
veh_005,2025-09-04T14:57:52,-0.26132855567702,-1.8366073137405003,-0.925658629433686,-0.5085049901198027,-1.53134160531579,0.8987867025413756
veh_005,2025-09-04T15:02:52,-0.2883711098935586,-1.9045984657093584,-0.9295639412862318,-1.7092565670636086,-0.7214156262183352,1.2569657596545514
veh_005,2025-09-04T15:07:52,-0.255363680581454,-2.045171094452587,-0.9232267534774482,0.3288472114547694,0.6307134775818128,0.5382829996974183
veh_005,2025-09-04T15:12:52,-0.2761192993598594,-2.000664123904052,-0.9392687494026386,-0.5750143321110927,-0.0986281697317458,0.5049493668555978
veh_005,2025-09-04T15:17:52,-0.4178737825709048,-2.000626800439988,-0.957338525774586,1.8136934914104008,-0.146347452630093,1.1422186866491455
veh_005,2025-09-04T15:22:52,-0.2863529911309509,-1.8536244091009189,-0.9516169515749132,-0.2728526821191208,0.5307625151394507,0.48597848591637827
veh_005,2025-09-04T15:27:52,-0.4064009721018968,-1.7061578911235604,-0.946101699590256,-0.5021681593045785,-0.2084532558609664,0.5028403963286304
veh_005,2025-09-04T15:32:52,-0.4648785109634059,-1.806139979470516,-0.9526602240282384,0.5059954416388407,-0.8918125450337756,0.7110735291352008
veh_005,2025-09-04T15:37:52,-0.3249628468946942,-1.9308738063769104,-0.952553055597648,-0.0765376524533443,-0.214180498358488,0.2930335868537482
veh_005,2025-09-04T15:42:52,-0.4085984056356506,-1.8083441142974028,-0.9536298570430596,-0.8386063663848217,0.5684028030461785,0.7805499955148765
veh_005,2025-09-04T15:47:52,-0.2532221901281776,-1.8794656438416133,-0.9480707821565472,-0.2866367379528001,-0.6014526575689766,0.5133683226784025
veh_005,2025-09-04T15:52:52,-0.4280551129398695,-1.962196575789419,-0.9384492668399708,0.8959263640607803,0.2140686071098566,0.6998736175313414
veh_005,2025-09-04T15:57:52,-0.4493050939893929,-1.9296148094499104,-0.9213241562664074,-1.7589861705089018,-1.6155596490884752,1.548425811234275
veh_005,2025-09-04T16:02:52,-0.5014880331244358,-1.9953445639319376,-0.9249396825418438,-0.4569342943437758,0.1189710544170063,0.4491464000053586
veh_005,2025-09-04T16:07:52,-0.3628141995365474,-1.986580212681766,-0.9394488504320218,0.7972838419309957,-0.5627495075122414,0.7553565433055747
veh_005,2025-09-04T16:12:52,-0.2790066807119957,-2.0755262893234674,-0.9364832572419696,0.6887333053125851,-1.3153891758114993,0.9262800568481364
veh_005,2025-09-04T16:17:52,-0.3626170849705966,-1.9495158649271935,-0.9182071191055858,1.9932498405790788,0.3959710709604255,1.2990576653987842
veh_005,2025-09-04T16:22:52,-0.113515164532984,-2.020192905588335,-0.9084777734028188,0.996462405378162,0.4395460340616129,0.8117905675881287
veh_005,2025-09-04T16:27:52,-0.314085563233168,-1.9487433402499688,-0.90297821684338,0.2234535551002784,1.7145811605225445,0.8066967690755785
veh_005,2025-09-04T16:32:52,-0.3559777561401898,-1.954081130061484,-0.8921040675241969,0.5888632645893573,1.461602113768677,0.9113330799301211
veh_005,2025-09-04T16:37:52,-0.4301629693811026,-2.0316961663588384,-0.8977364886646233,-0.6662319153697835,0.6115140012198083,0.696117455783759
veh_005,2025-09-04T16:42:52,-0.2656922179593462,-1.9529537974145952,-0.8835402156679633,1.4122839066825403,-1.5671152713059269,1.352984577866641
veh_005,2025-09-04T16:47:52,-0.445933144678105,-1.799870725968674,-0.8841455741552967,0.1142590243269681,0.6136638003445808,0.41805776709791764
veh_005,2025-09-04T16:52:52,-0.4527401211573109,-2.069148658651803,-0.8778668320504222,-0.8361037190410376,-0.4396435934999205,0.7255183039805795
veh_005,2025-09-04T16:57:52,-0.4724179407196612,-2.0504605720231304,-0.8728057011424243,1.580342281773076,1.321970703109923,1.3613234920479997
veh_005,2025-09-04T17:02:52,-0.3061681867006239,-2.10231354513046,-0.8795273525667878,-1.1393353031376372,-0.8506493722992384,1.0007679337719477
veh_005,2025-09-04T17:07:52,-0.3518092022465349,-2.1376344321161245,-0.8926449746283648,-0.5788534012599571,-1.1096886359507565,0.8008622863408785
veh_005,2025-09-04T17:12:52,-0.3237959160134013,-1.912198701923723,-0.8837775189341933,0.7685651464750021,1.580341557264704,1.035140544203751
veh_005,2025-09-04T17:17:52,-0.3637290466114051,-1.91238564661767,-0.8787027466665474,0.1304453607768743,1.4292717245729318,0.6697447470936262
veh_006,2025-09-04T09:22:52,-0.8371002049484625,0.4735495699003653,-0.0086735808362351,-1.2822533872153568,0.3342262032237044,0.7431292707420367
veh_006,2025-09-04T09:27:52,-0.8197933902409783,0.4558903501065159,-0.0006519077483921,-0.603151467054169,0.2717236961009941,0.3832232239070612
veh_006,2025-09-04T09:32:52,-0.7252952451976555,0.4847024970501964,-0.0047086314597447,0.0254620344896468,1.487954974321818,0.46005923583331776
veh_006,2025-09-04T09:37:52,-0.8256661994805903,0.4261392670598963,0.0006872199653942,-0.5243078385520996,0.7568049707898447,0.489332854506082
veh_006,2025-09-04T09:42:52,-0.8277872356272361,0.3345004746666511,0.0042326691749056,2.014253213622871,0.3822001489423688,1.1226331853291271
veh_006,2025-09-04T09:47:52,-0.6441178667503712,0.4420054336490064,0.0132822130397171,-0.7719429575388839,-1.138008094164683,0.7300303496267903
veh_006,2025-09-04T09:52:52,-0.955291206096224,0.4752053891784527,0.0065731102864731,0.9212928810054218,0.1868658973647014,0.5180208317694159
veh_006,2025-09-04T09:57:52,-0.7999232064931081,0.4127546771417802,0.0034813081490539,-0.7971468347851849,1.6538094057684032,0.8954125007529241
veh_006,2025-09-04T10:02:52,-0.7095594098415812,0.6256642010891006,-0.0040112899011361,-1.7589861705089018,0.8575268020786276,1.1375533838582665
veh_006,2025-09-04T10:07:52,-0.6851538120092954,0.4967192753797442,-0.0114592946351579,1.6987730057713866,-1.413583074346323,1.2757532841166217
veh_006,2025-09-04T10:12:52,-0.8252239440080195,0.5062600011753677,-0.0127698823453035,0.2197866404125371,0.6956414135886558,0.32113972075192604
veh_006,2025-09-04T10:17:52,-0.7853217111142085,0.5964403969739626,-0.0011694511141684,-1.239704136618634,-0.5726778985542815,0.7918893280984353
veh_006,2025-09-04T10:22:52,-0.8572061337233068,0.3096375395107872,-0.022283207660664,-1.0813479456548327,-0.6136148238999075,0.7292150615295215
veh_006,2025-09-04T10:27:52,-0.8162663293465402,0.5485241877623109,-0.002927726381206,-1.3435767184549807,-0.3959922016998019,0.7911715650136721
veh_006,2025-09-04T10:32:52,-0.7971546636666358,0.4670830974459492,-0.00264669426058,-1.689276386092105,1.6746782649316485,1.347571011377663
veh_006,2025-09-04T10:37:52,-0.8960083092924623,0.7119153585148528,-0.002968874874332,1.0565995127032863,0.4820581342740619,0.6735109716087282
veh_006,2025-09-04T10:42:52,-0.8307571165401088,0.4805507960917889,-0.0017870359306388,0.3146967707224741,0.8706180802444972,0.418891216620714
veh_006,2025-09-04T10:47:52,-0.9624709404038208,0.4628382423204916,-0.0030276125397277,-0.6550284618978539,-0.8368505049269949,0.5791749049349709
veh_006,2025-09-04T10:52:52,-0.8366706841944044,0.6689082540614635,-0.0049683988287178,0.2533523691902637,0.4106861228767223,0.25087570122389213
veh_006,2025-09-04T10:57:52,-0.8724949721471748,0.5508390425330736,0.010766484181331,0.2143742818383034,0.353319801227041,0.21533637812353015
veh_006,2025-09-04T11:02:52,-0.7634405066017371,0.676177055681751,0.0101807211687745,2.479865608325543,-0.1640193354107388,1.291174749019748
veh_006,2025-09-04T11:07:52,-0.9045144321801256,0.4251718776142028,0.0333070212347118,0.8386369800002255,-1.6292101785478466,0.914742947811409
veh_006,2025-09-04T11:12:52,-0.7024577632737987,0.5930490656263098,0.0528131441967318,-1.6348223194701306,1.4068600954380155,1.2500318172058162
veh_006,2025-09-04T11:17:52,-0.8740437468547776,0.3576201118918691,0.0633327433262521,-0.3000895892374705,-0.927952748873172,0.4410971679459372
veh_006,2025-09-04T11:22:52,-0.5911027578392737,0.5009664176849792,0.0591544476739439,0.1064215563945846,-0.6063856364269647,0.24695735866017046
veh_006,2025-09-04T11:27:52,-0.884489183501898,0.4763991021879176,0.0696429150798891,0.3780572954980881,1.2978196625032477,0.5923031295159961
veh_006,2025-09-04T11:32:52,-0.8809435964068274,0.3513353196360095,0.0574856956395993,1.5510053100657912,-1.5227870344479235,1.2438359044951923
veh_006,2025-09-04T11:37:52,-0.904086766192519,0.5171401728719663,0.0576170178305741,0.7511679600497536,-1.0184081040301407,0.6926298148000338
veh_006,2025-09-04T11:42:52,-0.9119819450215838,0.5563608991970757,0.0566265502076162,0.5799435847210556,-0.5545692733486515,0.4676678844066464
veh_006,2025-09-04T11:47:52,-0.7918720614448633,0.6287778684961296,0.0614563196804176,0.1277862549518804,-0.8146502558622772,0.3205794681707068
veh_006,2025-09-04T11:52:52,-0.9113706087901612,0.5258457537188491,0.0739539718520086,-0.1419322758507477,-1.1408890558533165,0.42802364905177037
veh_006,2025-09-04T11:57:52,-0.8770238128412705,0.5499823492664307,0.0702483067498636,0.4895054202181446,-0.5514914019854268,0.42424979205467295
veh_006,2025-09-04T12:02:52,-0.7385525009167052,0.658144918151651,0.0801283084350121,-0.9937072198030816,0.1622651885332663,0.5615588281485231
veh_006,2025-09-04T12:07:52,-0.8352712349346321,0.4923032451802369,0.0688348692097725,-0.4790678798284103,1.3874209969871354,0.6695272128523002
veh_006,2025-09-04T12:12:52,-0.8950291652585991,0.5042796692611048,0.0805263833794634,0.190609382799678,1.1895264802137009,0.46826791213984187
veh_006,2025-09-04T12:17:52,-0.8105811678798618,0.5065552249300828,0.0805673860705032,0.2504313130889756,-1.0947595812930726,0.46975700814651017
veh_006,2025-09-04T12:22:52,-0.6194801940162679,0.4574366160269686,0.0890900573035798,0.1995037502161173,0.8214077604115922,0.36399221469225224
veh_006,2025-09-04T12:27:52,-0.7504107668262807,0.644350608670647,0.0805859350756721,-0.0268995964443745,0.3558738036538136,0.13632912633346572
veh_006,2025-09-04T12:32:52,-0.9538730422047224,0.6249250168626922,0.0759585760411471,-1.1761007915651784,-1.4451939020229578,1.036800281597706
veh_006,2025-09-04T12:37:52,-0.8800479534692376,0.4905653058741446,0.0832934943390675,-1.2314052456652895,1.6030932458471014,1.1132892954545888
veh_006,2025-09-04T12:42:52,-0.8122281297287302,0.6179702002252411,0.0955773912069827,-0.71245654806679,-1.356698956809194,0.7823534393175497
veh_006,2025-09-04T12:47:52,-0.9062869363349776,0.6937638909158778,0.0843291494960122,1.3704996384889965,0.6063007192160108,0.8840058649085039
veh_006,2025-09-04T12:52:52,-0.6258426841481217,0.584523911411399,0.0742491604603997,-0.5632273007055586,1.271168000366534,0.6778138825548193
veh_006,2025-09-04T12:57:52,-0.7221451090909784,0.5259592497619512,0.0746922191798507,0.7748021855655977,-0.8073403185988332,0.6445416321984189
veh_006,2025-09-04T13:02:52,-0.9573516315674186,0.4602980275161538,0.0770248647426187,1.2524350519530545,0.7938970295089715,0.8797916077777423
veh_006,2025-09-04T13:07:52,-0.7495254762632543,0.557628993952897,0.0844539129342005,-0.7142214399293035,-1.5930771228719884,0.8519246394130884
veh_006,2025-09-04T13:12:52,-0.9102958624296732,0.4217493270789587,0.0877630819120816,0.1762690568662452,0.2075110806842139,0.16794046902080306
veh_006,2025-09-04T13:17:52,-0.772926092813753,0.5536795028410475,0.0932853246361607,-0.0621625684554103,1.4611750522254563,0.48809086482257413
veh_006,2025-09-04T13:22:52,-0.9004725227610941,0.5649195550289796,0.09991675507442,-0.7172834620951016,-1.672305511317299,0.8803167354576245
veh_006,2025-09-04T13:27:52,-0.8901924769383792,0.4856393292298866,0.0887562323495856,1.3049833149214576,0.7061436901538233,0.8820860109767928
veh_006,2025-09-04T13:32:52,-0.773796078681053,0.7066780707934474,0.0868787092077548,3.150180094257053,-1.6403370179450285,2.084566894353586
veh_006,2025-09-04T13:37:52,-0.8020912974637444,0.4970268579224892,0.0905725837210685,0.8555294846421879,0.906112772109538,0.717713090698169
veh_006,2025-09-04T13:42:52,-0.6495549864348099,0.5533703314154075,0.0932560929429829,-0.9673337068420136,-1.0203919284808858,0.808435650553869
veh_006,2025-09-04T13:47:52,-0.8411114988842817,0.4784091104882081,0.085552622286725,2.774034133777989,0.0823728102912222,1.4288394344337063
veh_006,2025-09-04T13:52:52,-0.9737409102579097,0.4704492003873823,0.0850410132316899,0.5536214990060938,-0.713471186828986,0.5078603081980807
veh_006,2025-09-04T13:57:52,-0.7598429137277525,0.4751696028473818,0.088418552709097,-0.9329181082021784,1.4489728271572524,0.9188346127900843
veh_006,2025-09-04T14:02:52,-0.9196772840304076,0.4270883050110464,0.0989766683192157,0.7019327675725877,1.0492327911389348,0.6855315547918174
veh_006,2025-09-04T14:07:52,-0.8237337614693261,0.6009323489872969,0.0815027617700009,0.8842342943705984,-0.7610101896431741,0.6867207564322516
veh_006,2025-09-04T14:12:52,-0.7648058918434396,0.5658322443543624,0.0717101010727667,-1.5827959095569395,-0.6320463621528108,0.9953538836388663
veh_006,2025-09-04T14:17:52,-0.7710408058752527,0.5932613048830088,0.0581386258474659,-1.0426693337804354,-1.4399310327313617,0.9649417018791193
veh_006,2025-09-04T14:22:52,-0.8634955835973342,0.41172592297161,0.0440303256418439,-0.8762618407158542,0.9179935063373534,0.7223350373875019
veh_006,2025-09-04T14:27:52,-0.9460321085842044,0.5219707092625817,0.0545323209061737,-1.3777330809409227,0.5029194584366138,0.8506488421826801
veh_006,2025-09-04T14:32:52,-0.7249409095143481,0.4952142416332307,0.048840893624687,1.1981167108107411,0.13369608330159,0.6489353591207849
veh_006,2025-09-04T14:37:52,-0.7169469739086757,0.5701617304775749,0.0454395017750265,0.483640920706271,-0.7449369430246595,0.4743894436155386
veh_006,2025-09-04T14:42:52,-0.7253292776181381,0.4837074346877785,0.0458483107750151,-0.0818398438562718,-0.2491704518100289,0.12484071962614754
veh_006,2025-09-04T14:47:52,-0.930451405247264,0.622178066552012,0.0504747993944531,-1.3935577262304222,0.2893878442320537,0.7936901762637177
veh_006,2025-09-04T14:52:52,-0.6037023338246829,0.6208384885678981,0.0646320403361987,0.0716354971690632,0.0096724295896963,0.051645885528680185
veh_006,2025-09-04T14:57:52,-1.0125520315793033,0.5547797656483865,0.0587589667015516,-0.973162505145957,-0.8120845899433625,0.7419584228962975
veh_006,2025-09-04T15:02:52,-0.765961228992597,0.4037018796351356,0.0543056124894962,1.5600274242316656,-1.4406558063880974,1.2230715765301612
veh_006,2025-09-04T15:07:52,-0.7404795471747612,0.4893348870420622,0.0597204802163013,1.1289805771422463,-0.6895054427330447,0.7832860174342967
veh_006,2025-09-04T15:12:52,-0.7365297711371748,0.4303432707415299,0.0707691957720354,-0.9085037150974656,-0.6236098665737552,0.6554886566752663
veh_006,2025-09-04T15:17:52,-0.8017852441499779,0.5751294723155952,0.0741121724873266,-0.8992221464373903,0.3755749825513524,0.5771060024815661
veh_006,2025-09-04T15:22:52,-0.7402201454441583,0.5486540376321001,0.0855152408620013,-0.064304347162344,-0.924257588750987,0.3265324983788683
veh_006,2025-09-04T15:27:52,-0.7308183979312419,0.4994513465070693,0.088908287137492,-0.6940647460439957,-0.4345200378532884,0.49517004180548274
veh_006,2025-09-04T15:32:52,-0.9155524942689688,0.5023653408002948,0.0899742951341433,-1.1587346629487991,0.0907810483561607,0.6245965050080764
veh_006,2025-09-04T15:37:52,-0.6660774810125364,0.4888278794334763,0.0938945416734993,-1.7589861705089018,0.0301811748277516,0.9073263460374763
veh_006,2025-09-04T15:42:52,-0.8590581450549452,0.4598094040779757,0.1046237065649041,-0.3584416088785292,-0.3458039435650614,0.3038867288217638
veh_006,2025-09-04T15:47:52,-0.8654893798742572,0.3626506292057275,0.0933931698815262,0.9866360937475168,0.0045987814855194,0.5133763152957194
veh_006,2025-09-04T15:52:52,-0.904499746785014,0.496855053285798,0.1106917952442346,0.785512691360573,0.5891784035318173,0.5916482257886786
veh_006,2025-09-04T15:57:52,-0.6968946708807043,0.4667077819015385,0.1207031628382258,-1.4373915662981225,-0.6117567186496983,0.9263634313116158
veh_006,2025-09-04T16:02:52,-0.868390754521097,0.4412319222277522,0.1185488620216467,0.2722187916848722,-0.1810307340953866,0.21412838847538135
veh_006,2025-09-04T16:07:52,-0.7721399479808342,0.4806423934123155,0.1247036309135134,0.4444918905410256,0.0446818273934608,0.2605912196712537
veh_006,2025-09-04T16:12:52,-0.8719245093608853,0.5456203615894831,0.1301627465243738,2.136711370380475,1.568664573929584,1.5649876066739874
veh_006,2025-09-04T16:17:52,-0.7298298847276374,0.8054289716551456,0.1352816157928489,0.4888160559288829,-0.9936633956384562,0.569563369814548
veh_006,2025-09-04T16:22:52,-0.9288259953075488,0.4929466887278397,0.1302598661354946,0.6590961856196804,-0.7692152854140841,0.5863646516611642
veh_006,2025-09-04T16:27:52,-0.8138177847189683,0.6284126114319497,0.1388232602638222,-0.1865396455991309,0.8396978538510274,0.372943831007638
veh_006,2025-09-04T16:32:52,-0.7138612419872067,0.6006743497175447,0.1228874455913725,-0.3447647559910696,0.5244075931662823,0.35428214506369393
veh_006,2025-09-04T16:37:52,-0.7495956230625184,0.6127237051779069,0.1257041019115803,0.5939324368977537,1.3086191003501817,0.7146927689362473
veh_006,2025-09-04T16:42:52,-0.895230065407432,0.5091030356648385,0.1258925151386928,-0.0537997282138845,-1.3409471299708553,0.4543625061259373
veh_006,2025-09-04T16:47:52,-0.8675235422423277,0.5371868811283973,0.1231010187887156,-0.2754595272364051,-0.6635337970487274,0.3614101064905638
veh_006,2025-09-04T16:52:52,-0.9358427649320724,0.3881959520791934,0.1196467957789686,0.7808219714939573,1.2141595191002366,0.7785882006328433
veh_006,2025-09-04T16:57:52,-0.749264939124173,0.4023301782710644,0.1173414600316089,0.2505801028683386,-1.1589653205733677,0.49644793961250133
veh_006,2025-09-04T17:02:52,-0.7736085371022565,0.451091413931417,0.1179857660950461,0.4216104188052196,1.1164156698926966,0.5693270635894279
veh_006,2025-09-04T17:07:52,-0.9084499641273904,0.5016817895322518,0.0911609539187047,-0.6669012290882088,0.2311391992966481,0.4210245651168397
veh_006,2025-09-04T17:12:52,-0.9298905258878882,0.5468651333454696,0.0906059143841238,-1.7589861705089018,-0.7844883489752738,1.1329607728238575
veh_006,2025-09-04T17:17:52,-0.9207414763308468,0.5751795768825718,0.0778885558093414,0.013787391955441,-0.5368533810706664,0.18352742146078863
veh_007,2025-09-04T09:22:52,-0.0370579653758659,-0.1971510096447369,0.6317982214232466,-0.0262162795420754,-1.5650023362077885,0.6089684849180235
veh_007,2025-09-04T09:27:52,0.1796354895374721,-0.0911753951260156,0.6222242456035136,-0.3081346803468724,-1.6149396678586765,0.7629940896517418
veh_007,2025-09-04T09:32:52,0.1495270391605725,0.0996889321718743,0.6155879374157123,-0.0943393977642549,-0.702102806659574,0.3809181283631421
veh_007,2025-09-04T09:37:52,0.114608443611323,-0.1107605043916362,0.6002176211867144,-0.5513118837058182,-0.6265435507514964,0.5836625313157009
veh_007,2025-09-04T09:42:52,-0.05613939596866,-0.1368619874546548,0.5898293324540953,0.5924059216767693,-0.2885555815838999,0.5007355018043737
veh_007,2025-09-04T09:47:52,0.0263407985406299,-0.0894953106289648,0.5713935441401878,-0.5340774472575276,1.493123295257182,0.8292544210339559
veh_007,2025-09-04T09:52:52,0.1996584474686772,-0.1295522660477673,0.5818290883998349,-1.6012398019168403,0.2346892700706122,0.9873924996595709
veh_007,2025-09-04T09:57:52,0.188101777571015,0.0813546072846783,0.5867244704007646,-0.0597168716357367,1.2335198075936884,0.5172592721761278
veh_007,2025-09-04T10:02:52,-0.085798031280789,-0.0550273717353986,0.5831720992740449,-1.1729998852895112,0.900566488724542,0.9733043091169271
veh_007,2025-09-04T10:07:52,0.1284988135376104,0.0170692316854927,0.5845273424961309,1.2659261395624877,-1.682444293719056,1.2546018263961867
veh_007,2025-09-04T10:12:52,0.1053940639121639,0.0276754281452775,0.574820144771152,2.9231179718013864,1.0766075012074998,1.8995052652171736
veh_007,2025-09-04T10:17:52,0.155135599291892,-0.0200243944267516,0.5934433802619284,0.8104884803680976,1.6834548154735702,1.0289693608785055
veh_007,2025-09-04T10:22:52,0.2576575772177216,-0.096631310551296,0.5945064751310242,-1.354196974537931,-1.0976685137512807,1.1253003364205545
veh_007,2025-09-04T10:27:52,0.0516549690526274,-0.0576139742112834,0.5916879039993785,1.9937897835902825,-1.3107943208683712,1.5084707688555283
veh_007,2025-09-04T10:32:52,0.1216196913426143,-0.0608155628119333,0.5879829436003361,1.138048628263756,-1.1612242210801331,1.034988169175985
veh_007,2025-09-04T10:37:52,0.0747166757264634,0.0200925766190998,0.5826424310972258,-0.0570134698493007,-0.0704581249185102,0.16617265861964853
veh_007,2025-09-04T10:42:52,0.1875532458447846,0.1052166912562183,0.5897977712315656,1.5097997718738867,0.3342200713415626,0.9731254615857252
veh_007,2025-09-04T10:47:52,0.1406486644669906,-0.1499083709226221,0.5875380892916592,0.789282218798122,1.3355443879873854,0.9128120436536085
veh_007,2025-09-04T10:52:52,-0.0246636619036701,-0.1828044403618467,0.5738354408771509,0.4959305400495032,1.7165549420554562,0.8776988408168185
veh_007,2025-09-04T10:57:52,0.2535460216982139,-0.2341966313909444,0.587934059806962,0.9608354740687498,-0.5117399286833013,0.7515265276007577
veh_007,2025-09-04T11:02:52,0.0865600300928812,0.0304363284536717,0.5933949589109241,-1.3853765074700402,1.4717541063969244,1.2528934774362823
veh_007,2025-09-04T11:07:52,-0.097332396683952,-0.086186283161591,0.6046847277547776,0.0016542250741883,1.3990158389231349,0.54146880976499
veh_007,2025-09-04T11:12:52,0.2061155248170358,0.0197527920734611,0.6176817463643143,0.8959940177785783,-0.0383010120591698,0.583023661779903
veh_007,2025-09-04T11:17:52,0.1904323085355292,-0.0429860841150448,0.6185697729958625,-0.2654664762678898,-0.6378303300677295,0.44779629175343616
veh_007,2025-09-04T11:22:52,0.0211846076923564,-0.0914225176034156,0.6209652410330163,1.4878718982334287,-0.8095726508368792,1.1110007925743812
veh_007,2025-09-04T11:27:52,0.2175573070605322,0.0290026561652827,0.6186690370683137,0.6037986465081913,-0.3151595418991871,0.5201809932375144
veh_007,2025-09-04T11:32:52,0.2495036191979562,-0.0102275272205108,0.60685814339976,0.1512044467551695,-0.0338496714365647,0.20712875348850612
veh_007,2025-09-04T11:37:52,0.0987878438798992,-0.0268696212752069,0.6122738551917608,-1.1006832452304838,1.0631551387051286,0.9917429352651326
veh_007,2025-09-04T11:42:52,-0.0227783328406333,-0.1218187070130582,0.6229461970325115,0.3551927490497254,-0.1903227688081043,0.35928244457379627
veh_007,2025-09-04T11:47:52,0.161715325553456,-0.07179096544634,0.6230709894567695,0.6687135839253929,1.5048530042683397,0.9104268911345522
veh_007,2025-09-04T11:52:52,0.1210004573705175,-0.0940988034674564,0.6073400794093619,-0.979305693468371,-0.914908489629607,0.88559340950494
veh_007,2025-09-04T11:57:52,0.1555259873762929,-0.1835615988351353,0.5920580886443562,-0.1347597732945099,0.3696070342529697,0.2966736146520171
veh_007,2025-09-04T12:02:52,0.098233740164611,0.0491438930955707,0.5955496246661299,0.4748222879881131,1.6028056463721947,0.8373627628389408
veh_007,2025-09-04T12:07:52,0.2109453396334861,-0.0961036787835091,0.6041124405429397,-0.8682527163230841,0.5942288279468428,0.7332174946541827
veh_007,2025-09-04T12:12:52,0.1522457006879322,-0.0801011241786341,0.6081259688593471,-0.2959107211627096,-1.037675074131593,0.5808830765927021
veh_007,2025-09-04T12:17:52,0.2779098157379124,0.0263167211614905,0.6005773630387934,0.5763755412576762,0.3234601896676037,0.5053413001368778
veh_007,2025-09-04T12:22:52,-0.0018105435223316,0.0249771125455765,0.5836708412993084,0.9508628739769404,0.1371729832211258,0.6333175002146695
veh_007,2025-09-04T12:27:52,0.0957486427848305,-0.0302279532067053,0.5894369656514634,-0.8809719117002054,-1.508019648951775,1.0107792436659278
veh_007,2025-09-04T12:32:52,0.1283222865862433,-0.1775874899315539,0.5877516260114565,1.4256680744713892,1.244483716401514,1.20372947735844
veh_007,2025-09-04T12:37:52,0.1888723749856889,-0.1717745757353459,0.5926189800892798,0.8714592836488633,-0.6016814631384477,0.7347578767838219
veh_007,2025-09-04T12:42:52,0.1956500052854337,-0.0343403593197841,0.5919005709292635,-0.6532194351360442,-0.959581824269706,0.7328643790347866
veh_007,2025-09-04T12:47:52,0.1510064650223728,-0.0500166253582382,0.597432329733886,-1.4151011464457526,-0.253412705839023,0.9030608509213603
veh_007,2025-09-04T12:52:52,0.3229292203655802,-0.0595353122885503,0.5968205426974672,0.3052969224201489,-0.4575488454998164,0.4092772233995128
veh_007,2025-09-04T12:57:52,0.0143337510325234,-0.0484991505152827,0.5888870713259917,-0.5891043745511078,1.309723171878402,0.8052465531042727
veh_007,2025-09-04T13:02:52,0.2520287050832974,0.0928430341288689,0.5933331288196273,-0.4110510299281553,0.830874233493508,0.5734544107760554
veh_007,2025-09-04T13:07:52,0.0740933873543581,-0.1169986051069271,0.5757237633119514,1.4411450110354598,-1.3622752249267531,1.244399825658146
veh_007,2025-09-04T13:12:52,0.3593468626855882,-0.1893943059266477,0.5901904036923006,0.0557162644823102,-1.5519789763653,0.6114899058892052
veh_007,2025-09-04T13:17:52,-0.0482365646533254,0.0633934566071123,0.5979935053154286,-0.0582202750590585,-0.2405436726825402,0.22087194039737698
veh_007,2025-09-04T13:22:52,0.0402140916981628,-0.1177332037426153,0.5933956306856935,-1.7589861705089018,0.2724403243372512,1.0799043086927649
veh_007,2025-09-04T13:27:52,0.2364164742357564,-0.1285170082720345,0.5968501833246499,-0.2950156997599375,0.5998526684592481,0.4468336870826731
veh_007,2025-09-04T13:32:52,0.0540406744984255,-0.1446241495219925,0.6072879104765294,-0.0843003732233367,1.698142630727033,0.6730505579250842
veh_007,2025-09-04T13:37:52,0.121599319561136,-0.1483972834991535,0.6194604984451743,0.6415282278010027,1.0488747669526148,0.7593186436753206
veh_007,2025-09-04T13:42:52,0.2363169303300717,-0.1242223968327261,0.6181980072137918,-0.1967048381718391,1.2167276820914732,0.5870103251561198
veh_007,2025-09-04T13:47:52,0.0905311650029439,0.0517428806605344,0.6205526593426978,-1.4240008198197571,-0.8360117129746368,1.0869144556708092
veh_007,2025-09-04T13:52:52,0.2838540343162298,-0.074464867260433,0.6141296459505671,-0.3038460531299986,0.2706346577632654,0.3559393530840923
veh_007,2025-09-04T13:57:52,0.2596250021873181,-0.1012451351595355,0.6276957563512618,0.0364034122367127,0.7861421476747856,0.3795835016910444
veh_007,2025-09-04T14:02:52,0.1426908226336776,0.0090030373964408,0.6348299414854124,0.6336823266670972,1.235338592847887,0.8144087294849971
veh_007,2025-09-04T14:07:52,0.093612859529002,0.1029669189552956,0.6258321401690475,-0.0130641688558269,1.3031775610782754,0.5226517807852056
veh_007,2025-09-04T14:12:52,0.1573021988042915,-0.1044668736475566,0.6289547658523035,-0.1939806498777022,-0.1479760526878283,0.26717409391566027
veh_007,2025-09-04T14:17:52,0.1179142830513239,-0.1638326741873621,0.6117477726952237,0.1254474367629869,-0.7363740555574705,0.4059854895877793
veh_007,2025-09-04T14:22:52,0.1697592598570065,-0.016302404517319,0.5925743876393996,-1.4396272187752768,-1.3832933823723672,1.2533165016272285
veh_007,2025-09-04T14:27:52,0.0119717101560933,-0.0124392663833704,0.5857592192891619,0.0656812553960912,-0.5357767149064181,0.31072548602780337
veh_007,2025-09-04T14:32:52,0.1732523569959923,-0.0543758906200536,0.5813116971551043,-1.1148401847338465,0.6359582271140789,0.8644698999321677
veh_007,2025-09-04T14:37:52,-0.0046210280308655,-0.0286595482365202,0.6073692841322703,1.393163789443329,-1.4178328404580385,1.24340560368553
veh_007,2025-09-04T14:42:52,0.1083743296253648,-0.2379798980551631,0.5942507649085953,1.3227645458379624,1.4960885109144637,1.2290589791750393
veh_007,2025-09-04T14:47:52,0.046855115583467,-0.0811287943702935,0.5837141108930145,-1.2993576328227454,-1.248656450040919,1.1410185736022513
veh_007,2025-09-04T14:52:52,0.0275788961120501,-0.13202666400815,0.575963846256211,0.5282244540168958,-1.605229982716726,0.8608739910747079
veh_007,2025-09-04T14:57:52,0.0990544210438536,-0.0136684494145027,0.5745546588540683,-0.3082992190145381,0.9689583535941144,0.559748047356317
veh_007,2025-09-04T15:02:52,0.1839449199758383,-0.0794854489972638,0.5753543756607555,-0.8344206450809402,-0.6196391523195965,0.7181729433685001
veh_007,2025-09-04T15:07:52,0.1940653408428589,-0.0271149218747872,0.5798714313722836,0.2758864012123451,0.4617533151391648,0.39244348142237867
veh_007,2025-09-04T15:12:52,0.1867734390335939,0.0162459118981509,0.5889118042750892,-0.1228630971120837,0.2384038637243423,0.2507350685283623
veh_007,2025-09-04T15:17:52,0.1398603215862245,-0.010534235792997,0.5917104229632623,0.2405206022119118,-0.730649406543703,0.45779720766171916
veh_007,2025-09-04T15:22:52,0.1872685791693102,0.1852236127569507,0.5879920481778776,0.0566139988404403,0.150695114280643,0.19111394333998855
veh_007,2025-09-04T15:27:52,0.0680315986341658,0.0701490465402077,0.5813154437293964,-0.5129092784084348,-0.5669524861335106,0.5428034737901498
veh_007,2025-09-04T15:32:52,0.0410044372364751,-0.2176025720529951,0.5875836335239205,2.907706152815152,-0.2741005820671215,1.6535999777324966
veh_007,2025-09-04T15:37:52,-0.0501394299556985,0.0131401119610313,0.5803717472960491,1.340061115058005,-1.5484637277586777,1.2506440253158155
veh_007,2025-09-04T15:42:52,0.0536157609627136,-0.0822174959374998,0.5878897169555856,-0.2551860783470858,0.5403104324152063,0.4072641122892219
veh_007,2025-09-04T15:47:52,0.0970233489540523,-0.1789852147407977,0.5918287022792257,-1.7589861705089018,-0.7187856343045735,1.2134945160016681
veh_007,2025-09-04T15:52:52,0.1930866499119312,-0.0396670446735498,0.597685324421648,-0.085528166657218,0.3740655802481715,0.27452082228739
veh_007,2025-09-04T15:57:52,0.2096597335608559,-0.0270088618097939,0.6068875873718331,0.7665170488959011,-1.4069797183700627,0.9267299574333359
veh_007,2025-09-04T16:02:52,-0.017772117101495,-0.0292892975571886,0.6123053864921417,1.1218175727412734,1.5515658207779668,1.148839609902455
veh_007,2025-09-04T16:07:52,0.0260849781278472,-0.0257916981858862,0.6115993325583986,-1.7589861705089018,-0.0923897338956784,1.029529871934834
veh_007,2025-09-04T16:12:52,-0.068752744628602,-0.150093841532778,0.6250094819247746,1.8891647300946643,1.7213007305233006,1.585974480589277
veh_007,2025-09-04T16:17:52,0.0839344340863335,-0.0627046727260542,0.642681190386464,-0.5325404664865016,-0.2575870605949107,0.4720825894990167
veh_007,2025-09-04T16:22:52,0.2722197214990736,-0.0996294951289294,0.6498462168374828,-1.5609618211253644,1.637441116422561,1.4016824888569472
veh_007,2025-09-04T16:27:52,0.1791208864491064,-0.2132853853778454,0.6393751657945979,0.8592767728184986,-0.8160619684666448,0.8023320101081624
veh_007,2025-09-04T16:32:52,0.0849656073940367,-0.1327105630235826,0.6371860175528775,0.297053882087419,1.4675846442187217,0.7162395378199016
veh_007,2025-09-04T16:37:52,-0.1462199681987349,-0.1400538812134926,0.6387644253154027,-0.1208624131983438,-1.0289955621799909,0.49688276031624967
veh_007,2025-09-04T16:42:52,0.1437781361684375,-0.0934441597514935,0.6335374685826993,-0.2740779124892894,-0.4083363952996073,0.3862473685510667
veh_007,2025-09-04T16:47:52,0.0744647794041832,-0.1312295695452427,0.6329143575777807,0.1740005849372345,1.110524507453879,0.546740516220337
veh_007,2025-09-04T16:52:52,0.086850095516955,0.0183422609332015,0.6451369332126909,-0.0841788358185908,-0.3348855456442262,0.2715824682451014
veh_007,2025-09-04T16:57:52,0.0839683058174406,-0.0891055942441866,0.6536119217381362,0.2238063756016436,-0.2169623142375142,0.30771426641970323
veh_007,2025-09-04T17:02:52,0.0041505632662426,-0.1520606503887475,0.6748772455461594,-0.2033667079607198,-0.9777234917808908,0.529975850623859
veh_007,2025-09-04T17:07:52,0.2604274220529096,-0.0415459413612093,0.6806131711479544,-0.1618038784970488,1.417530639988431,0.6422837654746446
veh_007,2025-09-04T17:12:52,0.099955246352126,-0.1887940792155125,0.6797408356128244,0.2917459363249076,0.0100511971389462,0.28483649442670245
veh_007,2025-09-04T17:17:52,0.1255782374128607,-0.2729596965416641,0.6788083978969456,2.8448132421385672,-1.36683380587847,1.9682184424122136
veh_008,2025-09-04T09:22:52,0.4488198375938677,-0.5279660396393078,-1.7665032898936104,-1.7589861705089018,-1.3739480285127506,1.6449781517869981
veh_008,2025-09-04T09:27:52,0.5855781222438489,-0.5332563688108052,-1.762586332669886,-1.2867144897649891,1.5349166320077972,1.456349501018811
veh_008,2025-09-04T09:32:52,0.4658675585119702,-0.3518302162177807,-1.779608520984448,-1.1591232889026188,1.543599915229174,1.3985633232169512
veh_008,2025-09-04T09:37:52,0.7513849307114945,-0.4692796481311131,-1.77402435822742,0.0007584583414346,0.6840776083957242,0.5604073833349186
veh_008,2025-09-04T09:42:52,0.5354045337803991,-0.6043560310063141,-1.786710551888488,0.4022034185014577,-0.2115481058049218,0.621908251369903
veh_008,2025-09-04T09:47:52,0.6165779377736068,-0.6123098639718436,-1.7837701099698329,-0.5281663172718598,-1.0130889325816763,0.9247638604043995
veh_008,2025-09-04T09:52:52,0.616995476859421,-0.387829708740767,-1.7912669472710907,0.0410964995329285,-0.0022441236764196,0.3794748763236083
veh_008,2025-09-04T09:57:52,0.5430771425843763,-0.5203349042953379,-1.7984682502953606,-1.287586452286435,-0.8861100964980794,1.2693199051517134
veh_008,2025-09-04T10:02:52,0.3499771674921759,-0.5905946871079252,-1.7922428283506506,-1.68776051164553,1.6919889143181652,1.7099254957883447
veh_008,2025-09-04T10:07:52,0.7640834020602898,-0.5534541305329037,-1.7890577027560963,0.653561777794505,-0.5815050349520304,0.8590439399340809
veh_008,2025-09-04T10:12:52,0.4319266765695566,-0.5175886604846994,-1.8051122773242627,2.5384767748781725,-0.526654204141716,1.7882571041464537
veh_008,2025-09-04T10:17:52,0.479493719043214,-0.5892018084770578,-1.819960777086553,1.3956963645114684,-0.863092886091176,1.3207682035003976
veh_008,2025-09-04T10:22:52,0.536847084998359,-0.6139552809736655,-1.8421535110116325,-0.2726226717404448,-1.1337789741462072,0.844875730316411
veh_008,2025-09-04T10:27:52,0.5192481191250625,-0.477565631540156,-1.8382329636273609,0.3200093905977361,-1.5380270332261492,0.9890593979921851
veh_008,2025-09-04T10:32:52,0.4741019966361217,-0.4382482671715025,-1.8381088135233885,0.9106377289401564,-1.385517727798677,1.2385959455143591
veh_008,2025-09-04T10:37:52,0.4420072475206443,-0.6240221055173532,-1.845604599212327,-1.121206773728773,1.3917323051032844,1.3472439982378372
veh_008,2025-09-04T10:42:52,0.6197615120712954,-0.3999134389911208,-1.8416710187472585,0.2004430563376374,-0.048108732656104,0.4829883517151017
veh_008,2025-09-04T10:47:52,0.6316331381282293,-0.4911244903005183,-1.8269833144453889,0.1027820350506956,0.1772688441504218,0.46996833365955215
veh_008,2025-09-04T10:52:52,0.5005483720141685,-0.4349581787213464,-1.8147104276001984,-0.070421403012258,1.116218261868729,0.7330182655867874
veh_008,2025-09-04T10:57:52,0.3870437061494681,-0.502054280388669,-1.815108212737249,-0.7771670461542373,-0.0463056321949314,0.7654968552830479
veh_008,2025-09-04T11:02:52,0.5779060056402429,-0.5332172330982742,-1.8148506403344615,-1.7589861705089018,1.5527598234301407,1.7082911603503854
veh_008,2025-09-04T11:07:52,0.6831138862069343,-0.552786185468225,-1.823073983470212,1.350696363361705,1.2120237095174258,1.4035700912301228
veh_008,2025-09-04T11:12:52,0.6363713690364141,-0.537409114886993,-1.825449796895339,-0.8577832710428553,1.6114555879252828,1.2774182712780804
veh_008,2025-09-04T11:17:52,0.4798369554123254,-0.5518227569167656,-1.8357153545306024,-1.6514065199877437,1.0057149603436872,1.4945608190030986
veh_008,2025-09-04T11:22:52,0.6080606724440839,-0.3466942837098021,-1.8423459980586343,0.2918164770264102,-0.3453001307360618,0.6179674773457506
veh_008,2025-09-04T11:27:52,0.559094197068844,-0.4313040036190208,-1.8346548813520065,0.3245313430002574,-0.2984565788411606,0.6187336214228782
veh_008,2025-09-04T11:32:52,0.5486987956649213,-0.6181422256888913,-1.8426504622672133,-0.6674712550807848,-0.4250305600344646,0.8297748880041744
veh_008,2025-09-04T11:37:52,0.6286452857347633,-0.3912934170926471,-1.8516594292442177,0.2785895260434747,1.4628266068372004,0.948474630921741
veh_008,2025-09-04T11:42:52,0.5539728548148355,-0.5582163200571484,-1.845687969762088,-0.7267986699098063,-1.3404704494698425,1.1346780637482736
veh_008,2025-09-04T11:47:52,0.5599079225089598,-0.5546136525019449,-1.8581221211140075,0.246996393151122,-0.5827533086482374,0.6699486133928338
veh_008,2025-09-04T11:52:52,0.6119430049060809,-0.2990986071267077,-1.843937074486319,-0.3388862327530411,-0.6787809656804342,0.7418648209779146
veh_008,2025-09-04T11:57:52,0.6316300683821803,-0.5712811493685653,-1.8323662259794968,0.3602542574001822,-1.3591112713497735,0.9543337553009226
veh_008,2025-09-04T12:02:52,0.6534105457763496,-0.3447448487230611,-1.8306701629473008,-0.1356755561266192,-0.5881567364970496,0.6104188316018847
veh_008,2025-09-04T12:07:52,0.6815409746520542,-0.5255431240247201,-1.830618707735596,0.1865792550434818,-0.7713905151634887,0.6908305236179068
veh_008,2025-09-04T12:12:52,0.4485399003525239,-0.6335991493266804,-1.839422581917944,-1.0255745778511451,1.5576752573052708,1.3479743825007426
veh_008,2025-09-04T12:17:52,0.6481730698345017,-0.5120925072101468,-1.8374741338289065,-1.2967817318774564,-1.164506228917755,1.365237561379836
veh_008,2025-09-04T12:22:52,0.643415806263203,-0.4445184679874225,-1.8446626942826223,0.1513483587314015,0.8079718438322232,0.6869982713718923
veh_008,2025-09-04T12:27:52,0.5827777294122777,-0.5584690867473245,-1.846386606176647,0.0787464782082636,-1.615193686066741,0.8932086661594836
veh_008,2025-09-04T12:32:52,0.5813985834226395,-0.6248381256433015,-1.8559369474883816,-0.1735983447081998,-0.353389664892356,0.5640034613194831
veh_008,2025-09-04T12:37:52,0.5277802644479891,-0.512807667207121,-1.8553316137602556,0.9117410220067552,-0.8145739328911981,1.071309013622788
veh_008,2025-09-04T12:42:52,0.6245529164104581,-0.5450595195044888,-1.8496558019459024,0.3750177916209709,-0.83237731099986,0.8071532494996241
veh_008,2025-09-04T12:47:52,0.5457059983675454,-0.4205574103567844,-1.8425774981677423,0.597576978707708,-1.6630720052188002,1.1662255905530425
veh_008,2025-09-04T12:52:52,0.6090976452679169,-0.4030693053169726,-1.8490467871209544,-0.6741585785200709,0.1010487680976469,0.7372032771135204
veh_008,2025-09-04T12:57:52,0.6261746438991739,-0.5700504140757232,-1.8497885130650389,-0.1157798926531226,-0.8361513919906296,0.6786930665367581
veh_008,2025-09-04T13:02:52,0.5625271889654478,-0.5110653532465607,-1.8513787933994372,1.4618568180247895,1.595072592414872,1.5797259454167438
veh_008,2025-09-04T13:07:52,0.5018717693993491,-0.7282273018737838,-1.8561500097938224,-0.4309542523465558,0.2093800819251157,0.6495211527095772
veh_008,2025-09-04T13:12:52,0.6955890007958953,-0.4210173637262002,-1.855377586408722,-0.4048010664776326,0.7895991395917605,0.8103557923980889
veh_008,2025-09-04T13:17:52,0.582561191715575,-0.5695341126058828,-1.8724046399562704,-0.4786736566187318,1.0660320489695971,0.9336273709914993
veh_008,2025-09-04T13:22:52,0.8127698707879005,-0.4916986594076013,-1.879997799100297,-1.2556791059516623,-1.4092663489907933,1.4266190174931286
veh_008,2025-09-04T13:27:52,0.4076353966201099,-0.4484644973444317,-1.871885210587368,0.4382827397469556,0.0852246407580462,0.6190858042183653
veh_008,2025-09-04T13:32:52,0.6411784780838128,-0.4820273489517181,-1.879605045420047,1.915843272056473,-0.985573991636092,1.6295148426030737
veh_008,2025-09-04T13:37:52,0.6623128001206606,-0.7111028094378262,-1.8669410659174652,1.5170767289989842,0.8759575229645906,1.3947138345723624
veh_008,2025-09-04T13:42:52,0.6405599604987205,-0.4477417605883768,-1.8733181780477413,0.5540971920397282,0.6993252815460651,0.861509816093232
veh_008,2025-09-04T13:47:52,0.5235127658965878,-0.3974578256911784,-1.8636485136757888,-0.7556233640657989,-1.0521435722610917,1.066184456446385
veh_008,2025-09-04T13:52:52,0.5198195086824242,-0.4323384732352211,-1.873569450328482,0.3551471399003315,-1.0650802256208132,0.8718115277021061
veh_008,2025-09-04T13:57:52,0.575695163137422,-0.4077971454783302,-1.8765885381908312,-0.2410126205108978,1.2907527303673318,0.8830498370038148
veh_008,2025-09-04T14:02:52,0.6865161815258616,-0.5649562711064894,-1.873118421332016,-0.0920798051207266,1.643437317167448,0.9136947819770009
veh_008,2025-09-04T14:07:52,0.5234780565774122,-0.3748179788465172,-1.8711177591775447,-1.0719784693149192,-1.0986957061165243,1.2398214983279259
veh_008,2025-09-04T14:12:52,0.5698937131178953,-0.1915990068430756,-1.868289020558307,-0.4152619158753029,1.138608422344385,0.9228712887526285
veh_008,2025-09-04T14:17:52,0.3999741153659776,-0.4888051037113789,-1.8485021206636687,-0.1389761553823502,1.2284988206433585,0.8077381480169163
veh_008,2025-09-04T14:22:52,0.5448503303648158,-0.3684800907013242,-1.844771101238475,-0.8940460830741889,-1.1738228158248152,1.168124106532234
veh_008,2025-09-04T14:27:52,0.528430801057915,-0.4651967255346483,-1.831494740119255,1.0820619953724415,-1.5807182948104903,1.3815454341532187
veh_008,2025-09-04T14:32:52,0.4510417020076838,-0.6146195701260532,-1.8262043000806625,-1.423384116508401,1.3416553292664235,1.47942951705026
veh_008,2025-09-04T14:37:52,0.6150336976251898,-0.597781957753416,-1.8363660964698825,-0.1159076680428206,-0.2428251322801472,0.498074592999431
veh_008,2025-09-04T14:42:52,0.6909615047452281,-0.4434479986222342,-1.8356353429354348,-0.7972286160471069,1.2557337204637156,1.1424614927497552
veh_008,2025-09-04T14:47:52,0.5333254303810577,-0.4608853201394859,-1.832295669639069,-1.7589861705089018,-0.6990209512387721,1.4556585045538963
veh_008,2025-09-04T14:52:52,0.7052964382926017,-0.4901413228061163,-1.846353939257736,2.4439210781544767,-1.2422648482246283,1.9639107813961743
veh_008,2025-09-04T14:57:52,0.6230722676632524,-0.4618062766718006,-1.850000886094904,-0.7777723391538343,1.7050683220070426,1.2704068433980107
veh_008,2025-09-04T15:02:52,0.6851155107385714,-0.4244390792043376,-1.844283470515804,-1.065883894766671,0.3264327676682257,0.9997284717869641
veh_008,2025-09-04T15:07:52,0.5000160932957829,-0.4720888494904214,-1.8605480014499625,-1.7589861705089018,0.1326120141832073,1.2913862897994057
veh_008,2025-09-04T15:12:52,0.5034280140890324,-0.6731133509022978,-1.8551845671902576,2.1976070760575444,-0.490395991647113,1.6169592489609577
veh_008,2025-09-04T15:17:52,0.5587452870714711,-0.4963663288220654,-1.8463775556149264,1.154893459478667,1.5199617153932488,1.4027107554802933
veh_008,2025-09-04T15:22:52,0.5879683494314079,-0.4705559895400827,-1.8408825000977216,-0.1566102989537165,1.1100247805700212,0.779489083667409
veh_008,2025-09-04T15:27:52,0.5896568286956431,-0.3750868934865018,-1.8288827392020288,0.4812587013331035,1.22558209283506,0.9740805263574756
veh_008,2025-09-04T15:32:52,0.5457999390524578,-0.3535782890227737,-1.8235003959387024,3.4001754222387337,-1.4837794206423354,2.509921616499808
veh_008,2025-09-04T15:37:52,0.5154336122375273,-0.4601013536719185,-1.819559402084073,2.020042942900724,1.1792946559055206,1.7277217486388328
veh_008,2025-09-04T15:42:52,0.6752619919359485,-0.3943156889168607,-1.8125685291827345,-1.0216646334642003,-0.0684780096710631,0.8938894254699661
veh_008,2025-09-04T15:47:52,0.707784434105888,-0.4441087093190442,-1.8105411778681664,0.2186845419748971,0.0583923202551824,0.48896820263763663
veh_008,2025-09-04T15:52:52,0.6487820507682618,-0.494394564292246,-1.8189594685164288,-1.1131888213321235,1.552870095189152,1.3862473329260931
veh_008,2025-09-04T15:57:52,0.606811195908569,-0.4995333481667778,-1.8168230238697043,0.5057109292164332,-1.0610791244965228,0.9345438067311144
veh_008,2025-09-04T16:02:52,0.73147755107269,-0.5208308723771475,-1.821123090972826,0.4864575371396462,0.6730175795102127,0.8093586606174521
veh_008,2025-09-04T16:07:52,0.5052891770597424,-0.4103617210002924,-1.8383602062049755,1.1501353853700889,-0.856950090022604,1.1998247609328208
veh_008,2025-09-04T16:12:52,0.5475032657241454,-0.4713346302877555,-1.8272576451553404,-0.5052909593254665,-0.0641236489125077,0.6373341033675537
veh_008,2025-09-04T16:17:52,0.5172578462855301,-0.5393981659289407,-1.8351879322746387,0.3404508272465827,-1.2795262860631245,0.9211208858971565
veh_008,2025-09-04T16:22:52,0.5660842414283906,-0.6096052811063031,-1.8459295615508773,0.3947332463372371,0.7822512366601069,0.8012279064768261
veh_008,2025-09-04T16:27:52,0.6240137396670813,-0.5313742086856658,-1.8383281832646292,-0.2678058141844174,-0.5933304555520167,0.6795676804107396
veh_008,2025-09-04T16:32:52,0.4884543683127818,-0.3725554364701958,-1.8635198875594443,0.8160803110899628,-0.6507965616940277,0.9759831015650786
veh_008,2025-09-04T16:37:52,0.5434044168785981,-0.347444224303002,-1.8706048447141852,-0.7281371055031994,0.9073721009685128,1.0104011519849907
veh_008,2025-09-04T16:42:52,0.6260310522902051,-0.5362359794157193,-1.8862192371027051,-0.9220920935489292,-1.0698103969013748,1.159233013265418
veh_008,2025-09-04T16:47:52,0.5920384940579652,-0.4572449831410824,-1.8888128198109664,-0.7066429624264862,0.8606836034756798,0.9892891262181404
veh_008,2025-09-04T16:52:52,0.5656753204110672,-0.5363699185810511,-1.8779378953244847,-0.7723251846416137,1.4491848813524126,1.1965056357914277
veh_008,2025-09-04T16:57:52,0.585569211915894,-0.4971249032744161,-1.875362268388662,2.1679210540532035,-1.5063938142984112,1.9109511249938578
veh_008,2025-09-04T17:02:52,0.3461369237523272,-0.4682839347797086,-1.8749864576433912,0.02783385427769,-1.636998139800819,0.880013660607769
veh_008,2025-09-04T17:07:52,0.5816668995954628,-0.5018029366190768,-1.8689043923088493,-0.5839595996796427,0.4072350450199518,0.7879311918075769
veh_008,2025-09-04T17:12:52,0.8876825685757203,-0.5604745507715084,-1.8679108656974472,-1.5803096569658637,-1.2138063252494924,1.5278788991972692
veh_008,2025-09-04T17:17:52,0.4909840865966892,-0.5362905743044295,-1.8575426875550956,0.4756154466696523,1.1496519963629364,0.9542118597547262
veh_009,2025-09-04T09:22:52,1.9867134582214616,-0.8047410365430191,-0.5752703687264223,-0.9108981687679286,-1.5452997626265852,1.0340930869172245
veh_009,2025-09-04T09:27:52,1.7862610550001832,-0.8925393587573431,-0.5777493733085163,-1.7589861705089018,-0.1230174017159986,1.0319481804309538
veh_009,2025-09-04T09:32:52,1.825340774273876,-0.9379943634280904,-0.5833084288945203,0.3569724320696574,1.186744590564981,0.6511712789832271
veh_009,2025-09-04T09:37:52,1.6073857304641972,-0.8590929664606695,-0.5781583625557318,-0.2261508695651853,-0.5450266012163373,0.39221508765864027
veh_009,2025-09-04T09:42:52,1.842387921243576,-1.024662827796649,-0.5883496073356642,-0.8019337788628597,-0.2496586964411125,0.5935344198308965
veh_009,2025-09-04T09:47:52,1.797119412114785,-0.9347271310614284,-0.5689569315739672,0.3507063677584562,-1.1687942729293292,0.6397828520728204
veh_009,2025-09-04T09:52:52,1.7964086449058505,-0.9478641143238936,-0.5906484614899238,0.994626130125524,1.4028036275445193,1.0362838456241026
veh_009,2025-09-04T09:57:52,1.8155101645183915,-0.90724750654223,-0.5833451097456938,-1.642008022538944,0.54693083098329,1.1017522825135977
veh_009,2025-09-04T10:02:52,1.7195551300870364,-0.7383980437172163,-0.5746576544685682,-1.7589861705089018,-0.1191392437791389,1.0301663892819064
veh_009,2025-09-04T10:07:52,1.8202040025118795,-0.9369009639087263,-0.5877969664285329,2.01442503483124,-0.7293709983210543,1.3435832101976428
veh_009,2025-09-04T10:12:52,1.8810733014579035,-0.9563248531860712,-0.5806312213116681,-0.4150612142133594,0.1049343317224476,0.35513715088574765
veh_009,2025-09-04T10:17:52,1.894726205131064,-1.0392116498192665,-0.5647869679448049,0.1730048410816791,-0.4655075220281458,0.3391120707382443
veh_009,2025-09-04T10:22:52,1.7256587927332878,-0.9767727219153726,-0.5763142818764226,0.2439591760335531,-1.6203650947485435,0.7233519728166241
veh_009,2025-09-04T10:27:52,1.78691365557176,-0.9848142233703427,-0.5888802944774872,-0.0682235543729319,-0.3295623931223476,0.2507565540186677
veh_009,2025-09-04T10:32:52,1.7647383626478004,-0.7582505337280231,-0.5896970547461572,1.3094427553555796,0.3233458777738477,0.8696645519591757
veh_009,2025-09-04T10:37:52,1.8580112916573184,-0.9000157262125781,-0.6065393144646285,1.4748381009529532,-0.6607819568243142,1.0569615004166966
veh_009,2025-09-04T10:42:52,1.9083019770859813,-0.9616337557557876,-0.6081747500218376,-0.9232980406252496,-1.3956193471971012,1.0019697744761227
veh_009,2025-09-04T10:47:52,1.864691399925588,-0.8626381701029608,-0.594700086062252,1.190641294052072,0.2173174362855303,0.7794558951241455
veh_009,2025-09-04T10:52:52,1.6909407102780452,-0.9566489908297172,-0.6046597482439977,0.7426005162890178,0.9425331149235036,0.7749921422703595
veh_009,2025-09-04T10:57:52,1.6940700726353055,-0.9118048178515552,-0.6194829676760575,-0.0731057200950136,-1.37761772558078,0.5737347712569523
veh_009,2025-09-04T11:02:52,1.8864880377315008,-0.8616731358704454,-0.6005540434540757,0.8683376667462669,-1.5836127909380258,1.0293634793453563
veh_009,2025-09-04T11:07:52,1.9154852318744604,-1.018747547598201,-0.6101028185097659,0.3305198502392255,1.656432468324803,0.7842102293190069
veh_009,2025-09-04T11:12:52,1.82974649276105,-0.985362162077778,-0.609097742336675,-1.1436407533383348,0.6447977529072034,0.8870792510086636
veh_009,2025-09-04T11:17:52,1.835409557441769,-0.7712299064936263,-0.6090309284336137,-0.8206835229417767,0.9396040421373244,0.8140291597988085
veh_009,2025-09-04T11:22:52,1.6987093450605082,-0.8591807686936425,-0.6031789724433166,2.5623811004760078,-0.8574738020379543,1.6590684853380535
veh_009,2025-09-04T11:27:52,1.8066249582754883,-0.946040646759648,-0.6010745738239844,0.3812453611446305,0.8894075866094592,0.5776598713199499
veh_009,2025-09-04T11:32:52,1.9423784564541613,-0.9496871124164664,-0.5912906546630102,0.5450859103787324,1.3030068233502576,0.7817031331270456
veh_009,2025-09-04T11:37:52,1.80189886442902,-0.6804418058259037,-0.5993962690926073,0.2937312608436038,1.11560086695717,0.6014251443274744
veh_009,2025-09-04T11:42:52,2.0124842707674007,-0.816658338869319,-0.6061262376936204,0.518021237210342,1.0106905255303709,0.6834430238030064
veh_009,2025-09-04T11:47:52,1.7816791955092328,-0.8280399697512842,-0.6022639047883445,0.2078083608829951,0.0396009008052343,0.2362372316407368
veh_009,2025-09-04T11:52:52,1.876686083639088,-0.8748162856606972,-0.6016776346522509,-0.687332224683869,0.0088481522675113,0.46665608495263816
veh_009,2025-09-04T11:57:52,1.7281650779042963,-0.8572789401631284,-0.6048547711236771,1.8209026770820345,-0.2029571170202143,1.0923094278718168
veh_009,2025-09-04T12:02:52,1.7597602145990334,-0.9808997063665168,-0.6016456460035525,-1.4522006956719262,1.4621145044445154,1.2850638283700282
veh_009,2025-09-04T12:07:52,1.6176926280812145,-0.8738402297316556,-0.6066083214579073,-1.572365112282666,1.2375975151809324,1.2787834749871942
veh_009,2025-09-04T12:12:52,1.7023755161291338,-0.8246094831859999,-0.6135634089144372,1.6558411418402936,-0.6494447550223884,1.1454666792097508
veh_009,2025-09-04T12:17:52,1.732412969508957,-0.9762346490794794,-0.6075559402829936,-0.291711516209462,-1.2208882470289772,0.633633420270023
veh_009,2025-09-04T12:22:52,1.961016629942362,-0.9613383080197676,-0.6066502067679257,0.97988039757985,1.5152845453757309,1.0658556037562295
veh_009,2025-09-04T12:27:52,1.817470427569098,-0.920665259499577,-0.6239011473676546,-1.121185442407581,-1.0193504747083153,0.991178093089816
veh_009,2025-09-04T12:32:52,1.819648954889745,-0.8884800855099171,-0.6135906212225404,-1.25814276492232,-0.759804423429274,0.9797308337344504
veh_009,2025-09-04T12:37:52,1.852390622431636,-0.9573992158923098,-0.5993888113154487,0.931774343198479,-1.0851257473516076,0.9113026580678115
veh_009,2025-09-04T12:42:52,2.013347545158124,-1.027702619135584,-0.5994654644274573,0.3652031468836059,-1.5518154413091227,0.7680392987200313
veh_009,2025-09-04T12:47:52,1.8636192226066977,-0.9929980797495128,-0.5926143847499247,1.087716482486219,-0.6277714088084589,0.8507125408356322
veh_009,2025-09-04T12:52:52,1.6477249666239486,-0.9806321511298908,-0.5870118473148255,0.0045844391522396,-1.2603620869103205,0.49780321511218106
veh_009,2025-09-04T12:57:52,1.8030146563076184,-0.7851657207410411,-0.585656066139212,-0.8733773865188278,0.2732646099835848,0.6357992894823318
veh_009,2025-09-04T13:02:52,1.7655470947273333,-0.9560096801022736,-0.5821008180811827,1.843357804548073,-1.4013876175511892,1.4585153511556297
veh_009,2025-09-04T13:07:52,1.869533794731028,-0.8542049559554257,-0.5742482878061476,-1.330927795013659,1.2980721013623746,1.1697351854767715
veh_009,2025-09-04T13:12:52,1.8027233003599927,-0.8381259744489267,-0.5815310950204462,0.3151976442458651,-0.7258081665455659,0.49164749109069156
veh_009,2025-09-04T13:17:52,1.8837191567758231,-0.8846606417958764,-0.6120188976687212,0.1693504656443891,-1.420244286901349,0.6331522984263435
veh_009,2025-09-04T13:22:52,1.8781772197396256,-0.9041831367039396,-0.5957268675981061,0.3077740310040992,-0.139983053110829,0.3150273049549196
veh_009,2025-09-04T13:27:52,1.938184505486969,-0.8630327545773289,-0.6046361804352433,-1.7589861705089018,0.793913514074158,1.2385943755637472
veh_009,2025-09-04T13:32:52,1.90975837085303,-0.9263436368055596,-0.5966876195856741,0.1378340141402802,-0.0533505981972676,0.20425971044645524
veh_009,2025-09-04T13:37:52,1.803875830285204,-0.8537423764435427,-0.591668689522827,1.551387735349189,-0.5176111364161405,1.049310946504002
veh_009,2025-09-04T13:42:52,1.7875155238672424,-0.8200473149753831,-0.5763317150589999,0.2332743452256285,-1.114078374187095,0.5661270278807428
veh_009,2025-09-04T13:47:52,1.9093746900931157,-0.8182615826885465,-0.5798999500951052,0.3275574631025768,-1.0239548016602975,0.5869451620683988
veh_009,2025-09-04T13:52:52,2.0229945307877824,-0.8294163635404941,-0.5794620442327938,-0.0740656136897841,-0.161412568516942,0.20134898624653347
veh_009,2025-09-04T13:57:52,1.8218754897480864,-0.8783323754117898,-0.5899573273692954,1.3376686802635915,-0.5370707999815898,0.9479470456001318
veh_009,2025-09-04T14:02:52,1.7901518060916923,-0.8864750032279495,-0.5702045720366493,-0.4592064742764321,-0.605755733408862,0.5253708715682045
veh_009,2025-09-04T14:07:52,1.778251358228359,-0.7483598693759385,-0.5981061130434562,-1.065278529882201,0.8584450901176629,0.9097940145850907
veh_009,2025-09-04T14:12:52,1.8927091431548229,-0.9929452201293784,-0.5985219850184555,0.0529150642617643,-0.9706340327482034,0.4373521389590343
veh_009,2025-09-04T14:17:52,2.017885982649864,-0.8607364131887428,-0.603877272081641,0.8048222760206143,-1.5604299704965454,0.9913155835755989
veh_009,2025-09-04T14:22:52,1.729877630075764,-1.0507922476749043,-0.6194050480569772,-0.9542181533397494,-1.0141355559950849,0.9052307530797956
veh_009,2025-09-04T14:27:52,1.8648745786517336,-1.001209008072136,-0.6505936369616179,-1.1082990463250688,0.1730147001816187,0.7361726606093437
veh_009,2025-09-04T14:32:52,1.7727743252635622,-0.7606889552084378,-0.6566806464654084,0.9028702296428912,0.0256352993919315,0.5904618339321068
veh_009,2025-09-04T14:37:52,1.829230801613484,-0.9690071522471972,-0.6572638343036652,-0.8169777668260687,-0.7556638746892546,0.7666408126805437
veh_009,2025-09-04T14:42:52,1.809787406615532,-0.9786713521227928,-0.6474231636262976,0.4284204031963535,0.5111917368250379,0.4970523553709477
veh_009,2025-09-04T14:47:52,1.8480579331525389,-0.9025232978322753,-0.6560306093536856,0.0560931539805286,-1.428948624352908,0.5879372861668739
veh_009,2025-09-04T14:52:52,1.7387402875945277,-1.038660514509347,-0.6595883843377844,0.5748357982591228,-0.6325002841385333,0.6090856612386784
veh_009,2025-09-04T14:57:52,2.086178421694606,-0.8167592445929963,-0.6466480107754627,0.8133467798059463,1.2746170737443012,0.918388114181356
veh_009,2025-09-04T15:02:52,1.7545732962171312,-1.1216346614315056,-0.6510740620359893,0.5656911597110008,-1.6272709211984635,0.9012416686222373
veh_009,2025-09-04T15:07:52,1.861088664626372,-0.7782586881286673,-0.647283635354843,0.8171813009061506,-1.045300416744556,0.8516375025474108
veh_009,2025-09-04T15:12:52,1.72365636293369,-0.7523214580158581,-0.6462825823812746,-0.6687477093420375,-0.973040773350496,0.7555426031524224
veh_009,2025-09-04T15:17:52,1.768395949333713,-0.9578237495485548,-0.659012804190607,-1.585283313903537,-0.2916292182343912,1.0119329832602073
veh_009,2025-09-04T15:22:52,1.7740298449195595,-0.7971673764326331,-0.6561051650272508,0.259652871182667,0.6369224343977187,0.45212419891609934
veh_009,2025-09-04T15:27:52,1.8213385819799963,-0.8631735759364707,-0.6489997243235834,-0.1156681480502042,-0.878787598703251,0.45127029850079414
veh_009,2025-09-04T15:32:52,1.8342728869962024,-0.8249718716486192,-0.6538595910174105,-1.7589861705089018,-0.7483015188179897,1.2347554591033298
veh_009,2025-09-04T15:37:52,1.906187242426732,-0.8442122078984554,-0.6496710401473281,-0.3817870496148844,-1.0746423101225857,0.6432204258736836
veh_009,2025-09-04T15:42:52,1.888783889857255,-0.8573841033160692,-0.6552357691868093,1.14161982785846,-0.6640184054028456,0.9010625893874455
veh_009,2025-09-04T15:47:52,1.7749724649637997,-0.7503477700636029,-0.6466184916568969,-0.3916320068429384,-1.4333896529807928,0.7551565976470864
veh_009,2025-09-04T15:52:52,1.848990197746498,-1.1379890941441522,-0.6556116991562685,-0.0706922452084558,-0.235783212333257,0.23720342613545875
veh_009,2025-09-04T15:57:52,1.8582445063454252,-0.7951926501039872,-0.6588016838563765,-1.122658479342667,-1.214505742781771,1.0574412992771403
veh_009,2025-09-04T16:02:52,1.8007272482823895,-0.9089138362054612,-0.6616963964961955,2.324825235290336,0.8087625421073259,1.5373806595766046
veh_009,2025-09-04T16:07:52,1.794540630657522,-0.8954345763745504,-0.669446179624278,0.922620420665403,-0.1060113705570902,0.6270028574246842
veh_009,2025-09-04T16:12:52,1.828684438110656,-0.9190524201003636,-0.6705569131889909,-0.1270516374832505,1.336668124997695,0.598637638878732
veh_009,2025-09-04T16:17:52,1.8146246263699708,-0.8727762194756654,-0.6630842302796119,-1.3030056451366658,-0.6844571861499863,0.9894568244692512
veh_009,2025-09-04T16:22:52,1.6581792399185715,-0.8184655105377479,-0.6606007509486327,0.510365102635325,-0.8509580999320071,0.6425901314869912
veh_009,2025-09-04T16:27:52,2.0124168385869,-0.9489680454456892,-0.6589319663941182,0.8751410904402112,-0.928128681551252,0.8477955429643049
veh_009,2025-09-04T16:32:52,1.7787017469345514,-0.8792584534600852,-0.6305827255731865,0.2970659770423355,0.3501083069879422,0.3796820257321878
veh_009,2025-09-04T16:37:52,1.954343273363211,-0.86255355590299,-0.6403966235202195,1.0897213904318082,-1.31284527527509,1.0667936025024751
veh_009,2025-09-04T16:42:52,1.9939631236210156,-0.8774154898500941,-0.6666897236081153,-0.3733437298934677,-0.1774019228485573,0.3732303865229242
veh_009,2025-09-04T16:47:52,1.809709787344828,-0.8318578229112249,-0.6751228878751727,-1.3821242158165454,0.0417002606952381,0.8385967636918787
veh_009,2025-09-04T16:52:52,1.8366364677462264,-0.9259268084131642,-0.6629468248451128,-0.9059064834987338,-1.0713637466576025,0.9069517307156703
veh_009,2025-09-04T16:57:52,1.8402860776842656,-1.0328175169404492,-0.676033038901851,-0.0051197631777863,-1.2697665938121097,0.5186964675128962
veh_009,2025-09-04T17:02:52,1.8915449888982256,-1.0477603174129608,-0.7068924636102928,0.7483679980031358,-0.3639311392049581,0.6247418334851139
veh_009,2025-09-04T17:07:52,1.9478863151622383,-0.9730177827632684,-0.7034179747251519,0.8665615984871352,1.4532022014961137,1.009925054637432
veh_009,2025-09-04T17:12:52,1.7907559446517518,-0.8928734545118776,-0.6980340351288146,-0.0325419437179678,-0.0673668910299207,0.17608784619372309
veh_009,2025-09-04T17:17:52,1.7871619430644046,-1.012619943392199,-0.6784202892325119,-0.6493182066233751,-0.707241422504862,0.6725155879096485
veh_010,2025-09-04T09:22:52,0.0575476617513483,-0.1863365096116061,0.9514123155377506,-1.7589861705089018,0.7848598642288223,1.3052335076306478
veh_010,2025-09-04T09:27:52,0.0445294765687955,-0.1314563954023766,0.9377400513466192,-0.5096909104921685,0.3445797790853905,0.5457673992410252
veh_010,2025-09-04T09:32:52,0.2066384230944484,-0.234640980302999,0.9452610293379164,-0.697158580137848,0.9850765555497596,0.8331544626014351
veh_010,2025-09-04T09:37:52,0.034678514121736,-0.0692483458904345,0.9265116354741748,-1.3922396253800726,-0.8735498584034063,1.143487097305893
veh_010,2025-09-04T09:42:52,-0.0497289842713751,-0.2546143659130835,0.910494225453384,-0.784641268437177,-0.8562448050899829,0.8312929208362602
veh_010,2025-09-04T09:47:52,-0.0427601164768798,-0.076628214265313,0.9144982580705574,0.1783110810078418,-0.0265372315246096,0.2800163615754152
veh_010,2025-09-04T09:52:52,-0.094700380894271,-0.283590431335191,0.9140695695908572,0.8895518231283206,-0.5996518466074721,0.8074853794645732
veh_010,2025-09-04T09:57:52,0.122515696216249,-0.2480644017093644,0.9143131306297728,-0.3533206274592987,-0.6037735502700371,0.540655004936615
veh_010,2025-09-04T10:02:52,0.2635219104938056,-0.3386880996096578,0.911984881371086,1.2485340847162856,-0.9745643107074408,1.0990333118445923
veh_010,2025-09-04T10:07:52,-0.0052416195712331,-0.2296185744907908,0.9097696044686716,-1.6851051518497715,-0.6252559732149604,1.2120832887831083
veh_010,2025-09-04T10:12:52,0.1260921838516541,-0.1378474924189768,0.9011345509633412,0.0728260119206902,-1.0380901644559857,0.528066965489809
veh_010,2025-09-04T10:17:52,0.0259519152995322,0.0076797069696675,0.9020839531915616,-1.2583553578861224,0.7146633020611574,1.0239934601997207
veh_010,2025-09-04T10:22:52,-0.0762250080764078,-0.2888852281812952,0.8917548793120267,-0.4818029468548597,-0.0783888514469589,0.44276910472392284
veh_010,2025-09-04T10:27:52,0.1172811136733587,-0.1365541864238078,0.8808523523830906,-0.5831587809461944,0.9297560448113024,0.7466766743931059
veh_010,2025-09-04T10:32:52,-0.0036949854674239,-0.2074437726521076,0.8852311106539481,-0.3819810946895663,0.5340094887672207,0.5282396161057389
veh_010,2025-09-04T10:37:52,0.2189699085727053,-0.1980219572882516,0.8969314244255913,0.5668942989737366,-0.9879089741628948,0.759206126620855
veh_010,2025-09-04T10:42:52,-0.0511961654966047,-0.2565601480576528,0.8884505322938855,-0.1119045046426778,-0.0253388579891042,0.2412440161768472
veh_010,2025-09-04T10:47:52,0.1851277844506829,-0.1555574861703972,0.8840289063573176,-1.7589861705089018,1.312446175301694,1.4500327191164226
veh_010,2025-09-04T10:52:52,0.0618789649710243,-0.1666369526815618,0.9049251009493292,1.2786756179217271,-0.5865078294637266,0.9962751779898474
veh_010,2025-09-04T10:57:52,-0.0371548586833613,-0.2281993220030377,0.9039841392914676,-0.8277512398958762,-1.5263648363647824,1.0525818987156663
veh_010,2025-09-04T11:02:52,0.0950763290039384,-0.2790923209350027,0.9158578627557435,0.0893342069471959,-1.0365580999922008,0.5388061060224069
veh_010,2025-09-04T11:07:52,0.0541482152757517,-0.1579431692607899,0.9255090210325784,-0.3701781481564914,-0.6065310970812207,0.5521502074091276
veh_010,2025-09-04T11:12:52,0.0780568350868953,-0.2991506623664146,0.9114690274425384,1.1553446794413795,1.14717248346105,1.1041178902475124
veh_010,2025-09-04T11:17:52,0.0916677939270722,-0.0505067720462406,0.9219517463599785,0.6967262963975995,0.2196267934839251,0.5986415355159729
veh_010,2025-09-04T11:22:52,0.2328749121361532,-0.135377109800995,0.9181238060607544,-0.7158087332204051,0.1891816970468866,0.5982836369364194
veh_010,2025-09-04T11:27:52,-0.1082318279612347,-0.1209250073717923,0.9086633464337897,0.3696658588871808,-0.6548786061237193,0.5630291805674641
veh_010,2025-09-04T11:32:52,0.0327869015585838,-0.2497763960079222,0.9070637751163164,1.9565582805001365,-0.4658826535841932,1.2994566913485897
veh_010,2025-09-04T11:37:52,0.094832726870356,-0.1850566530551006,0.9154391691180174,1.1630875853332592,-0.141112341312541,0.8069653288839953
veh_010,2025-09-04T11:42:52,0.0515320340910151,-0.3439920677434283,0.9265815635866356,2.140081129983055,-1.174917489196763,1.6078321244678833
veh_010,2025-09-04T11:47:52,-0.153741398284368,-0.128955777566889,0.9176120157316356,-0.7106674690640671,-0.2640137645207149,0.6180602670345751
veh_010,2025-09-04T11:52:52,0.084815047312394,-0.2259978738445449,0.911167221316814,0.1139151202481685,-0.2653349512103677,0.3187914897505573
veh_010,2025-09-04T11:57:52,-0.051907966261933,-0.2122380924060624,0.9145363494952508,-0.203656906946445,-0.5130008342494612,0.43863597364711104
veh_010,2025-09-04T12:02:52,0.1584513078655066,-0.4250981886663715,0.9101079216711616,-0.6655810441064085,0.5090622667532736,0.6675307864134187
veh_010,2025-09-04T12:07:52,0.1156032544766962,-0.0831438912296102,0.903040090484902,0.5953271125109402,-1.6069032641579872,0.9603425535998465
veh_010,2025-09-04T12:12:52,-0.1122900643293309,-0.0146946296892949,0.8887658763481108,0.4207478328657055,-0.7025024621454747,0.5988778303461173
veh_010,2025-09-04T12:17:52,0.0869286291049353,-0.226570051647776,0.8969731224034817,-1.647919173049187,0.8837559265978524,1.2684809889846456
veh_010,2025-09-04T12:22:52,0.0027657956644797,-0.2427338129355262,0.9012267667798112,1.1082413332087135,0.9292108004615384,1.0131292600987805
veh_010,2025-09-04T12:27:52,0.1375604096370506,-0.1784189577959723,0.8923698922896901,-0.2870869590539263,-0.2130488917371437,0.3859321255060443
veh_010,2025-09-04T12:32:52,-0.0105462104774278,-0.1449148858773826,0.8946978376831471,-1.6795596365950625,-0.9556835726048004,1.3054244576156009
veh_010,2025-09-04T12:37:52,0.1018709794039738,-0.2549404680472593,0.8976944144548736,0.7983934395306223,-0.936298831577644,0.8596252521295791
veh_010,2025-09-04T12:42:52,-0.0822142050408303,-0.0346965112544642,0.9011823790055754,-0.4556097484187579,-0.9094111116245972,0.6808646834978731
veh_010,2025-09-04T12:47:52,0.0081226520702047,-0.288138785874866,0.9099467886101574,-0.8291555528346327,1.483970068106294,1.041758154571236
veh_010,2025-09-04T12:52:52,0.0191315346815988,-0.2751153077358751,0.9057174131928638,-1.7589861705089018,1.364183689443508,1.469891674726076
veh_010,2025-09-04T12:57:52,0.0422406318746021,-0.1098611864974627,0.8870032166797732,1.196414171997706,-0.9437048194746712,1.058719175177209
veh_010,2025-09-04T13:02:52,0.1848155137223079,-0.1874828937203714,0.8970621760324821,-1.5547983080321317,-0.1326593019433215,0.9966093798055587
veh_010,2025-09-04T13:07:52,-0.0180152817508752,-0.3289044095885493,0.8859094794280438,-0.0117857954701058,-0.2694466671028811,0.263908793751526
veh_010,2025-09-04T13:12:52,0.0969976297347757,-0.3427783176235054,0.8648063582713305,1.4163776817114029,-1.261380878940776,1.2595643761922004
veh_010,2025-09-04T13:17:52,-0.0418915015070165,-0.2756413569402697,0.8647765985455593,1.0476696737573925,-1.5248887248746157,1.1542567740501928
veh_010,2025-09-04T13:22:52,0.0741551324103354,-0.085940220480264,0.8575271360368115,0.015011865411038,0.0343235271478537,0.1893084180572374
veh_010,2025-09-04T13:27:52,0.0319504642449598,-0.2173018292145497,0.8582500682107431,0.0183857441903454,0.6128007714348573,0.36468311716777846
veh_010,2025-09-04T13:32:52,0.1396772158555496,-0.2691914920309589,0.8560849550806244,-0.3260896167650667,1.3663267613047778,0.7441598277900916
veh_010,2025-09-04T13:37:52,-0.1531492905379993,-0.1040079548066369,0.8493684745080881,1.2571169096767083,0.6163325277335453,0.9833319080600353
veh_010,2025-09-04T13:42:52,0.0543987727425546,-0.0135228889987787,0.846616977831725,1.2768506139344782,0.8835547889631538,1.0728151392225302
veh_010,2025-09-04T13:47:52,0.1009420807336521,-0.1766304518793804,0.855028588125023,-0.7338445703000197,-0.119204220158739,0.5736892688226362
veh_010,2025-09-04T13:52:52,-0.0047231921262521,-0.1739985670720632,0.8528378256002233,0.7245675947591714,-1.4358936851694124,0.9636194680504542
veh_010,2025-09-04T13:57:52,-0.0385344493657765,-0.2477452265585217,0.8385887684539385,2.10387566050782,1.4211057620120242,1.6459873125483049
veh_010,2025-09-04T14:02:52,0.1073966643697763,-0.3013758006775435,0.8385771608904593,0.5145241058343545,-0.6862583848344556,0.6308550005456057
veh_010,2025-09-04T14:07:52,0.1671372552286314,0.021688737664732,0.8291812675788581,-1.085495628896515,-1.3337197940833587,1.1087000061890366
veh_010,2025-09-04T14:12:52,0.2203203756864487,-0.0906108732369369,0.8278366842203803,0.0206344431484064,-1.0267441164266196,0.483907793346265
veh_010,2025-09-04T14:17:52,0.1485225886469006,-0.2164257351416058,0.8252564420784014,0.6185306098679054,-0.3038138662276409,0.5654607532179252
veh_010,2025-09-04T14:22:52,0.0357396001506452,-0.181883589322989,0.8331472328464596,1.70277769840392,-0.1927242785614442,1.0758355793396852
veh_010,2025-09-04T14:27:52,0.1398294300793053,-0.2004984575362546,0.8261251082120055,0.665754253413907,-0.7938142404959386,0.7362464204981362
veh_010,2025-09-04T14:32:52,-0.0833261412158262,-0.2118405859569234,0.8253026795766506,-0.5509182960306874,-1.3336934639138625,0.8406277231048325
veh_010,2025-09-04T14:37:52,0.1074003453131734,-0.0613461072578955,0.8279161446850417,0.0674732792746927,1.056483987728893,0.5162650648930225
veh_010,2025-09-04T14:42:52,0.0604914089205267,-0.1816643182615523,0.8143528880227461,-0.5812917486521709,-0.2301467854003172,0.5225604875507298
veh_010,2025-09-04T14:47:52,0.1007476631079097,-0.1420074087325887,0.8085855764143212,0.4723346449192712,1.3347746738157702,0.7983168398872309
veh_010,2025-09-04T14:52:52,-0.2283901458681573,-0.2256965085453873,0.8192903172796299,-1.7589861705089018,1.4414612755978318,1.4757895313897265
veh_010,2025-09-04T14:57:52,0.2182213014821051,-0.2501039756811876,0.8193116384949064,-1.3800699146851996,1.2462960033563335,1.227786086048481
veh_010,2025-09-04T15:02:52,0.0509411720099007,-0.1786944109158217,0.8327477721089649,0.6735824594621305,-1.0785243000156908,0.8268980741575654
veh_010,2025-09-04T15:07:52,-0.0055955596885649,-0.1390367693317378,0.8265558124214648,-1.7589861705089018,-0.3946716737647428,1.1632057498681667
veh_010,2025-09-04T15:12:52,-0.0890990625870097,-0.0398405355339693,0.8283097380700194,-0.9633396134850696,-0.6375597150151895,0.8385996688610955
veh_010,2025-09-04T15:17:52,-0.130120733550532,-0.280079027713368,0.8383927696366568,2.3143227370278545,0.5932841575128054,1.5028251696951003
veh_010,2025-09-04T15:22:52,0.0500679845940817,-0.2210308191797243,0.8289032908394229,2.134586920104576,-0.7904290348076589,1.4702028286624702
veh_010,2025-09-04T15:27:52,0.2713918985095545,-0.0595463961340609,0.8116326968743588,-0.7133871726519413,-0.5410292568337955,0.681328902750981
veh_010,2025-09-04T15:32:52,0.0512906773798456,-0.188154570281083,0.8413586475410045,-1.143109462909794,-0.7240320002579183,0.9570360610404733
veh_010,2025-09-04T15:37:52,0.1211016776551517,-0.1829581485599803,0.8424517587097968,-1.1092364042747358,-0.3343868953689831,0.8234246224900221
veh_010,2025-09-04T15:42:52,0.1105642992622617,-0.1538390795835316,0.8481087718519729,1.4584021443184252,-1.3897914655093575,1.3157602661824144
veh_010,2025-09-04T15:47:52,0.0664428861906427,-0.2864744744367943,0.8421560669349376,-0.2470472204294224,-1.1855607303967397,0.6476230427207206
veh_010,2025-09-04T15:52:52,0.0113415570464549,-0.2655953583235392,0.830367843602156,-1.7428025437265855,0.9262758074234464,1.3153575828107578
veh_010,2025-09-04T15:57:52,-0.0880416811407779,-0.2713269924377579,0.8264599085986866,-1.4134018148513747,0.9595589005789096,1.1598605593190976
veh_010,2025-09-04T16:02:52,0.1335044052853762,-0.2314221717671312,0.8221241223772384,0.5439699204585414,-0.5265817187121367,0.5943843003183593
veh_010,2025-09-04T16:07:52,-0.0191753144312837,-0.076975152962746,0.8308962264264101,0.6109661175597858,-1.447978677200222,0.9060559072252414
veh_010,2025-09-04T16:12:52,-0.1389310070246579,-0.063056895155082,0.8347859090467755,1.038552627512554,1.428709041502767,1.1148462080164623
veh_010,2025-09-04T16:17:52,0.0642002666404228,-0.2071733259798618,0.8384283805877212,-0.3432956617594839,1.4801576469341085,0.7833808010775187
veh_010,2025-09-04T16:22:52,-0.0997502509498021,-0.2307276473181653,0.858715251251543,-0.6717268770518384,0.5129593512709409,0.66149429415751
veh_010,2025-09-04T16:27:52,-0.0291851935966016,-0.15310970747807,0.851410702747532,-0.2115011050680212,1.560360330505147,0.744140792235061
veh_010,2025-09-04T16:32:52,-0.0107570915193555,-0.1130574409338186,0.8595681118503488,1.0847086928306169,-1.189147617863969,1.0710122541445688
veh_010,2025-09-04T16:37:52,0.3842386569682438,-0.089533556700957,0.8627912512355356,-0.93277700081626,-0.8131460055025097,0.88289055230599
veh_010,2025-09-04T16:42:52,0.2022878015886757,-0.031591256537064,0.8774578838070974,0.8028452732909462,0.6905814144167094,0.7840886377319054
veh_010,2025-09-04T16:47:52,0.1081344698860785,-0.2926352826912884,0.8627005517302266,0.2323205743665911,-1.3914456969148976,0.7061341066038102
veh_010,2025-09-04T16:52:52,0.1498609489835584,-0.1388417176120883,0.8679744628848939,-1.0463819226686328,-0.3629597930948525,0.805673791839751
veh_010,2025-09-04T16:57:52,-0.0917962590648344,-0.3600399304330609,0.8753224441218456,-0.8044690692860871,-0.6203473797162163,0.7634032373822776
veh_010,2025-09-04T17:02:52,0.1704096813866729,-0.2376047661788594,0.8811789722279223,-0.7083764069345696,-0.99868614615033,0.8300298417579682
veh_010,2025-09-04T17:07:52,0.0716574811082674,-0.2244732507999583,0.8768128105828995,2.0463775497649186,-0.4755395726474627,1.341213208793278
veh_010,2025-09-04T17:12:52,0.0976791041564737,-0.2708211305928589,0.8858237516275461,0.2942516593454417,0.9564878890923292,0.6112369467259288
veh_010,2025-09-04T17:17:52,-0.0354317735081832,-0.2505440676464583,0.8950230851785033,1.8326577424084465,-1.5780033991394462,1.5687345079817578
veh_011,2025-09-04T09:22:52,0.3420062195249452,2.43593900498725,1.744853390405187,-0.061538744808373,1.4943567176412804,0.828047065777608
veh_011,2025-09-04T09:27:52,0.3715711313648986,2.2388266940725545,1.736822096763965,1.0150465964995907,0.3643015757225644,0.9641781903193576
veh_011,2025-09-04T09:32:52,0.4833337633077019,2.46620073301096,1.7381576679902542,-0.342722388000047,0.8097903375031038,0.7619298288490055
veh_011,2025-09-04T09:37:52,0.4032248445921995,2.2197131414265305,1.7279028779610832,0.4964295736230262,-1.1543461247579083,0.9400991998311021
veh_011,2025-09-04T09:42:52,0.3290884520269722,2.401500317871354,1.7354333520012326,1.3719566203942608,1.5900136696234453,1.5100690814844104
veh_011,2025-09-04T09:47:52,0.3571417994003405,2.368075633064351,1.7202879599215437,-0.7018344930231436,-0.1654910546109569,0.7446221548791676
veh_011,2025-09-04T09:52:52,0.3339134003855708,2.450624757525841,1.7403542466722548,-0.8683755607897767,1.4915741584294928,1.2297308772581872
veh_011,2025-09-04T09:57:52,0.3877588012095939,2.3409124313613425,1.7443125585965171,0.2998011502013838,-1.4680356696295238,0.9391737877088524
veh_011,2025-09-04T10:02:52,0.4422627565536428,2.2128398108280254,1.752206977179799,0.91483370027751,-1.4964381700885634,1.2567896966012837
veh_011,2025-09-04T10:07:52,0.4451658440539456,2.3232598047480786,1.7541958350103108,0.1091134886946679,-1.355217686966628,0.8119612174393844
veh_011,2025-09-04T10:12:52,0.3236779996639321,2.247508128570987,1.742424980634082,1.4807728417422108,0.6434955768688057,1.2819200900585634
veh_011,2025-09-04T10:17:52,0.3287474817934268,2.2566592150687037,1.7453633050405546,1.018339648498559,1.7206980606519504,1.3744519034529756
veh_011,2025-09-04T10:22:52,0.3117336409017435,2.306195387251104,1.7539754688561362,-1.7589861705089018,1.328550538319827,1.6288533405216261
veh_011,2025-09-04T10:27:52,0.2887007266666825,2.294783734877165,1.7489987679838346,0.1262324184124647,0.8582432867105383,0.6703889488161607
veh_011,2025-09-04T10:32:52,0.299264185690527,2.33242767692457,1.7687888220276418,-0.5922502771379198,1.2487492168337848,1.0245076680246237
veh_011,2025-09-04T10:37:52,0.3322717548521653,2.46425155169185,1.7762316331385677,0.3033179782134464,-0.815623954486166,0.7515925020802865
veh_011,2025-09-04T10:42:52,0.2691766124044423,2.313327138669416,1.7851344348215,-0.0312645344918731,1.2980784768665448,0.7620826972702
veh_011,2025-09-04T10:47:52,0.4709029697066635,2.2786136143291147,1.782646399320436,1.019426838896985,0.3318702041184592,0.9658037605481173
veh_011,2025-09-04T10:52:52,0.2648548348192415,2.2474782920443346,1.7864100524108368,1.578480966343751,-1.309073704517039,1.5392446050091544
veh_011,2025-09-04T10:57:52,0.2062372291449676,2.28326198107424,1.777177452983311,-0.2970761986715015,0.2592723723949831,0.5817553016509078
veh_011,2025-09-04T11:02:52,0.1891193303027367,2.163415416983139,1.768957294609622,0.2826322354151901,1.4356287698032524,0.9257962075704951
veh_011,2025-09-04T11:07:52,0.3755932605410977,2.4106252919047697,1.751465567906047,1.224071608157959,0.0841114151455393,0.9875623422038506
veh_011,2025-09-04T11:12:52,0.4050719933622951,2.189550442030153,1.7515147437314962,0.229303129667569,0.3836589345612298,0.5800521939484526
veh_011,2025-09-04T11:17:52,0.1728129188027694,2.30934292542045,1.7407480292941395,0.5106038810187218,0.3555469036825073,0.7101156174729409
veh_011,2025-09-04T11:22:52,0.4607797034550874,2.2592930557471607,1.7499471245241318,1.4043766639252115,0.4347626054710847,1.1826065385087574
veh_011,2025-09-04T11:27:52,0.3931270102006019,2.3914137619837152,1.7473802773690683,-1.282645049976957,-0.490626609813119,1.1379865634062278
veh_011,2025-09-04T11:32:52,0.2114847662870314,2.2908452937407056,1.7469822030749846,0.7300668375590125,-0.5497680803724802,0.8793602835062473
veh_011,2025-09-04T11:37:52,0.2631071214398189,2.315372713850105,1.756966691207141,2.372483265827116,-1.339624125189041,1.9395222087116986
veh_011,2025-09-04T11:42:52,0.3633518290114084,2.210506099180255,1.7670744068432878,-0.9982058154657928,-1.1522343811404718,1.1981881034436954
veh_011,2025-09-04T11:47:52,0.2726624380841393,2.299881846821979,1.7702808785279258,0.4878316817124302,0.0241739339187551,0.6052241967374268
veh_011,2025-09-04T11:52:52,0.1984136701924869,2.3710034956602235,1.7697554709842367,1.196276699842364,0.6225084049833214,1.1388419656130258
veh_011,2025-09-04T11:57:52,0.1711066166129846,2.3036125239056937,1.7826127311866724,0.1505958038285495,-0.5788916866047807,0.6054879541330435
veh_011,2025-09-04T12:02:52,0.2444839472850947,2.46211699934422,1.7723979536047356,-0.7754951619230136,-0.6802095419737895,0.9462900342745908
veh_011,2025-09-04T12:07:52,0.1456680368829278,2.419374590142896,1.7785906281974218,0.9219989837481124,0.3084337368273655,0.9092477385617502
veh_011,2025-09-04T12:12:52,0.315585132013409,2.2125748855079688,1.7772009274683118,-1.036543304244521,-0.2741709867081984,0.9559631336283823
veh_011,2025-09-04T12:17:52,0.4126195291055589,2.4372630750785693,1.7808892668132938,0.9484800278803234,1.3743922138926148,1.2427355314706048
veh_011,2025-09-04T12:22:52,0.2837897978828723,2.3485241917837048,1.7770550355711927,0.2636944750148917,0.3539033637714164,0.5934292537531093
veh_011,2025-09-04T12:27:52,0.2433530363199173,2.3628317099819736,1.7858519655220129,-1.0474305200838034,-0.7065534499603336,1.0928516881344044
veh_011,2025-09-04T12:32:52,0.2783302123532276,2.30808258287684,1.7999095952571915,0.8261401880462452,1.1642131758160197,1.1223159658193667
veh_011,2025-09-04T12:37:52,0.5230984600704083,2.2443563578965118,1.7901286432246513,-0.7720764170869159,0.5028692529065448,0.8949247130603516
veh_011,2025-09-04T12:42:52,0.0956893373084272,2.288273119029262,1.784725909265379,0.801348480716594,0.93612619036648,1.038457279321317
veh_011,2025-09-04T12:47:52,0.2715169801415385,2.3588112758377537,1.7919014654712735,-0.8205821563803755,-0.250264950043264,0.8437508562974216
veh_011,2025-09-04T12:52:52,0.1086406553666867,2.2101412004816625,1.784535359889602,0.0599277085866456,0.740696146307913,0.609079770163617
veh_011,2025-09-04T12:57:52,0.2802634434420955,2.198228040800105,1.7862329958739696,0.4272440187694008,0.9880196060691224,0.867274490380231
veh_011,2025-09-04T13:02:52,0.3329773420829885,2.170297032686333,1.7800823812395143,-0.4431404927635039,-1.061677448769318,0.8960899572604502
veh_011,2025-09-04T13:07:52,0.3392551406995672,2.432727901442941,1.7881392589405976,-1.049375629221568,-0.7002559228826744,1.0923924432637058
veh_011,2025-09-04T13:12:52,0.3959298045855021,2.23531665239484,1.7965609321567355,-0.1851349800225741,0.8611060460085489,0.7102114902451988
veh_011,2025-09-04T13:17:52,0.3773731663630232,2.3258152591157555,1.7943021224430944,-0.0566979771383166,-0.9689243950484814,0.6778867315723216
veh_011,2025-09-04T13:22:52,0.3929050101928992,2.3027788077531537,1.7959534760120823,0.3555956798978922,1.152793100517107,0.8828264653064946
veh_011,2025-09-04T13:27:52,0.2420843112640884,2.1111277247393283,1.8015563334546136,-1.2841459246756648,0.0741434080488995,1.024627251443425
veh_011,2025-09-04T13:32:52,0.3689304812318981,2.359907488969325,1.789611176128062,-0.0856493125431623,-0.4230576026946925,0.5276641723056013
veh_011,2025-09-04T13:37:52,0.5036018540832728,2.3939624977903384,1.792959475137399,-1.067753134644724,-0.2508304050521333,0.9677175838654818
veh_011,2025-09-04T13:42:52,0.315896143143981,2.35620762939834,1.786680979757128,-0.1982546486826124,1.3565138130054002,0.8634176641943518
veh_011,2025-09-04T13:47:52,0.3564280215233807,2.350297915771411,1.7809347355529188,-1.4210993937385326,0.8704907517437613,1.3278838695029784
veh_011,2025-09-04T13:52:52,0.3730275917336833,2.526825427653912,1.7853736356423229,-1.4009417222339258,-1.501507211914915,1.507997751819902
veh_011,2025-09-04T13:57:52,0.382778245736705,2.425259480216446,1.7733404413549236,-0.1474745028620701,0.1437601813021789,0.4715333940926735
veh_011,2025-09-04T14:02:52,0.4184139654277782,2.276227077008015,1.7578256987439584,0.6314949204566034,0.4157352366095602,0.7920331709599614
veh_011,2025-09-04T14:07:52,0.3234581398855845,2.342470618800212,1.7531182296706902,-0.9012730002251162,-1.3295888951306958,1.2001368145859048
veh_011,2025-09-04T14:12:52,0.3705854060096555,2.3500012060480406,1.768020845704733,-1.1197198710609924,-1.3425905724151066,1.3162412763959748
veh_011,2025-09-04T14:17:52,0.3475712706320145,2.256702571182385,1.7757904119080812,-0.2133696006068532,1.0442655035571962,0.7751225337522016
veh_011,2025-09-04T14:22:52,0.3383318641811417,2.3216909184596983,1.7850634745729836,0.3932093096484324,-0.6662235435072478,0.7534844127909872
veh_011,2025-09-04T14:27:52,0.3638480437197511,2.2899720835564343,1.777957801959939,0.2842285081545745,-1.153134187895301,0.8436460708378652
veh_011,2025-09-04T14:32:52,0.501146472317903,2.4253538404991257,1.784236254456303,0.3778771790424819,-0.3865681241632073,0.6617562776614637
veh_011,2025-09-04T14:37:52,0.2053077393623679,2.2874996137058816,1.7852422530747818,0.2221831940108366,0.6338345627445399,0.6582904164437366
veh_011,2025-09-04T14:42:52,0.4241034503601251,2.2453935916725154,1.7784654001084503,1.4983664840566726,1.6134787331084863,1.5889199419825721
veh_011,2025-09-04T14:47:52,0.2925624826514977,2.297138461430418,1.7774463660412685,0.0154252860538571,-1.3917527529374227,0.780727742116409
veh_011,2025-09-04T14:52:52,0.5858765993008329,2.323408643434703,1.7840200603641287,-1.7589861705089018,-1.5033965722743858,1.6873160690095923
veh_011,2025-09-04T14:57:52,0.4549294648728719,2.34221189573972,1.7404752698898516,0.6866899355021343,-0.4627491926135893,0.8302647795131142
veh_011,2025-09-04T15:02:52,0.1316440739892371,2.441029677081924,1.7129744551342228,0.96250570039006,1.3013019605838971,1.2142383293970438
veh_011,2025-09-04T15:07:52,0.0961484319344759,2.346088489893817,1.7243920371493069,0.3626432942454708,0.7284893310217093,0.7447468538591095
veh_011,2025-09-04T15:12:52,0.2904666942742901,2.141961362856695,1.7312560807523711,1.8106700689874984,1.7053066018567025,1.7631782312012343
veh_011,2025-09-04T15:17:52,0.1324492748938429,2.172612827419331,1.7228631606423352,-1.6819897058845434,1.312829389243266,1.5794163018437186
veh_011,2025-09-04T15:22:52,0.3711788944969252,2.180100299983625,1.7305731201971486,0.6105000523201659,0.6701220233309779,0.852401257198806
veh_011,2025-09-04T15:27:52,0.3144424109724784,2.134140364578259,1.7272767182239708,-0.0098488104600515,0.0860269399015957,0.3761878308452986
veh_011,2025-09-04T15:32:52,0.3697213391169303,2.3282284790744248,1.724654141235363,0.2814665350404411,0.3787696044145677,0.5992949770916635
veh_011,2025-09-04T15:37:52,0.3221642242541813,2.334717401414008,1.722807121805969,-0.6933328141964882,0.719759188254161,0.9071555879356863
veh_011,2025-09-04T15:42:52,0.276075514190948,2.340781608400265,1.723087445823123,-0.3351319848852108,-1.4299896915598438,0.9411803890751831
veh_011,2025-09-04T15:47:52,0.2807978871458254,2.161032631356973,1.726886181620529,0.2243673027023821,-0.6610259213997975,0.655868664095236
veh_011,2025-09-04T15:52:52,0.2784584118753435,2.4742908062662408,1.7231187880004846,-0.9319256842183684,1.197918915914595,1.1699622744836597
veh_011,2025-09-04T15:57:52,0.1579086533206924,2.442200925229365,1.7367212677495911,0.6101251788858802,0.6565512858567096,0.8493722287498713
veh_011,2025-09-04T16:02:52,0.5133216014872709,2.275508941402083,1.7340522388995978,1.4841589958434238,-0.6674151785136458,1.2891144992557253
veh_011,2025-09-04T16:07:52,0.5524034464174348,2.3286248319015432,1.730113261539766,-0.6568109987701952,1.2949846848248392,1.0629235571405027
veh_011,2025-09-04T16:12:52,0.3038082851862638,2.4078748442703923,1.7360543478506745,0.0036538547371906,-0.549965006765548,0.5140272989683946
veh_011,2025-09-04T16:17:52,0.3544826210764453,2.396217433013499,1.740327551343901,0.1566486699598157,1.5246029537624042,0.8837707313774092
veh_011,2025-09-04T16:22:52,0.418674958163001,2.029569818007776,1.7441257971755315,2.668042815354048,1.2595578383597668,2.0607139186200603
veh_011,2025-09-04T16:27:52,0.3075403038229207,2.305922694551778,1.7395364725348503,1.0652933946161385,0.2975030131084235,0.9698048957475662
veh_011,2025-09-04T16:32:52,0.3470065526164802,2.377150361043195,1.7397026577876438,3.304924944367279,-1.58008394581377,2.474428187485299
veh_011,2025-09-04T16:37:52,0.3513155632955009,2.155312108657363,1.73431103946052,1.1812756367037314,1.1322677285540808,1.277180344810194
veh_011,2025-09-04T16:42:52,0.1154383543150881,2.3094811837508167,1.747910315856172,0.0267171202621796,-0.697954372605721,0.5723269350840404
veh_011,2025-09-04T16:47:52,0.1454206899670194,2.3466295459705955,1.7544708841679366,-1.7589861705089018,0.386069033513278,1.3462079721420217
veh_011,2025-09-04T16:52:52,0.4085007390006818,2.406788768572232,1.760260087746259,0.6654371161480819,-0.9226808538649046,0.9615748317827642
veh_011,2025-09-04T16:57:52,0.4188043343106352,2.145732648152771,1.7453679455470383,-0.7865848549038952,-0.7962991593731815,0.9812557643733097
veh_011,2025-09-04T17:02:52,0.3706496752098261,2.335344306357164,1.7564508502096752,1.1824433816032445,0.3217315704607605,1.0390313319817854
veh_011,2025-09-04T17:07:52,0.3556558812809371,2.2316221437523684,1.75458323484352,0.3186595570164879,-1.287106647779002,0.8963784198106485
veh_011,2025-09-04T17:12:52,0.5734705247200871,2.356727818019588,1.7486732104385605,1.9962524527890348,-1.5915145461895883,1.825315232339106
veh_011,2025-09-04T17:17:52,0.3450234660571221,2.2635315639026,1.7650627662443588,-0.1272585733357917,0.4816762342238045,0.5611447101839089
veh_012,2025-09-04T09:22:52,0.6898789451007132,0.3357274145872038,0.4203115379247725,0.1044320713501799,-0.7841236956837973,0.3715154519651836
veh_012,2025-09-04T09:27:52,0.7099332387920152,0.0581637548057409,0.4175503250221179,-1.6239664216282468,-0.6860678147087071,1.101313620231159
veh_012,2025-09-04T09:32:52,0.5266492900518723,0.1062213620602621,0.4351015557459268,0.5424685034894421,0.2296139528022414,0.4271387487345788
veh_012,2025-09-04T09:37:52,0.5055782435903275,0.2327818240968617,0.4462787557548719,0.0118474888748574,-1.5280252829618337,0.5535870804769532
veh_012,2025-09-04T09:42:52,0.6913367982483161,0.0232985159161745,0.4501681236929583,2.3570288394920804,0.1995032277193031,1.3283990128004226
veh_012,2025-09-04T09:47:52,0.5008033342810005,0.1474714181455586,0.4455051259983477,-1.4742107100322683,0.6770655128664786,1.0293260340757473
veh_012,2025-09-04T09:52:52,0.6906251648223611,0.0836663866615725,0.441762537813343,-1.0222592060489482,-0.7839498272788313,0.8346670587707921
veh_012,2025-09-04T09:57:52,0.5221812138607392,0.0217322572423402,0.4605349106162388,0.4698512538906038,-0.5015334736501864,0.4774926511636055
veh_012,2025-09-04T10:02:52,0.6671225675947682,0.1793765724007567,0.4564364105680959,0.2672123207267611,0.500887426704169,0.3751596704882504
veh_012,2025-09-04T10:07:52,0.6225167800698179,0.1413960821350662,0.4526400045823372,-1.406486366974725,-1.63542280171907,1.2843980249195508
veh_012,2025-09-04T10:12:52,0.5580814000297158,-0.0560553538971618,0.4576765614847906,0.9910752821803834,-0.8641963944053513,0.8463318717087552
veh_012,2025-09-04T10:17:52,0.5393414635243081,0.0635144169300659,0.4466698982081422,0.2004350366895504,-0.3701931754539696,0.3006094506225945
veh_012,2025-09-04T10:22:52,0.4972256500864492,0.0956950842647113,0.4270393827095371,0.9503622163611136,-0.9311235079343932,0.8399260371027822
veh_012,2025-09-04T10:27:52,0.5750854825787053,-0.0150376744455324,0.4212618016097091,-0.3096965893923857,0.0229314141366036,0.24598007925911572
veh_012,2025-09-04T10:32:52,0.6266540753281074,0.2384722277031918,0.4285310910903541,0.9877551905622828,-0.436211326268856,0.710447211379869
veh_012,2025-09-04T10:37:52,0.6356742997244759,0.1079224570067103,0.4385425787545173,1.1035716182628874,-1.3156540178913174,1.0341905302497423
veh_012,2025-09-04T10:42:52,0.4327303042530245,0.0367328814485841,0.4358157270992258,0.7970241001337708,-0.4018148856264026,0.6062196611746513
veh_012,2025-09-04T10:47:52,0.6925333877016869,0.2275173042711391,0.4477128024185977,1.2420472811293035,-0.1318205319144354,0.7501123606227018
veh_012,2025-09-04T10:52:52,0.6269451057251957,0.0574267557963781,0.4313522708150619,-0.3179300061651069,1.227331405841193,0.6134348789979238
veh_012,2025-09-04T10:57:52,0.6247502362245813,0.2896678747019798,0.4331105866193557,2.540028271081605,-1.6500729630848177,1.851658141790119
veh_012,2025-09-04T11:02:52,0.5808135546635323,-0.0020070149319838,0.4441285768995244,-0.5422118122245586,1.1221398126579971,0.6965735652895833
veh_012,2025-09-04T11:07:52,0.7070059824083527,0.2136276291086361,0.4553597577306863,-0.396001401249076,-1.2314615437021783,0.6585111152813287
veh_012,2025-09-04T11:12:52,0.5725593241208656,0.1803922830357979,0.4707728089668284,0.3670938979596551,-1.286466459268557,0.6636414485537603
veh_012,2025-09-04T11:17:52,0.6685055309538935,0.0903989432361108,0.4789945274582903,1.764891268605169,-1.2603836348706945,1.3563596302554508
veh_012,2025-09-04T11:22:52,0.5533754548630662,0.2161637003877504,0.4792492459632332,-0.2439775499459588,-0.7144994760051603,0.4321884669671741
veh_012,2025-09-04T11:27:52,0.7463794081580413,0.1495414520854193,0.4837586965008562,0.0361381657967714,0.9720015546958332,0.40642128860730686
veh_012,2025-09-04T11:32:52,0.5623055227193436,0.1231495996614158,0.5008041171440323,-0.2680306068682436,0.0272408539913223,0.2423483830603249
veh_012,2025-09-04T11:37:52,0.4918038806130031,0.1745638164846244,0.5143630610567886,1.6797959236658695,-1.590321105919967,1.4198669058202824
veh_012,2025-09-04T11:42:52,0.6361401115165339,0.0975863501197474,0.5196015806554997,0.3104823136026218,1.338671463622899,0.6607629120192805
veh_012,2025-09-04T11:47:52,0.5923699611132709,0.1511473061892729,0.5166832685688164,-0.2709384460593136,-0.5513618559453958,0.4042144335270388
veh_012,2025-09-04T11:52:52,0.8502980130644201,0.0046296372237607,0.5041879443656027,-1.0176487274009516,-1.219378924974433,0.9754756300659262
veh_012,2025-09-04T11:57:52,0.6683637837296899,0.1634726917125545,0.5058946803510314,0.5350947085184136,1.0798037839693149,0.6926674255202074
veh_012,2025-09-04T12:02:52,0.5540860224047017,0.1093920350867714,0.4901775312066489,-1.2309631118488664,1.2341868315916538,1.0837731116432592
veh_012,2025-09-04T12:07:52,0.6551633530839585,0.1328740699700068,0.4962399229281904,-1.7589861705089018,-1.3581620119382491,1.3861896734215637
veh_012,2025-09-04T12:12:52,0.6450486340564913,-0.134635387505899,0.5083895781158719,-1.7589861705089018,0.801499810815677,1.2216209441223285
veh_012,2025-09-04T12:17:52,0.4894773324109314,0.2039571211139474,0.5402180237176307,-1.7589861705089018,1.6306913816871849,1.4767441045041323
veh_012,2025-09-04T12:22:52,0.3972876467223765,0.1489222045734989,0.5381666189607746,0.1180383881903106,0.2001871741816924,0.2267086701418179
veh_012,2025-09-04T12:27:52,0.6568107853101388,-0.0169541391361162,0.5504850110675612,-0.4451713042815181,1.61119414408456,0.8160408975796392
veh_012,2025-09-04T12:32:52,0.7384557111699712,0.1052124014869907,0.5694108347224134,1.2585722165886437,-1.3954043393549964,1.1617895770453035
veh_012,2025-09-04T12:37:52,0.5700394457629913,0.1218768129650725,0.5845534225401963,0.4395765391791201,0.9154692091138162,0.611339716831744
veh_012,2025-09-04T12:42:52,0.5585214970388447,0.1066972807104063,0.597496394961367,-0.0136934747974876,-1.493919990410766,0.574522013514247
veh_012,2025-09-04T12:47:52,0.5219667962855624,0.0621827846731039,0.5835860776998759,-0.8015966799435459,-0.6010513975056829,0.697830974763453
veh_012,2025-09-04T12:52:52,0.5578478352883346,0.1734828714030563,0.5589941170386207,0.5762365793723857,0.5013151701134066,0.550311664127939
veh_012,2025-09-04T12:57:52,0.5302944564066927,0.1271775987169371,0.5540749912396378,-1.7589861705089018,1.5775978007798377,1.4635874237363296
veh_012,2025-09-04T13:02:52,0.602922890899036,0.0833978370673435,0.5444893814833361,-1.5533496001344866,-1.150382387956587,1.2306873927508868
veh_012,2025-09-04T13:07:52,0.7403107907809799,0.1291420185681771,0.5307708823990747,0.217648797259581,0.9517061857139616,0.5004904308237939
veh_012,2025-09-04T13:12:52,0.6651820925987271,0.1648420950491021,0.5011482753499141,0.5521327634410762,0.7732756121529141,0.6082787204363951
veh_012,2025-09-04T13:17:52,0.4360284854438455,0.0944970047457337,0.5052255557415906,-1.731890991643762,-0.1461251470400721,1.0108281510822208
veh_012,2025-09-04T13:22:52,0.6550862214662074,0.1153252072502128,0.4966177856644442,-1.0408707627280236,0.2308188137832506,0.6890045826318757
veh_012,2025-09-04T13:27:52,0.4270565245358109,0.2053341772716487,0.494978830328061,-0.1176979552900774,0.3693521360813053,0.2686503845350424
veh_012,2025-09-04T13:32:52,0.5638511980754601,0.1654482625343166,0.481720188718681,0.5034360066720712,-0.3475250974976203,0.45231957032905784
veh_012,2025-09-04T13:37:52,0.5140219685202283,0.1867752072263033,0.4598714062999189,0.3446652923429167,-0.4600997040951142,0.4023368386599764
veh_012,2025-09-04T13:42:52,0.7229172602137781,0.1456524763609003,0.4568784048795336,-0.6818850320492327,1.0815320258673875,0.7567778047607393
veh_012,2025-09-04T13:47:52,0.6330777053730591,0.0397597075604199,0.4643928729617668,2.2112734848451314,-0.789583364066759,1.4353903262349468
veh_012,2025-09-04T13:52:52,0.4437813794493402,-0.0077883796957317,0.4720972478613031,-0.0799909763482682,-1.020389139646387,0.44053167964031076
veh_012,2025-09-04T13:57:52,0.5250618727110896,0.1846477512730784,0.4705267478875981,-0.782923853170575,-1.1776358055138754,0.8388580178169697
veh_012,2025-09-04T14:02:52,0.4585525769608312,0.2871511643313185,0.469570535468034,0.6558572587427819,-1.1829218203382346,0.7767192825664679
veh_012,2025-09-04T14:07:52,0.4731018247796126,0.0904802289327401,0.4804955631041746,-0.5616530335451088,1.1997277026869766,0.7368439401994822
veh_012,2025-09-04T14:12:52,0.5941454821381585,0.1553138663340271,0.4967944037725058,0.3520521183629709,0.133796359415057,0.3155238477605037
veh_012,2025-09-04T14:17:52,0.6506687495169832,0.009172268843371,0.4872371018714803,-1.1500769743971957,-0.9483162945643242,0.9569807959421911
veh_012,2025-09-04T14:22:52,0.6583064236984248,0.1368278650280404,0.4880257892807321,-1.7589861705089018,-0.0293191940174952,0.9858940013158459
veh_012,2025-09-04T14:27:52,0.4889071603664599,0.2926758617813894,0.4736477375344398,-0.8664045564045956,-0.0143418937443576,0.5322343938324929
veh_012,2025-09-04T14:32:52,0.6148636659652759,0.0137509037690939,0.4630024089640266,-1.4516401923932818,-0.2502174814084498,0.893485822411981
veh_012,2025-09-04T14:37:52,0.6498856212463715,0.2714646870244809,0.4561994534785601,0.2110689879120064,-1.0802937808872697,0.5208625189178961
veh_012,2025-09-04T14:42:52,0.5449714722606379,0.0652718427555081,0.4608073022129417,1.045072949656808,1.511710503094843,1.0682110861994452
veh_012,2025-09-04T14:47:52,0.4940661094218806,0.1994954985594164,0.4603699297039146,-0.3567209603820511,-0.9867012092515096,0.5664448289072613
veh_012,2025-09-04T14:52:52,0.5224250861078434,0.2652971540480779,0.4634197788608905,0.1648786380181244,0.5343711741515281,0.3354346270266987
veh_012,2025-09-04T14:57:52,0.8237744849695621,0.2266126855901304,0.456266058423487,-0.3034524464721496,-1.2127901729351038,0.6068164868013033
veh_012,2025-09-04T15:02:52,0.5931838367854616,0.0491381920092812,0.4606195956112211,1.4996531703008906,-1.430206138273816,1.2710123457548343
veh_012,2025-09-04T15:07:52,0.4654607142387824,0.0684287434295861,0.4562861085770534,2.070537424512015,-0.9302061047177838,1.4055877653867532
veh_012,2025-09-04T15:12:52,0.6732302079369659,0.0877834669144652,0.4534455681747809,-1.5343833271739673,-0.968137381535362,1.1483219916825484
veh_012,2025-09-04T15:17:52,0.627789139185457,0.224930757953848,0.4513539081106983,-0.1657033428358119,-0.3565910184067121,0.2800997585620592
veh_012,2025-09-04T15:22:52,0.6679745110725556,-0.0188877093829409,0.4586563855241309,-0.0389798638144345,1.617370333996503,0.5964323092109942
veh_012,2025-09-04T15:27:52,0.3695736361439058,0.0990969710219853,0.4730192729139802,1.7322337583641434,1.4102515722349158,1.3837962054353425
veh_012,2025-09-04T15:32:52,0.7752551536998573,0.1073709985876679,0.48247708100079,-0.4890348286205929,0.5121690572235497,0.49466354767751924
veh_012,2025-09-04T15:37:52,0.5106381070791021,-0.0711076542301464,0.4952464361171315,-0.687976400556053,0.7786166761623268,0.6766224903501508
veh_012,2025-09-04T15:42:52,0.4602651518344855,0.0930917045858776,0.5127421978890205,2.1701254439556554,0.7339287367690429,1.4077897825863446
veh_012,2025-09-04T15:47:52,0.543025680854429,0.0196688876442864,0.5225475832410645,0.2818830182748605,0.6740585021634264,0.44766857643467106
veh_012,2025-09-04T15:52:52,0.5858354642855785,0.0689365060337033,0.5385626602217077,0.5539271000280381,0.3620032280492584,0.4932770504731381
veh_012,2025-09-04T15:57:52,0.3111956304180838,0.105261406802424,0.5592303787266544,1.3680445055403343,0.3526240511851898,0.901655543871055
veh_012,2025-09-04T16:02:52,0.5471382411536763,0.0048815295304654,0.5762063672741272,0.2376697997936516,-0.8329298766438521,0.4839551363448068
veh_012,2025-09-04T16:07:52,0.6126734983842522,0.0432493547171175,0.5765452512257205,-1.7589861705089018,0.8595682793340841,1.2526726192998203
veh_012,2025-09-04T16:12:52,0.5822134185883905,0.1859792564662991,0.5572853036915034,-0.4158161690978226,0.7488897222866929,0.5440320619732198
veh_012,2025-09-04T16:17:52,0.4330485319300585,0.1314434620973773,0.5579398425190615,1.7737098688244293,-0.7161934330601674,1.213300932834077
veh_012,2025-09-04T16:22:52,0.5613565266177811,0.1868005661623739,0.5447810211373627,-0.2483554330811752,1.449345666259199,0.6679376206458199
veh_012,2025-09-04T16:27:52,0.5646336478465674,0.1862208516794371,0.5502789057995741,-0.7998277445506793,0.0471269485098442,0.5241077379882076
veh_012,2025-09-04T16:32:52,0.7279798411892101,0.0376258510365551,0.5517191181508334,-0.2193894734428415,-1.2446794780222272,0.5934424037582555
veh_012,2025-09-04T16:37:52,0.4150829147673451,0.2359676881928549,0.5440367050751284,1.054529037580421,0.2020153074652075,0.6966764520447984
veh_012,2025-09-04T16:42:52,0.5158516667969422,0.2184842115798596,0.5538971213338643,0.2004601052936579,-0.987537161675584,0.507270625416277
veh_012,2025-09-04T16:47:52,0.5496318182769517,0.1104294149390809,0.5473330877490824,0.927049673645675,0.7213734628088752,0.7894034932153166
veh_012,2025-09-04T16:52:52,0.7274499815624678,0.0832304934309992,0.5475365550101328,0.7751939927968365,1.3066313506321787,0.8890937125900983
veh_012,2025-09-04T16:57:52,0.548693905823375,0.1085137107142262,0.5564042052332423,-0.7101479479029832,-1.2187591121708206,0.8319825486493861
veh_012,2025-09-04T17:02:52,0.5795911231047225,0.1876520462968399,0.5554136305282548,1.8718411526210368,0.902904126971566,1.317874540507639
veh_012,2025-09-04T17:07:52,0.5547315594032569,0.096039885616432,0.5423511155193352,-1.10079185515378,-1.1354549847181588,0.9995026460962046
veh_012,2025-09-04T17:12:52,0.6924292473062491,0.1082392493437237,0.5375429180381929,1.263983107753013,0.7844592171715682,0.9748379026356155
veh_012,2025-09-04T17:17:52,0.704414654377867,0.0357040891210376,0.5326295130718764,1.87752199143295,-1.6232449207491304,1.5322603745555892
veh_013,2025-09-04T09:22:52,0.6548152018175075,1.0697295402203382,0.962194653821259,-1.2298941661486091,1.3087499856027975,1.2000110095193957
veh_013,2025-09-04T09:27:52,0.6003842881993885,0.9633086630770858,0.956608088600455,0.4809546120488923,0.98429039816076,0.727086043192765
veh_013,2025-09-04T09:32:52,0.6470989383582266,1.0548781626361234,0.9452289708493736,0.4304711750794496,-0.0935343414130168,0.4323416841335045
veh_013,2025-09-04T09:37:52,0.7041638772999863,1.0323909594100853,0.9489339053232848,-1.7589861705089018,1.4404500171374803,1.501414871460352
veh_013,2025-09-04T09:42:52,1.023074991530599,1.0394654630266402,0.9477520554232376,0.7593947537950968,1.2279577633104697,0.9376351169753367
veh_013,2025-09-04T09:47:52,0.8098468812325003,0.8596295651898919,0.9533415846699962,2.6697231101457746,1.086376304913697,1.8514427634809953
veh_013,2025-09-04T09:52:52,0.5963529224289613,1.0752486175796034,0.9406357742053916,1.2705332304018504,0.6462845029978413,1.0172791209413559
veh_013,2025-09-04T09:57:52,0.719547337565421,0.9744371513370308,0.9352144151337796,1.5352434794943637,-0.7520476552517678,1.180278919349468
veh_013,2025-09-04T10:02:52,0.6560429997124723,0.9490091007650692,0.9166451006445416,-1.3249689563991172,0.0555535741589244,0.8624795705761442
veh_013,2025-09-04T10:07:52,0.8103748014938731,1.0007480945383158,0.9322266013553808,-0.7672472667710664,-0.7757198508814885,0.8027849089210559
veh_013,2025-09-04T10:12:52,0.6038743597482079,1.1379617465618908,0.9530361879907124,-1.7589861705089018,-0.3157687428178598,1.1648309456979513
veh_013,2025-09-04T10:17:52,0.8389011592261384,0.9223187429828462,0.9586583086979944,1.258693493574706,-1.5297511681286706,1.280003758965553
veh_013,2025-09-04T10:22:52,0.7418149256724402,1.0989946168281446,0.9761283756026023,2.01825370573164,0.8974072547816629,1.4735747044208392
veh_013,2025-09-04T10:27:52,0.6587322261355528,0.9689348424308368,0.9858209225636672,-1.4508684021495282,1.344459709986638,1.3259362985834888
veh_013,2025-09-04T10:32:52,0.7223991240454714,1.0058212657343386,0.9885970439373788,2.661973618557098,-0.7948100435031297,1.7671492311169636
veh_013,2025-09-04T10:37:52,0.6684539004157571,1.1401352511748195,0.9909739742689216,1.4863288317862486,-1.6428860240681742,1.4342250179673608
veh_013,2025-09-04T10:42:52,0.6871992910336944,0.8925267677595806,0.9749044444122248,-1.7589861705089018,1.4342534023114415,1.5047499948303282
veh_013,2025-09-04T10:47:52,0.5755358062635649,1.1613877088052516,0.9752045232330784,-0.2727043798263638,-1.5457658864136137,0.7951228604838816
veh_013,2025-09-04T10:52:52,0.7744870340269336,0.9791505679428844,0.965428501692619,1.2240855906341204,0.9963334717555264,1.1040285371822418
veh_013,2025-09-04T10:57:52,0.6885520715386986,1.1070596352991011,0.965517115588572,0.3826273000008556,-0.084198168635715,0.40967652370885665
veh_013,2025-09-04T11:02:52,0.9196661767296428,0.9990435781866814,0.9809544899431256,-0.2149051457943758,1.618802515968065,0.7892842256762325
veh_013,2025-09-04T11:07:52,0.7857117416463238,1.1517696887520408,0.972614588469056,1.1063155219162617,1.7228327833575363,1.2645305136592029
veh_013,2025-09-04T11:12:52,0.7469477513597804,1.0274332297929574,0.9729589104029378,-0.564489653000891,-0.7502807135395697,0.7019208226429039
veh_013,2025-09-04T11:17:52,0.8836780779554022,0.9614815786795146,0.9636120670006646,1.6655891561551268,-1.099486136350355,1.3553628323828029
veh_013,2025-09-04T11:22:52,0.9246759413738898,1.0104711398460535,0.9648649132309328,-0.7078751024519656,1.3574230902449942,0.9541374609456676
veh_013,2025-09-04T11:27:52,0.5342472349216693,1.110909614605149,0.9680741279636954,-0.0777011644438329,1.198825424967219,0.5921130353048212
veh_013,2025-09-04T11:32:52,0.6224032371403199,1.114692078704964,0.956455641576982,0.5172908001478612,1.25918912475291,0.8276932658152
veh_013,2025-09-04T11:37:52,0.861030984636294,0.9171718443789032,0.9511306162386564,0.4227889194169311,-0.3857785203050001,0.5173541390476968
veh_013,2025-09-04T11:42:52,0.5718108132668579,1.0844031632456517,0.9510312377442904,1.9826230321273863,-0.1419389912190763,1.224099460978274
veh_013,2025-09-04T11:47:52,0.8291991103227961,0.9382291559781154,0.9408322674014166,0.736465419416212,0.6688485081738215,0.7570537156405357
veh_013,2025-09-04T11:52:52,0.6161235685582103,1.0524474947958735,0.9271254993342528,-0.20691304353817,0.6994669909859523,0.49872171893172124
veh_013,2025-09-04T11:57:52,0.6684987259908163,1.028287614197907,0.9159167001684144,-0.6950040530914241,0.4453161402338121,0.6642802086495385
veh_013,2025-09-04T12:02:52,0.8026042698197455,1.0567686118648254,0.9059727169696064,-0.3464553391469798,1.1134245996490852,0.6884495928621368
veh_013,2025-09-04T12:07:52,0.6104325578407657,1.170655135297044,0.9045591363495932,1.9579694899764133,-0.8074286927711346,1.4021251800894656
veh_013,2025-09-04T12:12:52,0.7084973112942738,1.1070119699783465,0.8780441607111791,0.1965663830561725,-0.8181761407269443,0.5193448658884052
veh_013,2025-09-04T12:17:52,0.8610828555899293,1.1356544661404504,0.8667967061380407,1.2802868564530645,-0.7730716406894158,1.045424261660965
veh_013,2025-09-04T12:22:52,0.621430867529692,1.067753603717979,0.8647850135890626,1.5899046012550366,-0.7583668473195444,1.195419357541194
veh_013,2025-09-04T12:27:52,0.7327220032908864,1.1299900780549608,0.8756274886953705,0.8011868701114696,-0.9308088047804924,0.8549615742289566
veh_013,2025-09-04T12:32:52,0.7731259771417165,1.0651482573995823,0.8879214233288547,-0.1125380970189822,0.0523524512289508,0.24955906854394727
veh_013,2025-09-04T12:37:52,0.884696050210081,1.1937952573010395,0.887840310431811,-0.491459606137087,1.2188158733396743,0.7889426271568079
veh_013,2025-09-04T12:42:52,0.7923479189424748,1.0782343340980023,0.884646983063931,0.3290090419809076,-1.6748451448782562,0.8438874610667167
veh_013,2025-09-04T12:47:52,0.6455029185661729,1.0617328390541318,0.8872802782834424,-0.4097975660216216,0.3029825980698542,0.4732496180884555
veh_013,2025-09-04T12:52:52,0.8413124787372446,1.136116084233834,0.8845395938423296,0.7721571112489106,1.3183546032706532,0.9584928553741172
veh_013,2025-09-04T12:57:52,0.5882180549655079,1.1098281581953533,0.8859893786597673,2.6923105860036856,0.7101623483651827,1.736401873243351
veh_013,2025-09-04T13:02:52,0.7833985893637267,1.0723595457319928,0.8876136815014072,-1.0662725938340245,-0.9820171387821636,1.0052641748519426
veh_013,2025-09-04T13:07:52,0.6246283215327941,1.04609645927482,0.8667244417852394,-0.5863011094153777,-1.597004548213282,0.9455968075287213
veh_013,2025-09-04T13:12:52,0.6905072767749175,0.9917805758533812,0.8633362533012588,1.7836500830061766,0.5976626597130671,1.2437910900772602
veh_013,2025-09-04T13:17:52,0.6559328924518791,1.0442714324019968,0.8630553542167699,-0.819965321272172,1.5840848041879756,1.0578191727358326
veh_013,2025-09-04T13:22:52,0.8134114645121643,1.0131828587159688,0.8521947754178968,-0.0626403250930749,-1.2217119783742405,0.5682727111423889
veh_013,2025-09-04T13:27:52,0.5143364022219769,1.046713093668458,0.8608060804194582,0.453903216714074,-0.0584539121569892,0.41664899808802536
veh_013,2025-09-04T13:32:52,0.8375306756927384,1.178492310094042,0.8885859783992949,0.7745965889933252,0.0541169793805279,0.5812505839906799
veh_013,2025-09-04T13:37:52,0.8097238165982801,1.0008467342240763,0.8896543438130218,-0.6943449907890374,1.355362507222293,0.931712116323811
veh_013,2025-09-04T13:42:52,0.6467489617870481,0.9895509148928744,0.8937564485922126,-0.1614531898858648,0.3397064478619563,0.3613898190199618
veh_013,2025-09-04T13:47:52,0.5661815341211496,0.9488287703752144,0.8849964069248132,0.4154463100498602,1.3358390047098574,0.7854741378228498
veh_013,2025-09-04T13:52:52,0.8189008065202802,1.1169114789597696,0.8956308500985426,0.6181193766729044,1.3576647203008083,0.8954852744464032
veh_013,2025-09-04T13:57:52,0.8223166351196579,1.1316501189881685,0.8993621252024,1.3105178428780693,-1.264754041068609,1.2145575588000972
veh_013,2025-09-04T14:02:52,0.6829846938020431,1.0232669200748734,0.9107979930551796,1.624311269036468,1.653764999708817,1.4904447330419148
veh_013,2025-09-04T14:07:52,0.8535768043267522,0.9466898891352666,0.8994758965837505,-0.2623590668456768,0.127633228651002,0.34936468133488907
veh_013,2025-09-04T14:12:52,0.5558695614607861,1.107806690851736,0.906216307584742,1.083753176554793,-0.6230496401365344,0.9100347418353052
veh_013,2025-09-04T14:17:52,0.708136000642515,1.0476259439498283,0.9229630583015588,-1.7589861705089018,1.181065483252314,1.4184053418904568
veh_013,2025-09-04T14:22:52,0.712659734578712,0.9542865077792608,0.9204002393969444,-0.1492953838620617,-0.2582451319009687,0.3362012793807103
veh_013,2025-09-04T14:27:52,0.7185674019585467,1.1058845399451167,0.918056219288548,-0.4910867574166458,-0.746656191927172,0.653151480144184
veh_013,2025-09-04T14:32:52,0.7113587433633852,0.8963664635017312,0.9226353361608918,-0.4887948683164164,1.227114781619038,0.797058935876098
veh_013,2025-09-04T14:37:52,0.7713586381785522,1.1538232891751157,0.9126050789154276,-0.4056093516121239,0.3501107049535266,0.4903589030752054
veh_013,2025-09-04T14:42:52,0.6414073143086034,1.161080575997519,0.927362603308036,-1.217195182075304,-1.477985009877394,1.2374656146624774
veh_013,2025-09-04T14:47:52,0.7044654727736063,1.1021210702272464,0.909903371447372,-1.6924639677655098,0.1081496755657771,1.0606575608419624
veh_013,2025-09-04T14:52:52,0.5167089351780783,1.0107932483091846,0.9115114984863948,0.4167446862713984,0.965659128815946,0.6803723814777619
veh_013,2025-09-04T14:57:52,0.6754363536190677,1.125029496690123,0.9143410514783454,-0.6936020784520132,1.3330956841919928,0.9295979547792734
veh_013,2025-09-04T15:02:52,0.7505177736418831,1.202315250432742,0.9221422375077082,1.2514679775291797,1.4172998967928634,1.2353524053039906
veh_013,2025-09-04T15:07:52,0.6595537868411068,1.029495529276813,0.9207178406971864,-1.0708026092708671,-0.0624306092847116,0.7382740555602842
veh_013,2025-09-04T15:12:52,0.8006621590213886,1.0232768812136424,0.927084308287889,0.2153317695128677,-0.1004215965541888,0.32320922538026825
veh_013,2025-09-04T15:17:52,0.5773345661641597,1.0374321907672892,0.92650850296583,0.6340491048172314,0.1834069764723277,0.55734834594348
veh_013,2025-09-04T15:22:52,0.4614808090956622,0.954628899163404,0.925902840549126,0.0491845843187774,0.4187558198488584,0.3353996062238713
veh_013,2025-09-04T15:27:52,0.7705258400143478,1.0575298565163955,0.9255814838532892,1.1361439565434874,0.7674486862514392,0.9834228809178333
veh_013,2025-09-04T15:32:52,0.6980405010218984,0.9539602722789376,0.9396585751204388,0.3925385495941075,0.2988594783184551,0.473858833316678
veh_013,2025-09-04T15:37:52,0.700629891636104,1.0954019951134122,0.9371711708134116,-0.5760080873561748,0.2099039584674084,0.5384094653809922
veh_013,2025-09-04T15:42:52,0.7460859142247179,1.0186435898096395,0.932669400557866,-1.4135527392919314,-0.3905277074386961,1.0104685619891476
veh_013,2025-09-04T15:47:52,0.6939362127526735,1.021864109499404,0.9346414218702108,0.7639871557837051,-0.2378846914584507,0.6402872697034299
veh_013,2025-09-04T15:52:52,0.7675164768456393,1.0290275431714913,0.9290161816855586,-1.1083030864914158,-1.3238691312294688,1.1371155189516602
veh_013,2025-09-04T15:57:52,0.714074217540778,0.9807616002863844,0.929969172981537,-1.0263250275189917,-1.2635755752954363,1.078229020944434
veh_013,2025-09-04T16:02:52,0.7942514831090315,1.008350193007685,0.9216648887472542,-1.160474148554933,-1.5707581110635895,1.2357974853459943
veh_013,2025-09-04T16:07:52,0.8499417150304748,1.014661094448794,0.919526265614475,1.1021323900286475,0.4289746850628778,0.863663853656082
veh_013,2025-09-04T16:12:52,0.909287074464626,1.266526115067768,0.8926764537919158,-0.1194415315607565,1.635108293828283,0.7287885446872463
veh_013,2025-09-04T16:17:52,0.6855603123579385,1.0133066434558826,0.9007299869534248,-0.1351839906516212,1.6679119732330896,0.7481115846864224
veh_013,2025-09-04T16:22:52,0.6948423195550453,1.0958561094033383,0.8889861839150588,-1.7376367187982584,-0.5280565489490849,1.2050325608668664
veh_013,2025-09-04T16:27:52,0.6476995936609549,1.038167135734356,0.8850396208296392,0.5551058914085605,1.5660488187563344,0.9243755154971084
veh_013,2025-09-04T16:32:52,0.7702438709087853,0.9160008626664494,0.8713076110007182,-0.4344244392523447,-1.2090182073938436,0.754179204044469
veh_013,2025-09-04T16:37:52,0.5394749264593746,1.1227976208445984,0.8605301295369241,1.5427151335899292,-1.301626212194558,1.3339514563607169
veh_013,2025-09-04T16:42:52,0.687216301352191,1.0891497092215017,0.8483078731743291,0.6340848668517699,0.1169613300220928,0.5217924070673786
veh_013,2025-09-04T16:47:52,0.6031065684635663,1.0247225946899807,0.8436871463631039,-0.3573086974456593,0.2363821444320794,0.41830642132507423
veh_013,2025-09-04T16:52:52,0.6333754741396808,1.2038001421617834,0.8305411136128384,1.670321645857037,-0.9126694805702243,1.2750698898221533
veh_013,2025-09-04T16:57:52,0.712002674398761,1.006954137776496,0.827130951336891,0.8197352434939037,-1.3139950877827695,0.9694923383491608
veh_013,2025-09-04T17:02:52,0.8314569211635552,1.014503414533822,0.8289589635471588,-0.8347211906202162,1.5108547342638297,1.0364088082986886
veh_013,2025-09-04T17:07:52,0.5971851163291467,1.011609225060364,0.8314353228887958,-1.7589861705089018,0.4570060258614267,1.1828819575906382
veh_013,2025-09-04T17:12:52,0.8640890398907571,1.1495634006739557,0.8256296603779314,-1.477091437367078,-1.15818616039524,1.2511274988776973
veh_013,2025-09-04T17:17:52,0.4797770755119298,1.1485233641014343,0.8235106404886963,1.895874045567361,1.5455007779332894,1.5762893842614065
veh_014,2025-09-04T09:22:52,-0.2461470989121562,-0.0809045608238478,-0.6217154151807983,1.8476305652930636,1.0715377974629712,1.369619704921583
veh_014,2025-09-04T09:27:52,-0.1683566255847927,-0.2224083487964067,-0.6352923386322991,1.521737399936963,0.5879599652234578,1.0643151572619787
veh_014,2025-09-04T09:32:52,0.0395788965822153,-0.0871566470638475,-0.6320193432301265,-0.3381972023931832,0.3423740783942151,0.39821469336088144
veh_014,2025-09-04T09:37:52,-0.1103683159541234,-0.1662663821014061,-0.6251142187414201,-0.1679946661470478,-0.5464706070217202,0.37296135892832405
veh_014,2025-09-04T09:42:52,-0.0486834113775516,-0.1392655172493523,-0.620263699664934,-0.4917817144199539,1.6385228394373614,0.8615004489741721
veh_014,2025-09-04T09:47:52,0.0651275663129669,0.003210158654194,-0.6114955916061531,-0.4227700583610684,0.5107522533996512,0.48690982352166023
veh_014,2025-09-04T09:52:52,0.0297639676262103,-0.1649055578810498,-0.6177712354822468,1.9386444165633272,-0.7613339243764018,1.3212766326910337
veh_014,2025-09-04T09:57:52,0.0684711126480852,-0.257308966530931,-0.61263027784455,2.1464112044126025,-0.3801714338662731,1.3097830879350931
veh_014,2025-09-04T10:02:52,-0.135284358079719,-0.2369062291909784,-0.6018922575410482,-0.8222354193202752,1.3507811814866435,0.9367305156143403
veh_014,2025-09-04T10:07:52,-0.2325788533265003,0.0041198240082579,-0.5904345391550251,-0.0505664307231616,0.759517353168538,0.37122532914314726
veh_014,2025-09-04T10:12:52,0.0451606539245809,-0.1659760903091432,-0.6013993732449143,-1.7589861705089018,1.4147586070233504,1.4242005420104389
veh_014,2025-09-04T10:17:52,-0.2546479460953429,-0.1887008613077226,-0.594014028955233,-0.4098028916932518,-1.3576973610146978,0.7310134599420819
veh_014,2025-09-04T10:22:52,-0.1813331975001359,-0.1278403093583593,-0.5749566035446414,-0.3816816365918327,0.9527719552420992,0.5916637255774745
veh_014,2025-09-04T10:27:52,-0.2657648179028301,0.0008654636643894,-0.5796910123345137,1.0800878894716908,-1.5921082875959218,1.1336146334815247
veh_014,2025-09-04T10:32:52,-0.0475051889397633,-0.0742465557564669,-0.5841797125963228,1.123316356064539,1.618253023379692,1.1639700275654417
veh_014,2025-09-04T10:37:52,-0.0308277561235595,-0.1681233641084573,-0.5807117175514246,-0.5002796518064105,0.4604323234330196,0.5044118664433961
veh_014,2025-09-04T10:42:52,-0.2165576988815249,-0.1117060182422235,-0.5802733261680094,-0.5819459145193497,-1.248453045879141,0.7815635362570191
veh_014,2025-09-04T10:47:52,-0.0953831010285402,-0.188129065973067,-0.5815507512826895,-1.0682186709022143,1.1733447145591045,1.0024229000753766
veh_014,2025-09-04T10:52:52,-0.0026384098619941,-0.1094469686991945,-0.5699221162009888,-1.7589861705089018,0.848923471630086,1.2481545499836746
veh_014,2025-09-04T10:57:52,-0.1488471282999742,-0.255554974439048,-0.572269500346002,0.1973158735918816,-0.1352796853016779,0.25369574245564463
veh_014,2025-09-04T11:02:52,-0.222930756745404,-0.0982533652750654,-0.5721267389390741,0.3455310167304471,-1.4336758161417886,0.717293600995575
veh_014,2025-09-04T11:07:52,0.0298449406874131,-0.1427617766369129,-0.5545249216039642,-0.8434047314735151,1.613951561468705,1.0167928184981618
veh_014,2025-09-04T11:12:52,-0.1147992324304567,-0.162597810339365,-0.5482516656927889,-0.3301572350468656,1.6792718886747715,0.7785105172644221
veh_014,2025-09-04T11:17:52,-0.4158764704307361,-0.021045007086999,-0.5360461637078762,1.9544282440556404,-0.828712714315688,1.3330371690641019
veh_014,2025-09-04T11:22:52,-0.2384067639905777,-0.1707222317207859,-0.5359328200896907,-1.0697716181005223,-0.9689746800745612,0.9327647770905676
veh_014,2025-09-04T11:27:52,0.1156976526241733,-0.0912958746527273,-0.5360406002728216,-1.3706147514372558,0.8331734973652709,1.0424675449827734
veh_014,2025-09-04T11:32:52,-0.1011674163523673,-0.1591851447255633,-0.5312668299672488,-0.6295472871610284,-1.3938403109855204,0.8391791028696202
veh_014,2025-09-04T11:37:52,-0.0435414508358398,-0.2612078975671269,-0.5204817426864333,-0.1266591777395543,-0.5739430585650421,0.3396088549765765
veh_014,2025-09-04T11:42:52,-0.1289816740368282,-0.1456536736962302,-0.5325092501443894,0.7762690964420215,-0.4261500210573877,0.622481404567105
veh_014,2025-09-04T11:47:52,-0.1575822300968036,-0.1335126208409178,-0.5313065743934829,-1.7589861705089018,-1.2061142543894805,1.3475886764499916
veh_014,2025-09-04T11:52:52,-0.0290937949782695,-0.167073569672578,-0.5335361578233349,0.1521253785461885,-0.7527499862239997,0.4085949167049612
veh_014,2025-09-04T11:57:52,-0.2121287391688304,-0.1368204854781759,-0.5236738707795482,-1.11588903668775,1.545193662749505,1.1262373913246362
veh_014,2025-09-04T12:02:52,-0.2473288571595688,-0.0503292884418966,-0.5245901646441935,-0.9058983947369512,-0.6496582713234915,0.7527647116943618
veh_014,2025-09-04T12:07:52,-0.1466911479566978,-0.2400774198593094,-0.5348435643910877,-1.5431894669382704,1.7022966920586158,1.3892524539649376
veh_014,2025-09-04T12:12:52,0.027258680101856,-0.1984579324239552,-0.5302181040876109,-0.8913768088189203,1.0254049859059415,0.8593535209987649
veh_014,2025-09-04T12:17:52,-0.2116842710907902,-0.1301350988704146,-0.5296937616103217,2.414648646964966,-0.7588113286470636,1.5409064743986665
veh_014,2025-09-04T12:22:52,-0.1682572441565675,-0.0730048640519494,-0.5084807452913156,-1.7202946733733149,1.1687034542146084,1.3124545220093031
veh_014,2025-09-04T12:27:52,-0.1325668295981133,-0.1705014660719333,-0.511782053659444,-1.3802956116067635,-0.541063525578867,0.9548232742089307
veh_014,2025-09-04T12:32:52,-0.2514369172647614,-0.1513163623965303,-0.5014062766982207,-0.0491037497309869,0.2650996908637028,0.20436303746424847
veh_014,2025-09-04T12:37:52,-0.2440249804459088,-0.1539513079234458,-0.5089168333698249,0.1968712376874408,0.2524420928075746,0.2759516133599578
veh_014,2025-09-04T12:42:52,-0.0273087533919743,-0.1233835834741139,-0.5070334498635075,1.488147927663395,0.6306043765758029,1.03466196677714
veh_014,2025-09-04T12:47:52,-0.1815820268794387,-0.1820611953792327,-0.5089435228334711,-0.1126099355618277,0.6678054641048321,0.3584353115790577
veh_014,2025-09-04T12:52:52,-0.3116359962977287,-0.1832258227023182,-0.5053736608618192,0.1248048372752692,1.5729587833341585,0.635364785810246
veh_014,2025-09-04T12:57:52,0.0872244027342677,-0.0664335257435689,-0.4916575523993915,0.7836011613315702,-0.120338975393318,0.5262337837636588
veh_014,2025-09-04T13:02:52,0.0767347279882909,-0.0494638510508996,-0.4846494930570094,-0.2320024074643297,-1.2398430675255148,0.5848840226012212
veh_014,2025-09-04T13:07:52,-0.1426862593550206,-0.0786484673742419,-0.4917961290695516,-0.2172428579055828,-0.8912041245677511,0.4743418921370271
veh_014,2025-09-04T13:12:52,0.0639261376884619,-0.1531087472569699,-0.4872762756220229,1.50560732883783,0.9250065554749451,1.127760886185803
veh_014,2025-09-04T13:17:52,0.0359812309949327,-0.2434511252134593,-0.4634916923618928,1.1183049946479815,0.9193284108649352,0.92764935905585
veh_014,2025-09-04T13:22:52,0.0340499364286502,-0.2369843378134807,-0.4663550658694138,1.4914638911373022,1.722050361397825,1.3556180671618814
veh_014,2025-09-04T13:27:52,-0.0526302385434053,-0.0865282067326953,-0.446818203950668,-1.6715202489576002,1.5695393241654254,1.3959855625185613
veh_014,2025-09-04T13:32:52,-0.1649054866505186,-0.1731483402973867,-0.4589418165745685,-1.1542101481909235,0.2610780735617141,0.7472168594788897
veh_014,2025-09-04T13:37:52,-0.2203310108783411,-0.0681186657350821,-0.4655191608312911,-1.285006655620771,-1.0137047632341276,1.039718588946882
veh_014,2025-09-04T13:42:52,-0.0750617168359917,-0.1581403150235411,-0.465179759249013,0.709869218736659,0.8226517513246111,0.6947660866155154
veh_014,2025-09-04T13:47:52,-0.139905061771336,-0.2259786007653632,-0.4644248192544283,0.474194465532339,1.632731686659595,0.8198017026149337
veh_014,2025-09-04T13:52:52,-0.1981027402394196,-0.1972255381119201,-0.4664866414030095,-0.8127333419144588,0.6675147179577923,0.6999184146251691
veh_014,2025-09-04T13:57:52,-0.2697354021716984,-0.2733493884375207,-0.4697991815652345,-0.2010963254532519,-0.5768801927584729,0.3675720568672147
veh_014,2025-09-04T14:02:52,-0.1696452180400089,-0.1690821550800667,-0.4737011249676919,0.1411287558271267,0.2035981128290057,0.22638403675580349
veh_014,2025-09-04T14:07:52,0.0393389361339984,-0.0904179890867412,-0.4817085689443141,0.0811855675334072,1.3288104658811335,0.5355776373199065
veh_014,2025-09-04T14:12:52,0.0129611076947832,-0.1867159282933698,-0.4740957344718977,0.0261667410634007,1.6639062343442437,0.607074387729353
veh_014,2025-09-04T14:17:52,0.0205973121988058,-0.1161801907759534,-0.4766978633423928,0.5117635269417988,-1.0926218924219049,0.6790079038659494
veh_014,2025-09-04T14:22:52,0.0596370708874013,-0.1266636831942781,-0.4807222794515367,-0.4977950795843595,0.3657850073069605,0.4547774978745753
veh_014,2025-09-04T14:27:52,-0.0530210862957758,-0.2061445977210357,-0.4698274543959082,-1.3684916896859567,-0.7465443891690253,1.0021746524728676
veh_014,2025-09-04T14:32:52,0.0064950726316342,-0.3239960509861828,-0.4498040650478744,-0.4619254028458165,-1.222255795596444,0.6876002531114164
veh_014,2025-09-04T14:37:52,-0.051528321931379,-0.0693708614436425,-0.4470868384922242,1.0245549446826616,-1.0305444215674744,0.9108581665100179
veh_014,2025-09-04T14:42:52,0.0677147914902082,-0.0873994292077011,-0.4275955173117207,0.9239296295590458,-0.4100918945345982,0.6705114866022465
veh_014,2025-09-04T14:47:52,0.1529513334850246,-0.1844125419397163,-0.4127580940620327,0.0104301805715774,-0.0411917953668083,0.10012424770823777
veh_014,2025-09-04T14:52:52,-0.1778388335597764,-0.0782510162894532,-0.4152700196534232,1.632260628082813,1.1111360040684448,1.2325251191926245
veh_014,2025-09-04T14:57:52,-0.0149870712809855,-0.3250425322954648,-0.4161189937095041,0.4114009597199926,0.9975800193609864,0.5881982844101931
veh_014,2025-09-04T15:02:52,-0.0124592560426174,-0.1659736592208247,-0.4156349725645781,1.2166429417274924,0.3979580839419687,0.8108358905592525
veh_014,2025-09-04T15:07:52,-0.0497336804113695,-0.1631411764851674,-0.4246861606371256,0.3340741174857821,0.7418241912605312,0.47452154824847553
veh_014,2025-09-04T15:12:52,-0.0046409295001746,-0.1455575446467074,-0.4159978577825565,0.8894380582291633,-1.6082491592719177,1.0103933484526681
veh_014,2025-09-04T15:17:52,-0.1783001580017747,-0.1897989499157239,-0.4076854412759464,-0.0616022322272479,1.4276761381187506,0.5406410458044385
veh_014,2025-09-04T15:22:52,-0.2777284698539537,-0.060020279211652,-0.4131100779248628,0.3276415146874114,-0.8683748480923225,0.506955227356375
veh_014,2025-09-04T15:27:52,-0.2400398390095843,-0.1375981723915068,-0.4148035495097508,0.3792103445543212,0.402341740031545,0.3932684041885743
veh_014,2025-09-04T15:32:52,-0.2420977488745549,-0.0832001305127734,-0.4045697117315742,-0.2123015971709898,-1.232139647758313,0.5567066352593036
veh_014,2025-09-04T15:37:52,-0.0668668873618184,-0.1031022539573589,-0.3987921404744023,0.5688904472970476,0.2731765909063411,0.4461566290153066
veh_014,2025-09-04T15:42:52,-0.0095409875736612,-0.0303899810529579,-0.3969459957771246,-1.5787372118388885,-1.192169238430474,1.2264085766040114
veh_014,2025-09-04T15:47:52,-0.0893277303971938,-0.2348581991166672,-0.4005189570696709,-1.4901484163087528,1.41041333640604,1.2483020004901226
veh_014,2025-09-04T15:52:52,-0.0921799605708477,-0.2791935439211001,-0.397032043374268,-0.0766085462341128,-0.0580082924160299,0.13511316951671903
veh_014,2025-09-04T15:57:52,-0.1480693091186736,-0.2045052485281207,-0.4046796604729598,-0.5798736189721934,-1.253670169455054,0.746973792417205
veh_014,2025-09-04T16:02:52,-0.0939841835257099,-0.1504766043312161,-0.408879450819806,-0.3847296703881345,0.4222872850104316,0.40082691086115796
veh_014,2025-09-04T16:07:52,-0.1860841964767634,-0.1829642430123735,-0.3762008355254314,0.422331861046896,-0.1212266054762939,0.32277407927142254
veh_014,2025-09-04T16:12:52,-0.0243361298982564,-0.2141085731686636,-0.3671819566330678,-0.2379895256298912,1.4867540721802694,0.6384573757956401
veh_014,2025-09-04T16:17:52,0.0525049182809256,-0.0835005981638392,-0.3575288431478309,0.4368619765252523,-0.7409901276786327,0.5122337951957822
veh_014,2025-09-04T16:22:52,-0.0475277401371097,-0.026636366417842,-0.3561920952091649,1.8648861009849047,0.5585187213629375,1.1712370859431664
veh_014,2025-09-04T16:27:52,-0.0875656310568273,-0.1113584050615093,-0.3548305536247201,-1.3249252314792943,-1.234131232072552,1.1036680960863567
veh_014,2025-09-04T16:32:52,-0.0866429166755872,-0.170412729918909,-0.3514804303269186,0.0046981680686776,-1.4990353242204688,0.5223557673658632
veh_014,2025-09-04T16:37:52,-0.0423388929944494,-0.1188186420816508,-0.3650446692489948,1.8534764499702807,-0.7835250771931312,1.2348046819928786
veh_014,2025-09-04T16:42:52,-0.1169263799755863,-0.1639051311686868,-0.3698902440949804,1.5957481843900123,0.2770346663726475,0.9549625409257966
veh_014,2025-09-04T16:47:52,-0.0642659419677927,-0.143114870857247,-0.3637479203039259,0.0595419543684472,-0.7432500106405387,0.3254955644371705
veh_014,2025-09-04T16:52:52,-0.0749214911633934,-0.1726306895594027,-0.3612451844313978,0.1958157629400255,1.122414014978904,0.5068811228499636
veh_014,2025-09-04T16:57:52,-0.1708871532558769,-0.070785598407455,-0.3702367801853677,-0.6158128266836979,1.4308058097775307,0.8111955123121817
veh_014,2025-09-04T17:02:52,-0.2162928397723391,-0.0437583459904619,-0.379850834732901,-0.7478296357544847,1.12043414148191,0.7860152272683956
veh_014,2025-09-04T17:07:52,-0.1660194844641004,-0.1502486222522279,-0.3898912631488654,0.8527462893594586,-0.2329847499617032,0.5742468222980134
veh_014,2025-09-04T17:12:52,-0.0347364188378455,-0.0860546137202802,-0.3891611791288263,-0.5654613915574006,-1.4708610875205823,0.8018212578606403
veh_014,2025-09-04T17:17:52,0.0204984710042487,-0.0659495976156019,-0.3960395111305648,0.0240533096289823,-1.5671522818486452,0.5613802415951977
veh_015,2025-09-04T09:22:52,0.0745504173560356,-0.3391500923508709,-1.182926069912691,-0.4056506091954033,-0.3553361762338036,0.5460113714503809
veh_015,2025-09-04T09:27:52,0.0822934784264005,-0.1507386289707243,-1.183576362898455,0.5851951480422625,0.0723499889113064,0.5510178432742142
veh_015,2025-09-04T09:32:52,0.0911340318071478,-0.1982089511931106,-1.196103467397537,0.5460687688194226,0.3239286948977144,0.609433686358533
veh_015,2025-09-04T09:37:52,0.2620990616488806,-0.2382442217366844,-1.1855619792579568,-1.1905408789737402,0.3438252660319152,0.935530415148036
veh_015,2025-09-04T09:42:52,0.2082338210633686,-0.1047601367197859,-1.1690274062109487,0.02565652685049,-0.1113492862944325,0.28003853055576455
veh_015,2025-09-04T09:47:52,0.1410047759482474,-0.1111054263549701,-1.1783748664579228,0.4214826093806564,0.0077163763012705,0.44873119087229396
veh_015,2025-09-04T09:52:52,0.0576023548130149,-0.1670210673934846,-1.1913956873374787,0.428534428772606,0.3587698527797885,0.5601773076877353
veh_015,2025-09-04T09:57:52,0.1197858414940934,-0.2940188893698518,-1.1961001343127988,-1.026696620259044,-1.2270992044676838,1.120698098332387
veh_015,2025-09-04T10:02:52,0.1802790766978282,-0.23537403639722,-1.1794886695440223,-0.7692360367259369,-0.9218484191491946,0.8970702780165313
veh_015,2025-09-04T10:07:52,0.0656577935007563,-0.2018659456923705,-1.1677509770941918,1.1645365433122068,-1.159370856330958,1.1636297239742293
veh_015,2025-09-04T10:12:52,0.2256912074514722,-0.1710458590367401,-1.1731077610072276,0.6260119281754147,-0.8666692386214194,0.8076282878755787
veh_015,2025-09-04T10:17:52,0.2173332799728625,-0.1582032718246063,-1.1664392525584115,-1.544070358735516,0.1511717562224729,1.0506745567461822
veh_015,2025-09-04T10:22:52,0.068111932332888,-0.2604861779159937,-1.1449904386668652,-0.2821860946657106,-0.0410185327057839,0.38239669487796357
veh_015,2025-09-04T10:27:52,0.2855931595739853,-0.2921367887356589,-1.1494293232097983,1.287510497097679,-1.6727634398267242,1.3754701451388165
veh_015,2025-09-04T10:32:52,0.013490801461083,-0.16018186721117,-1.1533626959732817,1.5913529473222336,-1.0800667764850005,1.3503690458012734
veh_015,2025-09-04T10:37:52,0.2754319414164168,-0.0512232126609671,-1.1618049782764497,-0.219444165023517,0.092859296103935,0.36994086699822903
veh_015,2025-09-04T10:42:52,0.0840935116563084,-0.1843932814583068,-1.1640364321616217,-0.2736245319512486,0.0298364468116867,0.3785704864514547
veh_015,2025-09-04T10:47:52,0.1771887128398844,-0.1938068288936487,-1.169977440818199,-0.5976376901321144,-0.7835068016110334,0.7678663737130071
veh_015,2025-09-04T10:52:52,0.1655572214663831,-0.247125179871875,-1.1667636072378251,-1.7589861705089018,1.7244951679261504,1.630194357079861
veh_015,2025-09-04T10:57:52,0.1845092689618483,-0.2729220216153178,-1.1695407957354682,-0.9120792766455011,-0.551943529843257,0.8555308564228215
veh_015,2025-09-04T11:02:52,0.1719352122753952,-0.1926666579092915,-1.1743349699412755,-0.0340516679421779,0.8122540006139317,0.49556902814352366
veh_015,2025-09-04T11:07:52,0.1530197475482545,-0.2911930316914983,-1.1770871152182922,-1.7589861705089018,1.6033888325376051,1.595927158059391
veh_015,2025-09-04T11:12:52,0.3168060492380214,-0.1348458018232073,-1.1640008103613122,1.432399281009833,0.1739931045487179,1.0011977339417943
veh_015,2025-09-04T11:17:52,0.1246432095490157,-0.3000606254287706,-1.1526238566258125,0.049899001179556,1.282697955800173,0.6402836586549925
veh_015,2025-09-04T11:22:52,0.1334424123655711,-0.0337788166531063,-1.154179401723103,1.3784089502415675,-0.485280750523607,1.0656245806224864
veh_015,2025-09-04T11:27:52,0.067491336066146,-0.2512075620051557,-1.1644276791552834,-1.3026758276257808,0.9762979301555408,1.1771128286906094
veh_015,2025-09-04T11:32:52,0.1503318535036261,-0.2036715532137228,-1.1589091819464097,-1.7589861705089018,-1.387592131846995,1.5275525611978316
veh_015,2025-09-04T11:37:52,0.1350468290843378,-0.1612069852009328,-1.152751035466911,1.414715453381172,0.0455545270755066,0.9515742919066202
veh_015,2025-09-04T11:42:52,-0.0428549615928821,-0.2032503627976937,-1.1507598051364167,-1.0982152613570668,-0.3770260173315843,0.8923673969052921
veh_015,2025-09-04T11:47:52,0.1338513951733992,-0.3270858496475562,-1.1440979446416717,-0.6065747608693662,0.1288886521311365,0.5707735650023584
veh_015,2025-09-04T11:52:52,0.1236697448861115,-0.0990117817139511,-1.144503877468665,0.0650826397285393,0.6039002663207316,0.4426121752542222
veh_015,2025-09-04T11:57:52,0.216447668188778,-0.0889413841811122,-1.138076393517523,0.7001097716622102,-0.6648067924975206,0.7771122022838659
veh_015,2025-09-04T12:02:52,0.0316719711785728,-0.2858066525316438,-1.1401100914152544,-0.775986017902905,-0.6852105009644168,0.8215781775238284
veh_015,2025-09-04T12:07:52,-0.0176453822842411,-0.3274198147839905,-1.1426551039524755,-0.0901053466716529,-1.5597379201359824,0.7415050701671163
veh_015,2025-09-04T12:12:52,0.1779566941879192,-0.2466814840987202,-1.1318354278103369,-0.1864401348566441,1.553850477068944,0.7857422961110726
veh_015,2025-09-04T12:17:52,0.1904168892082783,-0.3323331226379981,-1.1327348555174348,-1.30861018453078,1.392947887045783,1.298736429482612
veh_015,2025-09-04T12:22:52,0.0953433008179133,-0.1745149658495491,-1.1460524705482125,-0.0022037788547338,-1.137509400981011,0.5715652038313127
veh_015,2025-09-04T12:27:52,0.2610326837576488,-0.2759033034924971,-1.145876361597186,0.1748414394524257,1.7167026929377218,0.8316067999269666
veh_015,2025-09-04T12:32:52,0.0215377396718392,-0.2889013608930187,-1.1180530434135436,-0.3029114523126313,1.1149792724961465,0.7095601165878683
veh_015,2025-09-04T12:37:52,0.1116423638406215,-0.4532423610823103,-1.1156628479101058,0.8285407645343593,0.7144462289430707,0.8517368205321221
veh_015,2025-09-04T12:42:52,0.1228531835630373,-0.1265962093015277,-1.1330268889320398,-1.398412256609744,0.0629905810945333,0.9447086804196401
veh_015,2025-09-04T12:47:52,0.0946210822599008,-0.2342998296235488,-1.145564666610508,0.2063610017181122,-1.4624066940988265,0.7710154424108058
veh_015,2025-09-04T12:52:52,0.2251018023876532,-0.1905763306837803,-1.1435140762862115,-1.528743150461319,0.5924548800799115,1.1708108545118754
veh_015,2025-09-04T12:57:52,0.1368742014708151,-0.2230414716301857,-1.1331141535343674,-0.7692691970380502,0.6500999508476708,0.8062874144801998
veh_015,2025-09-04T13:02:52,0.3148560340179526,-0.1417115842591675,-1.1428429785431358,-1.7589861705089018,-1.321587877472136,1.504538044204719
veh_015,2025-09-04T13:07:52,0.1812108639867205,-0.2742251652866379,-1.1311999636755,-0.9177671348051696,1.3901159665509577,1.1021583501029721
veh_015,2025-09-04T13:12:52,0.2226656619811612,-0.3068148203162351,-1.1322861333750134,1.120422895821417,1.3390983987442906,1.1883981942089985
veh_015,2025-09-04T13:17:52,0.2951014507550478,-0.1080238967724942,-1.1322093606810009,-1.7589861705089018,1.551495311610586,1.571383550873827
veh_015,2025-09-04T13:22:52,0.2465701617246624,-0.3454413670182623,-1.1354505064848888,0.3360973591728547,-0.5692890819703276,0.5659255054745034
veh_015,2025-09-04T13:27:52,0.1123973073747016,-0.2652277770806345,-1.135970825530827,0.3490873399087194,-0.3720878424543429,0.513364187796828
veh_015,2025-09-04T13:32:52,0.2752356853062465,-0.2789973361655232,-1.134778698379436,0.4476166773684604,-1.5461917558159703,0.9146216051049085
veh_015,2025-09-04T13:37:52,0.2542270027373149,-0.1951268701013319,-1.1269524909219688,0.1852451788850648,-1.1992040513816982,0.6777743030414357
veh_015,2025-09-04T13:42:52,0.1066456346463582,-0.2641029015378739,-1.1148051461340718,0.6464497769206535,1.5036639908256415,0.9972851149348335
veh_015,2025-09-04T13:47:52,0.1881762196805561,-0.4182915113491114,-1.1204992568003198,0.9865673325140916,0.4717187004583236,0.858899127754607
veh_015,2025-09-04T13:52:52,0.1818652707935123,-0.475137268193009,-1.1243908393243705,0.335879622465168,-0.3155953126011589,0.4874965728778058
veh_015,2025-09-04T13:57:52,0.2665225060390223,-0.2269036473046203,-1.1260343251600873,-1.4094315000310362,1.422815021868083,1.3567671216079606
veh_015,2025-09-04T14:02:52,0.0435686519701379,-0.3717691346892842,-1.1368004847999884,1.5587884637026748,1.2156944000490315,1.3714626488260446
veh_015,2025-09-04T14:07:52,0.192087451102124,-0.253728550358864,-1.15456469839432,0.9605352961609912,-0.4094333838033647,0.8340106029003691
veh_015,2025-09-04T14:12:52,0.1144251096981216,-0.2131352606006311,-1.152277990440909,-0.7766187410247966,-0.841457668792511,0.8712022692383334
veh_015,2025-09-04T14:17:52,0.0897329420535007,-0.2745401335974269,-1.1599479187630448,0.9960033068691564,0.2846774729913404,0.8153944790845894
veh_015,2025-09-04T14:22:52,0.2002180925482711,-0.1943007736469261,-1.1504191597617013,-0.1566682148516817,-0.2274536828557377,0.37665404423490245
veh_015,2025-09-04T14:27:52,0.152778831392606,-0.1698769793397419,-1.1653299700114588,-1.7589861705089018,0.586345151224411,1.288462624624066
veh_015,2025-09-04T14:32:52,0.2132713093443674,-0.166240348180341,-1.170537871497319,1.5389752819965763,-0.7515723932001243,1.2290669332577893
veh_015,2025-09-04T14:37:52,0.2122383004691388,-0.1557015969811948,-1.1534860997358614,-0.3488142715856562,-0.1921188862007533,0.4627400216002264
veh_015,2025-09-04T14:42:52,0.0198519672265551,-0.0709793884923742,-1.1493052451930608,0.4558170946725358,1.2357447708891165,0.8284930276416151
veh_015,2025-09-04T14:47:52,0.2026307074663379,-0.3235091300688092,-1.151248821730262,-1.036069042574307,-1.1663120758929215,1.0981779084010825
veh_015,2025-09-04T14:52:52,0.1296837959659199,-0.2602329527599101,-1.165071699578197,1.6463645951913437,1.1222687639390672,1.3928772666930316
veh_015,2025-09-04T14:57:52,0.1474402139657316,-0.1412822463809154,-1.160398199858381,0.2704911831619979,-0.1828577437908251,0.4221825546899227
veh_015,2025-09-04T15:02:52,0.1834715182591703,-0.1490152213256205,-1.1529265067158945,0.1524520874633036,0.997657759707572,0.6061086729871024
veh_015,2025-09-04T15:07:52,0.3234699500698618,-0.2505797922525686,-1.1490442501899194,0.4149082958196985,1.0831203573437822,0.7621991051509678
veh_015,2025-09-04T15:12:52,0.0890583359771313,-0.2396061977886823,-1.1539275767299346,-1.5410966602130654,-0.2374705475816458,1.0725750097270135
veh_015,2025-09-04T15:17:52,0.1967336995732907,-0.0963168062543017,-1.148427411704821,-1.7589861705089018,0.2430536133847672,1.1820946516108453
veh_015,2025-09-04T15:22:52,0.1140883517693738,-0.168223852618865,-1.1485676488503147,-0.2188952049878412,0.4796250495695665,0.4830486471348535
veh_015,2025-09-04T15:27:52,0.1677961862389227,-0.0893760018081764,-1.1487626992894755,1.116660328277171,0.6725520383175776,0.9898483154917539
veh_015,2025-09-04T15:32:52,0.2369170255395512,-0.3663507587942179,-1.1376844888419828,-0.4960044194675247,0.6474396388626708,0.6697709991609602
veh_015,2025-09-04T15:37:52,0.0725457585152054,-0.3131372639649245,-1.1180765629660432,-1.0174713521947567,0.7245820802017959,0.9497256127511258
veh_015,2025-09-04T15:42:52,0.1819161639778288,-0.2454683613486582,-1.118521314256448,-1.3770171051618745,-0.3927841910616874,1.030048072750733
veh_015,2025-09-04T15:47:52,0.0614972210114341,-0.2432854644141832,-1.109341336185715,0.2480267916230596,-0.8696979465461399,0.6067910470125149
veh_015,2025-09-04T15:52:52,0.2554077917098897,-0.2089320065230261,-1.1147204037526766,0.7626017241365487,0.4796680276472211,0.7481453511129761
veh_015,2025-09-04T15:57:52,0.0531842094057795,-0.0448441123680086,-1.114891913988732,-0.1026005703731964,-0.7602726945024886,0.5023604763350913
veh_015,2025-09-04T16:02:52,0.2883383804480733,-0.254735440775673,-1.1302197945756092,-0.726683201205545,-0.9249950154620028,0.8668840641564951
veh_015,2025-09-04T16:07:52,0.2534673144482868,-0.2308629940052117,-1.1165956099583605,0.7639244291871565,-1.5802761191061938,1.0793641723171086
veh_015,2025-09-04T16:12:52,0.1534114508653963,-0.1791720430766962,-1.1248488332955475,-0.0128578907295679,0.204309326656891,0.29269151002096083
veh_015,2025-09-04T16:17:52,0.0009222695632167,-0.2250514929452326,-1.1278554802714975,1.0566146155903755,-0.1310688644490565,0.7931990631842043
veh_015,2025-09-04T16:22:52,0.1317974706154543,-0.2509206435554131,-1.1183305320943495,-0.0630647706857631,1.68322228308245,0.7601651766864864
veh_015,2025-09-04T16:27:52,0.2364325905139853,-0.2445928531680398,-1.1159528571612354,-0.3875147684525327,-1.0514472301720212,0.7323821247101199
veh_015,2025-09-04T16:32:52,0.0364885789808283,-0.2811692532260845,-1.1114319175409442,1.2631699021612357,0.373234421731254,0.9658416611081829
veh_015,2025-09-04T16:37:52,0.3078379737549597,-0.2207005016727205,-1.1301220061479191,-1.7589861705089018,-0.5691213895471859,1.2762539033481906
veh_015,2025-09-04T16:42:52,0.1680688172066486,-0.2141333844937361,-1.123839969139198,-0.5916981761285417,-1.3196082350154992,0.9164995523967602
veh_015,2025-09-04T16:47:52,0.1286314706517311,-0.2053307384946813,-1.1215504520146866,-0.8421258794160067,0.7126709855090781,0.8591743257636641
veh_015,2025-09-04T16:52:52,0.1077479056064474,-0.2852403695705054,-1.1269315657172698,1.1054846283337725,-0.7939569138320007,1.0163157014599404
veh_015,2025-09-04T16:57:52,0.1004177956754195,-0.126379160838749,-1.105673169654228,0.2015224439538399,0.842245114698929,0.5745693903174443
veh_015,2025-09-04T17:02:52,0.27391331944175,-0.2618796936722893,-1.1054089296154077,-1.3576352269086112,-1.6256785309376198,1.3876029586586731
veh_015,2025-09-04T17:07:52,0.1072673371336405,-0.2439438085811661,-1.112848703945237,-0.3175388928727819,-1.5369070992712557,0.842411317006815
veh_015,2025-09-04T17:12:52,0.1580649498782053,-0.3732290201159139,-1.1202510314622924,-1.6051135212168877,0.5252802105408917,1.18419103006317
veh_015,2025-09-04T17:17:52,0.2205029222011146,-0.1856093360233108,-1.1280629394591768,0.2403609713388532,-1.5843706010241532,0.821104253868508
veh_016,2025-09-04T09:22:52,0.8308744922209049,0.8290701438517459,-0.7383193434882461,-0.5332857635710776,0.5623644456551886,0.5830160841797446
veh_016,2025-09-04T09:27:52,0.6845255790740252,0.8630717380103344,-0.7623400612121645,-0.3330198547689647,-0.3773744987360226,0.43219028924772207
veh_016,2025-09-04T09:32:52,0.6946373167001897,1.0382403745806013,-0.773872989127397,-0.6064243921547161,-0.6446047646904018,0.651368223309958
veh_016,2025-09-04T09:37:52,0.6792258173152085,0.9741257608820514,-0.7592093061558418,-0.7497900651809148,1.5703864037046955,0.9978528149330345
veh_016,2025-09-04T09:42:52,0.6197410333831854,0.9984413522277512,-0.7480877231859557,-0.128300389352537,-0.4499088101365175,0.34874038235441496
veh_016,2025-09-04T09:47:52,0.6047499358758898,0.8979796349734028,-0.7426376935510914,-1.7589861705089018,1.3852917196660846,1.4436081398644944
veh_016,2025-09-04T09:52:52,0.8979833261591582,0.8636443448772543,-0.7278588634951025,0.6605925732136241,-0.2249232185502093,0.5433450248708953
veh_016,2025-09-04T09:57:52,0.7064047467082272,0.8715010415473671,-0.7373088142437075,-1.0309342331032132,1.1980031392817838,1.0223298211848832
veh_016,2025-09-04T10:02:52,0.637763165796311,0.9782854826192172,-0.7416392150086409,-0.0443543433432074,0.6774454848304868,0.373738660122478
veh_016,2025-09-04T10:07:52,0.6757388775238731,0.9331231266772856,-0.7619420234143405,0.4418644270427014,0.4388221449534846,0.5049672616902643
veh_016,2025-09-04T10:12:52,0.7130038014095205,0.958453047274188,-0.7557681771427304,-1.3742127021845705,0.4387941192512672,0.9698982222962115
veh_016,2025-09-04T10:17:52,0.66670481818791,0.8993584308418113,-0.7759271644071074,-0.0313817093420351,1.4951845476545635,0.6194316518488081
veh_016,2025-09-04T10:22:52,0.707370587252137,0.9293561442019012,-0.7737075774243609,-0.5835139305165268,0.4084348318269813,0.56902893029123
veh_016,2025-09-04T10:27:52,0.7491206237802923,0.7985751306057561,-0.7794453652936458,0.483049207426803,-0.4573438862760864,0.5346168426549567
veh_016,2025-09-04T10:32:52,0.7319300653426076,0.9318988671229728,-0.793776171436603,0.2389709535101564,-0.8001542254550682,0.5182869786789193
veh_016,2025-09-04T10:37:52,0.8589783894961612,0.8350757994601055,-0.7961734794144631,1.0887401236258003,0.0550411706240597,0.7201171088830107
veh_016,2025-09-04T10:42:52,0.6245819360208147,1.108606573315705,-0.806874292751287,-0.0851670747943576,-1.1731717784907727,0.5559099294946681
veh_016,2025-09-04T10:47:52,0.7625749069301081,0.8661005201900486,-0.8087073165803436,-0.2630342129980665,1.1752914056752335,0.645845991517672
veh_016,2025-09-04T10:52:52,0.9513097861140214,0.8634248092334361,-0.8027851118833604,-0.3672279591029967,1.3706420870818756,0.7553636280527332
veh_016,2025-09-04T10:57:52,0.6900864658048628,0.7457839818349431,-0.8043786482919145,-0.4428280630028399,1.5369107353001663,0.8433629817498527
veh_016,2025-09-04T11:02:52,0.6157739083148867,0.8318302654547196,-0.813292154905145,1.4896667420127458,1.2607975170144037,1.285731057091723
veh_016,2025-09-04T11:07:52,0.7921174463136597,0.9687073593455432,-0.8147418531160363,-1.4561296984695145,-0.8928586849551234,1.1588708253445015
veh_016,2025-09-04T11:12:52,0.8219388756025332,0.771371599111436,-0.8108525227490847,0.1019129544471009,-1.5960711468306703,0.6919483258225685
veh_016,2025-09-04T11:17:52,0.7830230683170941,0.8002916870458698,-0.820530823311898,0.7294285186575392,1.1793879458912782,0.8826368077585327
veh_016,2025-09-04T11:22:52,0.4600373600980886,0.9402753181773764,-0.830811662372505,0.4705231580690056,-0.4524721362600162,0.5371655523870087
veh_016,2025-09-04T11:27:52,0.7374261472361402,0.9709723567958828,-0.829285822104522,1.641064783112732,-0.5561108448267262,1.1532228094252883
veh_016,2025-09-04T11:32:52,0.7349221052664325,0.942434334346695,-0.8311749138341918,1.1863340975507726,-0.2760157113976663,0.8422067449615246
veh_016,2025-09-04T11:37:52,0.9432045935393424,1.0706180827585383,-0.8283764528378136,0.5598218092330077,1.5954194543005282,0.9242120314742251
veh_016,2025-09-04T11:42:52,0.6167265763407309,0.7668241526105132,-0.8159114106763465,0.2687125723587816,-0.5959756579837788,0.47633126570979384
veh_016,2025-09-04T11:47:52,0.7368608098534589,0.6718129385460869,-0.8178019960996429,-0.8043879316707544,-1.3999620890041131,0.9857429917565397
veh_016,2025-09-04T11:52:52,0.835499655226524,0.933899456927888,-0.8138786161854842,-1.58207179877575,-0.1239569841065345,0.9909987178569323
veh_016,2025-09-04T11:57:52,0.7988441755581666,0.9930370033853394,-0.7928636709888164,-1.7589861705089018,0.1891129214906346,1.0947996958994046
veh_016,2025-09-04T12:02:52,0.6613318443243305,0.8981457423111062,-0.7927307099788481,-0.2621463042789616,0.7122283072209775,0.5032877863015437
veh_016,2025-09-04T12:07:52,0.6253265258343045,0.7907864488938603,-0.8028921386602088,-0.3940542695408722,0.7346333605287714,0.5779955706611093
veh_016,2025-09-04T12:12:52,0.7308762783067957,0.8682460196531357,-0.8106952240392151,0.8953920004170903,0.8925135091839945,0.8775890977715866
veh_016,2025-09-04T12:17:52,0.842278363694991,0.8656311309651675,-0.8109352636458858,-0.6055897299495231,-1.256399492991561,0.8419017656014071
veh_016,2025-09-04T12:22:52,0.8071483985183616,0.8464983112037016,-0.8057920531300851,-0.8667658690656418,-0.153469868883089,0.6405823058237646
veh_016,2025-09-04T12:27:52,0.6776088655034144,0.9582263107831448,-0.8051870995083967,1.5716075791202184,1.6511215554835887,1.4421776761068652
veh_016,2025-09-04T12:32:52,0.5877557711261502,0.8283740723931591,-0.8189239460761427,-1.462319294515395,0.283984367014897,0.9801397465773953
veh_016,2025-09-04T12:37:52,0.7353267417141641,0.8404522623114444,-0.8227630359188075,-0.6415904006731041,-0.1071522214911777,0.5174934739676669
veh_016,2025-09-04T12:42:52,0.6620096420823187,0.7659276950594279,-0.8148653479739782,-0.2429978639783952,1.6912439621169442,0.7918451902190765
veh_016,2025-09-04T12:47:52,0.6829924251607924,0.9577224617485208,-0.8041287734094255,-0.5622841672037321,-0.1432638302983818,0.48494698737326575
veh_016,2025-09-04T12:52:52,0.8100692676096565,0.9337412599667144,-0.8181235598495353,-1.1966140306055832,0.7894942668483664,0.9987800073272087
veh_016,2025-09-04T12:57:52,0.7954344903149984,0.8597239136200153,-0.8197322683874788,-1.7589861705089018,0.3638160040676757,1.1525843401522495
veh_016,2025-09-04T13:02:52,0.6878292634677592,0.8234106486719939,-0.8185632063546897,0.5920732210821441,0.7964347511922281,0.6986796771696784
veh_016,2025-09-04T13:07:52,0.7337389243515761,0.9815555987358928,-0.8267974390169138,-1.7589861705089018,-0.3307032411016513,1.1440635453883292
veh_016,2025-09-04T13:12:52,0.5755706284261809,0.8841835233783932,-0.8345403927879785,-1.7589861705089018,-1.0185601243608224,1.3519692011202935
veh_016,2025-09-04T13:17:52,0.681853954231452,0.7380194135697301,-0.8256295517353405,-0.7788596972013307,0.3908406829900599,0.6718079638447515
veh_016,2025-09-04T13:22:52,0.6622213117734275,0.8350369459527825,-0.8222084461233238,0.602261845130242,1.125435999908723,0.8032034117624026
veh_016,2025-09-04T13:27:52,0.7267489321542123,0.9296476911800348,-0.8148109993644561,0.1920001834126056,0.939747273265082,0.5408864735587187
veh_016,2025-09-04T13:32:52,0.5908517406606926,0.935889300880875,-0.8143925903990216,-0.4497326564917278,-0.5322713223911778,0.5474262430430216
veh_016,2025-09-04T13:37:52,0.5926022751616881,1.0283192732040327,-0.8146135655484646,0.3141947023801327,1.132592540611899,0.6597978264833291
veh_016,2025-09-04T13:42:52,0.56861802166615,0.8705354269578421,-0.8112925319889303,0.6889909561597949,1.334731021851009,0.9071732910329862
veh_016,2025-09-04T13:47:52,0.5159388293464131,0.7465079891801382,-0.7909342654551738,-1.1591041820876145,-0.8623900780835774,0.9964559675599152
veh_016,2025-09-04T13:52:52,0.6421014657774725,0.866745208695532,-0.7847315195161763,-0.8745473943605975,-0.9266131700866744,0.8722039521095364
veh_016,2025-09-04T13:57:52,0.743337605901468,0.9236530267902718,-0.7873864720967774,0.6707006432873579,-0.9945578146917166,0.7911949604705494
veh_016,2025-09-04T14:02:52,0.72258397650932,1.035898334406986,-0.7934541677141692,0.780802781572642,0.1551313526570239,0.5956316301262621
veh_016,2025-09-04T14:07:52,0.6286180184931786,0.9017994208395528,-0.7933810895991782,-0.9090251609966004,0.1546346035722186,0.6595791794898014
veh_016,2025-09-04T14:12:52,0.7504115171072605,0.8764643712398125,-0.7940614526800862,-0.1116124817075022,-1.5689271306037291,0.6852966705708872
veh_016,2025-09-04T14:17:52,0.7497643442194849,0.8259239598919995,-0.7677030128628459,-1.4901106531454242,1.0484417538194566,1.2131284552911183
veh_016,2025-09-04T14:22:52,0.6850439385781529,1.0633904243439751,-0.7808001844266349,0.4274610382268646,1.397023436637443,0.7889975869899921
veh_016,2025-09-04T14:27:52,0.7691900249330709,0.99225416498308,-0.7687378347889139,-0.488748473799035,-1.60971098056315,0.8810350980262452
veh_016,2025-09-04T14:32:52,0.548865427698787,0.8916514209720477,-0.7766150734905316,-0.2123071996750148,-0.4211080143668438,0.38780901884566693
veh_016,2025-09-04T14:37:52,0.7763349942657185,0.7328046676009841,-0.7751439289103546,-1.2990826886882338,-0.2233295551634567,0.8715689966752249
veh_016,2025-09-04T14:42:52,0.851510057232818,0.9348935606770522,-0.7637425838612172,1.6121200694801312,-1.4701242947115316,1.3998458399257685
veh_016,2025-09-04T14:47:52,0.8860208151702281,0.7532448282105284,-0.7563404570512728,-0.5330302587129279,-0.6258010550430647,0.605523537279638
veh_016,2025-09-04T14:52:52,0.7973476035370691,0.9664772519589946,-0.7472599991699297,0.2069319123345605,-1.2156835041138248,0.6176230072354136
veh_016,2025-09-04T14:57:52,0.788565185714779,0.9097569106791896,-0.741889160439019,0.1955843651500549,-0.8975821307929477,0.5154446539007156
veh_016,2025-09-04T15:02:52,0.5726145844748819,0.8712728786646019,-0.755618422789759,0.2715478268712676,-1.3088534397338167,0.6795536299137307
veh_016,2025-09-04T15:07:52,0.6882176534137168,0.8941424075409014,-0.7481132517897972,-1.7589861705089018,-1.4830124080249776,1.4740194580199035
veh_016,2025-09-04T15:12:52,0.7722891553697254,0.6266132969740124,-0.7578042544606135,1.1326693942256472,-1.1128203027898842,1.0517416388419116
veh_016,2025-09-04T15:17:52,0.7732718839523085,0.960925955238254,-0.7556701864984073,0.5627408424956531,-0.3391657696809908,0.5342541894518054
veh_016,2025-09-04T15:22:52,0.7473561458755692,0.8269451429295459,-0.7431350575045372,1.5722404214341972,-1.0011078620391316,1.2350795808297454
veh_016,2025-09-04T15:27:52,0.6948318916664811,0.7985133249116073,-0.7304660898976576,0.5507378831805149,1.1365176285477052,0.7624174481341006
veh_016,2025-09-04T15:32:52,0.6722226923610217,0.920540332430658,-0.7412332286452472,0.6449367378174348,-1.0211736109442962,0.7770670979210557
veh_016,2025-09-04T15:37:52,0.8992615064914982,0.945562546199166,-0.7549443855643916,0.188615897587124,1.638591345799538,0.7368742296463017
veh_016,2025-09-04T15:42:52,0.6486654904028495,0.8776502294645094,-0.7409206865838014,0.6272490180097287,0.8638635762128827,0.7209677191854895
veh_016,2025-09-04T15:47:52,0.6622739392878579,0.7953303291505414,-0.7287760308481123,-1.2670820221822758,-0.3436427315333312,0.8823890367207599
veh_016,2025-09-04T15:52:52,0.7291644671289986,0.9745305965699184,-0.7226818245006734,0.4600004845267256,1.4345829467724436,0.8049114911952306
veh_016,2025-09-04T15:57:52,0.8575524467904059,1.2390155568343009,-0.7158235542108028,0.0865777536258187,0.6614098563504424,0.3848765445602027
veh_016,2025-09-04T16:02:52,0.671836785284892,0.8639804073301847,-0.7211273700487861,-0.0343639891999395,-0.5101749302988655,0.3144599476993867
veh_016,2025-09-04T16:07:52,0.8607768466754677,0.8688349495107873,-0.7331148212778287,1.3797871586306054,0.8802782258443813,1.100600011324183
veh_016,2025-09-04T16:12:52,0.5626602853754331,0.9459080821340596,-0.7229388937886682,-1.7589861705089018,1.6234434297679967,1.5111138929425836
veh_016,2025-09-04T16:17:52,0.724672422028661,0.947861380042377,-0.7280556608566155,-0.8870307252664312,-0.9866944480918992,0.8851348292321085
veh_016,2025-09-04T16:22:52,0.6887953473008493,0.9308364292301669,-0.7390831050868594,-1.430553813440785,-0.223456092847074,0.9301303555918866
veh_016,2025-09-04T16:27:52,0.7610613401139724,0.9644872426466076,-0.7443670069273725,-0.8483329346572868,1.2709233351627236,0.954316869262935
veh_016,2025-09-04T16:32:52,0.583065775714905,0.9935914843600668,-0.7312661639906443,0.8811018220572536,-0.0630372866252211,0.6057153298143221
veh_016,2025-09-04T16:37:52,0.6538873999956135,0.8643036860723237,-0.7441143661264367,-1.0223935820789516,-0.9594792115393158,0.947863427726558
veh_016,2025-09-04T16:42:52,0.8008443232280291,0.7900386528853274,-0.7374065011485597,0.457115010522601,0.8160932951099199,0.6208667940239885
veh_016,2025-09-04T16:47:52,0.7928028299143324,0.9765290794600352,-0.7326733725561401,1.0063165457093288,1.1517662106964128,0.9952228105748163
veh_016,2025-09-04T16:52:52,0.7235405304987155,0.879437044062549,-0.7350916371428095,0.4462311191861673,-1.5116216295120604,0.8236203758752636
veh_016,2025-09-04T16:57:52,0.7750702923045995,0.8672328104696196,-0.7423908797469909,1.12883280044302,0.1067635633247754,0.7449236451683409
veh_016,2025-09-04T17:02:52,0.6336274396887204,0.8657516427795475,-0.759686308638597,0.0193920610015602,-1.0989468652255514,0.491317351796165
veh_016,2025-09-04T17:07:52,0.6781541246425973,1.0230614701575331,-0.7711566149880915,0.7205115552012584,1.661153156724677,1.0128330476156506
veh_016,2025-09-04T17:12:52,0.8437441043150743,0.880095549518277,-0.7824078093536764,-1.4407193496671216,-0.2461756594931511,0.9506939345522415
veh_016,2025-09-04T17:17:52,0.6668723702581357,0.8192333854506891,-0.7856451937446947,-0.1243981705895829,0.280596900920566,0.30350719431990025
veh_017,2025-09-04T09:22:52,-0.7116169875172712,0.180451140817558,0.8148491052858328,-1.7035286760924675,-0.6187952302889088,1.200372728190073
veh_017,2025-09-04T09:27:52,-0.6373152110185301,0.0069295225374422,0.8028108905325579,1.8193431569812129,-0.2207833206123879,1.1364687527808344
veh_017,2025-09-04T09:32:52,-0.6257753373975664,0.0356952738905236,0.8087715846466862,1.7658500729309878,0.706587985828712,1.2566557491434447
veh_017,2025-09-04T09:37:52,-0.7480264685222776,0.1158361516389819,0.8025103916909663,0.1533290076282601,1.665405868718136,0.736788342767764
veh_017,2025-09-04T09:42:52,-0.7956078459067925,0.0225442604047158,0.8061622121872437,-1.7589861705089018,1.159664023557224,1.3886247347590668
veh_017,2025-09-04T09:47:52,-0.774168696781025,0.1312015205147702,0.8026703422414437,-1.1915847714040473,1.315996852178232,1.151125509803782
veh_017,2025-09-04T09:52:52,-0.7838737094144697,0.1302511907891233,0.8026756024768492,-0.1760447481913437,-0.6810290696650252,0.4528662154905492
veh_017,2025-09-04T09:57:52,-0.7927673225685741,-0.0960418173764129,0.8067268942858952,-1.166558917898575,-0.5462534316005774,0.9085008672866397
veh_017,2025-09-04T10:02:52,-0.6081325796024462,0.0644464312008147,0.7942875415050766,-0.6644709804751407,1.6110272756144757,0.9744011812229283
veh_017,2025-09-04T10:07:52,-0.5139393367401817,0.0981454768613934,0.7901123029034979,0.5844735505660551,1.6021487805651091,0.9309038700332598
veh_017,2025-09-04T10:12:52,-0.7594534021223324,0.0272748750622303,0.7945989238009081,-0.1193954500011678,0.5152646162563088,0.37319689463765815
veh_017,2025-09-04T10:17:52,-0.6841657765043759,0.0035282369946795,0.7916608374255143,-0.4629490194060605,1.5116086492894056,0.8432892719749547
veh_017,2025-09-04T10:22:52,-0.6508340270909025,0.0355456536579081,0.7799678727959573,-1.06129747290646,-0.2774670857108324,0.769882436725671
veh_017,2025-09-04T10:27:52,-0.5444807546846941,0.0314814089945712,0.7758836743956683,0.2168377077947368,-1.3082048262809345,0.6560570366607824
veh_017,2025-09-04T10:32:52,-0.7865982289316389,-0.0825662943637706,0.7888698141721662,0.1773983732778195,1.6362655738010543,0.7373528216136592
veh_017,2025-09-04T10:37:52,-0.7087407805075734,-0.0286238409853458,0.8018830069716534,-0.2288761220256954,0.5508701923113509,0.4400757201005836
veh_017,2025-09-04T10:42:52,-0.6345018614510848,-0.0475307294956839,0.8038048155625763,0.2691797223616481,1.191665155327122,0.6528503708914759
veh_017,2025-09-04T10:47:52,-0.6666858077566284,0.0139503469888913,0.8050942225373737,0.0196627814382238,0.0966041150662773,0.19983146974646981
veh_017,2025-09-04T10:52:52,-0.5579476342706959,-0.0863423568829821,0.8016996992294092,0.6789532471157361,-1.597495490941501,0.9790652106862001
veh_017,2025-09-04T10:57:52,-0.6459627784429626,0.2615838267781217,0.8077925915892236,1.164098378069332,-0.7289972205607096,0.9623068735207234
veh_017,2025-09-04T11:02:52,-0.7915607813286089,-0.0098064372765298,0.8148560108478788,0.4075101579307094,0.1926519872570287,0.42452187731203905
veh_017,2025-09-04T11:07:52,-0.7135076623067051,-0.0150685805949775,0.8130716313639074,0.7394051023826165,1.0401230810799855,0.8443538017880854
veh_017,2025-09-04T11:12:52,-0.7928970699581187,0.0854364157027758,0.8066157690020191,0.4723890287695188,1.341414471701278,0.7999420096955465
veh_017,2025-09-04T11:17:52,-0.53504549813683,-0.0189849447209437,0.8083877927297219,0.6162354718526859,0.213141937276019,0.533737875655093
veh_017,2025-09-04T11:22:52,-0.6993232523405674,-0.0055839494192059,0.8032902041283844,-0.477010781490511,0.3565895551361712,0.5061402981117837
veh_017,2025-09-04T11:27:52,-0.752025176901982,0.0681037593314777,0.8064113287157758,-1.4772034523590345,1.5415516597326475,1.3623494898424666
veh_017,2025-09-04T11:32:52,-0.8337269217891587,0.0735604076825543,0.8013794359721695,-0.0088224734728091,1.5882844992532936,0.6411724737068265
veh_017,2025-09-04T11:37:52,-0.6797500837260934,0.0999978577877142,0.7933734612353962,-0.6519651837692251,0.1920856347593831,0.5422829745595066
veh_017,2025-09-04T11:42:52,-0.643936404648359,-0.1973323920514034,0.8133684844079677,0.5346955085371848,-0.26841792345118,0.5105468281855399
veh_017,2025-09-04T11:47:52,-0.7064094146800971,-0.146128650680501,0.8200624611127065,-0.6081032521859535,0.8682208084954544,0.7285303608641542
veh_017,2025-09-04T11:52:52,-0.7157083474428648,-0.0013569261677754,0.8224240706555498,-0.8273220743842189,1.4937000913700755,1.026255878734242
veh_017,2025-09-04T11:57:52,-0.8111567359075436,0.2166447449913557,0.8446269552051463,1.6883655332551355,-1.3021630021445658,1.4037570583119665
veh_017,2025-09-04T12:02:52,-0.7004953306492278,0.1211928815196666,0.8436727797364939,-1.6407620034885868,1.6365439241854292,1.4800787349472209
veh_017,2025-09-04T12:07:52,-0.5788520897289084,0.0152262220235867,0.8315176193399445,-0.6300583743360146,0.850423741166291,0.7364598333858835
veh_017,2025-09-04T12:12:52,-0.5972727827476676,-0.1238324369445713,0.8343632935415619,-0.8991002844897064,0.736555825066834,0.8373895484732158
veh_017,2025-09-04T12:17:52,-0.6681235635703666,-0.0115298384413462,0.8426790411184036,-1.342025795407037,-0.6619862137973811,1.0381445700664136
veh_017,2025-09-04T12:22:52,-0.931385453787156,-0.1752318483576736,0.860519065617869,2.159488209635471,-0.2680999081959289,1.3322778904000878
veh_017,2025-09-04T12:27:52,-0.7746097851435473,-0.0084026871744146,0.8691858718439301,-0.5550257716017611,1.02240938870774,0.7580728767819885
veh_017,2025-09-04T12:32:52,-0.693297997038421,-0.0323194432982856,0.8639654674935145,0.2889120812617591,1.556880874733816,0.7843133965497272
veh_017,2025-09-04T12:37:52,-0.6467323348139139,-0.0237180128698979,0.8652290896858597,1.4284719895445568,-1.1500194913172987,1.23228766010464
veh_017,2025-09-04T12:42:52,-0.5998068076055331,-0.1405272169167999,0.8605625770032204,0.0113655096675761,1.2078104479436238,0.5401384046175193
veh_017,2025-09-04T12:47:52,-0.8885085967852521,0.0094876641004947,0.8750145147626252,-0.8377957026762648,0.4884040929483609,0.7404219821751656
veh_017,2025-09-04T12:52:52,-0.658761627117322,0.0343204089489327,0.8905486608793801,0.4510240462941657,-1.4221667449317086,0.8302717788024714
veh_017,2025-09-04T12:57:52,-0.7281107893502192,-0.0475093932674343,0.8883092412982374,-1.2286570056125194,-0.285164355023889,0.8775396575730738
veh_017,2025-09-04T13:02:52,-0.7307042880995932,-0.0414288650539224,0.8932564750843088,-1.2125795277322762,0.572917593433777,0.956816336913133
veh_017,2025-09-04T13:07:52,-0.7399735298014051,0.120533820922336,0.8893600911497557,0.6426874943806179,-1.1578606758090506,0.8465739681629753
veh_017,2025-09-04T13:12:52,-0.6174414090529377,0.0277245797679477,0.8728573796357496,1.036475622564045,0.4762814856584098,0.8356937329066954
veh_017,2025-09-04T13:17:52,-0.6128684868100213,0.079058695099949,0.8651854374731434,-0.9733914604224796,1.506713104015558,1.111746748910536
veh_017,2025-09-04T13:22:52,-0.722420544375418,0.1008363711729695,0.8634174903008262,1.0517474383711067,-1.51660188322026,1.1535377822117965
veh_017,2025-09-04T13:27:52,-0.6631490615888727,-0.0150870318678945,0.865723425030725,1.228790347420378,0.0494912341943608,0.8023872289746423
veh_017,2025-09-04T13:32:52,-0.6387677924780468,0.0220996008314626,0.8669596326595499,1.7831453447784906,-0.0524813302499746,1.0807089979961475
veh_017,2025-09-04T13:37:52,-0.6840587718404688,0.0369694329142185,0.8599963138793585,-0.1982948059501341,-0.7144295395231606,0.4854755276078868
veh_017,2025-09-04T13:42:52,-0.6067433295060551,0.0842756550286041,0.8489912575662656,1.0032380136660954,-0.3912286941700102,0.7887858665973039
veh_017,2025-09-04T13:47:52,-0.790967186488494,0.1362169920581778,0.8635085767399516,0.2580117234266825,-0.5857712454170879,0.4774389506864579
veh_017,2025-09-04T13:52:52,-0.615080737956523,0.1414704861338162,0.8707318083913114,-1.4048036886795088,-0.9756140896787168,1.1692324329216315
veh_017,2025-09-04T13:57:52,-0.5851847751332814,-0.0270747025289485,0.8605168078083989,0.5098906501491965,-0.7554379090712371,0.6536800593576492
veh_017,2025-09-04T14:02:52,-0.6589364298893761,0.0837613355110839,0.8548970881925725,-1.1837334590077353,0.5536833996852134,0.9289511670479461
veh_017,2025-09-04T14:07:52,-0.7454924577658554,0.0309223616054893,0.841569828877496,-0.2810588185788509,-1.45625697347803,0.7457204671083336
veh_017,2025-09-04T14:12:52,-0.6312731354139989,-0.0517407285931589,0.8299793756785888,-0.0010942869044018,0.8005828265698367,0.40671786655886966
veh_017,2025-09-04T14:17:52,-0.6513994942626585,-0.0273078548600183,0.8329341180749067,1.5521751349203732,-1.2217636051545018,1.3092034726215183
veh_017,2025-09-04T14:22:52,-0.85574577653097,0.0359739104165739,0.8532123943260683,-1.362698774682357,-1.250196127993123,1.227050704604329
veh_017,2025-09-04T14:27:52,-0.714709790540157,0.0264804645365154,0.8551395869624665,1.173537775591888,0.0403947534983023,0.7699152312379279
veh_017,2025-09-04T14:32:52,-0.5639711515531923,0.0075905388222491,0.8516658493406142,-0.7167626604609414,-0.0151250398281624,0.5332520120470422
veh_017,2025-09-04T14:37:52,-0.6643714944481736,0.1996982704031124,0.8562120436721774,0.6999847997855757,-0.7426433318560859,0.744027808184049
veh_017,2025-09-04T14:42:52,-0.716514124651082,0.1051012908032443,0.8761404693266484,1.5371213827190038,-0.2526654821123161,1.0195884298585263
veh_017,2025-09-04T14:47:52,-0.6884952541241507,0.0365505528088301,0.8686648571705012,-1.5306867507174189,0.7659114330747498,1.1688497767152346
veh_017,2025-09-04T14:52:52,-0.6870266146681995,-0.0078315216137211,0.8540863972308064,-0.0565624535447265,-1.5934449898145815,0.6771320031628989
veh_017,2025-09-04T14:57:52,-0.809599801466571,-0.0147480311309231,0.8509021943812212,-0.6618599949359704,1.05175221087599,0.8166360996070264
veh_017,2025-09-04T15:02:52,-0.8827891590577064,-0.1576680410264887,0.8509347929367185,0.0828737318710363,1.4701200642722936,0.6526598438045499
veh_017,2025-09-04T15:07:52,-0.7460524315199827,-0.0632023040483137,0.8508622089430397,-0.478949123099371,-0.9231742482224315,0.6865992778050228
veh_017,2025-09-04T15:12:52,-0.7245236562035824,0.0132936903194685,0.8754210492605647,-0.2210607673458273,-0.7504396649569749,0.510746493012119
veh_017,2025-09-04T15:17:52,-0.6272252615703409,0.0826993388935542,0.8782930777924177,0.1849700549217559,-1.655639648871157,0.7648355376807086
veh_017,2025-09-04T15:22:52,-0.7497638058167121,0.046794373400625,0.8984194509433453,1.247419228742752,-0.3158962640800336,0.8981623837840551
veh_017,2025-09-04T15:27:52,-0.6062203933559589,-0.0588899967507407,0.8958348870293054,0.9727984388454132,0.7791808929422119,0.8993204647112312
veh_017,2025-09-04T15:32:52,-0.7693001709455107,-0.0247803767981222,0.9174765074640164,0.083013805216216,-0.8731357319745877,0.48694292369328757
veh_017,2025-09-04T15:37:52,-0.6712812835126013,0.0397759765766647,0.9144457055932196,0.9672662545140316,0.3456830750489157,0.7702271908903343
veh_017,2025-09-04T15:42:52,-0.795780380147789,-0.0131797468306812,0.9235242798343186,-0.1529242632174835,-0.2477800785890879,0.33550101115233183
veh_017,2025-09-04T15:47:52,-0.5908103983416291,0.1156115419080127,0.9190633412445054,0.2043267174839561,-1.3338164436570037,0.6861209600879802
veh_017,2025-09-04T15:52:52,-0.7817930670934088,0.0289823540691618,0.9193749307366894,-1.027808105865726,-1.072280356452376,1.0194631460159136
veh_017,2025-09-04T15:57:52,-0.7987921694243497,0.0582537567694963,0.8998538098153133,-1.074514209972021,0.3471233967384865,0.8213648859706191
veh_017,2025-09-04T16:02:52,-0.6500114566842866,-0.1414738153344779,0.9001685979748458,1.6954960575917146,-0.8967220458811159,1.296798362155161
veh_017,2025-09-04T16:07:52,-0.8730653021835361,0.0443962554318441,0.8903569270664438,-1.264216416967111,1.333779110897395,1.2103133271660627
veh_017,2025-09-04T16:12:52,-0.5688803392395871,0.071045188689776,0.8832619512374347,0.7190916481742544,0.3357589181168737,0.6369258897696762
veh_017,2025-09-04T16:17:52,-0.7675036148559403,-0.0548840783818862,0.8840389776844846,-0.2294903639784547,-1.078914127874121,0.6152272158883605
veh_017,2025-09-04T16:22:52,-0.7095351850063303,0.0199806994222865,0.8893976643467035,0.1384639037747114,0.1898725780176893,0.30407325816200315
veh_017,2025-09-04T16:27:52,-0.6517430444036086,0.0910785710414395,0.8838812827527296,-0.0796321234809257,1.1212013308840385,0.5529527175562203
veh_017,2025-09-04T16:32:52,-0.8025733105352758,0.1776450114403158,0.8705954088799662,-0.3784201635860216,-0.6167381952216541,0.5483506221355002
veh_017,2025-09-04T16:37:52,-0.472674777653075,-0.0265285262209576,0.8656265198705215,-0.4049428387777255,-0.3748505577207145,0.4880518906791814
veh_017,2025-09-04T16:42:52,-0.7249461718187817,0.0062431702946892,0.8306129186138834,0.0421585878596709,1.301304439861566,0.5775932096110818
veh_017,2025-09-04T16:47:52,-0.5879004147553272,0.1337998913387563,0.8287506504854038,0.8352741310797777,-1.465791955119767,1.0231247821728995
veh_017,2025-09-04T16:52:52,-0.6150914515082279,-0.0326434888329477,0.8169971630729265,-0.2114778501965076,-1.4064105502777746,0.6910615227961714
veh_017,2025-09-04T16:57:52,-0.6738729802394704,0.1503799643280854,0.8095689201975247,1.0772850247378625,-1.0742237839011852,1.0228234315787916
veh_017,2025-09-04T17:02:52,-0.6694294904350437,0.0371665904451736,0.8161316376653078,0.2444219906555652,0.3503004735286803,0.39052746491944823
veh_017,2025-09-04T17:07:52,-0.6037665059047882,0.1711832950221698,0.8103396727464675,-1.7589861705089018,-0.3517709111008429,1.1470922931339973
veh_017,2025-09-04T17:12:52,-0.7252207238908105,0.0064009808963995,0.8158575610064996,-0.4944278785344207,-1.0565373967597818,0.7273466704964447
veh_017,2025-09-04T17:17:52,-0.7020563728750606,0.1480150186347899,0.8161558841843187,-1.30866188539482,-0.9553300462526224,1.1041611334100605
veh_018,2025-09-04T09:22:52,-1.076617127167152,-1.1622372043362734,-0.5234660215061774,0.2892656797513599,-0.3089501244496706,0.3420110815118167
veh_018,2025-09-04T09:27:52,-1.0799371382024892,-1.1692918684259546,-0.549318278463745,-0.2688510042527817,-1.607387053275374,0.726505273801752
veh_018,2025-09-04T09:32:52,-1.1814801382972282,-1.2195863570405756,-0.5418705181514627,0.0669899271050794,0.7764871441376778,0.3748152104241356
veh_018,2025-09-04T09:37:52,-1.0273481790754753,-1.2332772445944178,-0.5438353515687039,-1.7589861705089018,-1.5217436361068934,1.44478324640026
veh_018,2025-09-04T09:42:52,-1.27599910390715,-1.2032186176608743,-0.5423187078455423,0.7095017379757242,0.7235888530461165,0.6802912664708056
veh_018,2025-09-04T09:47:52,-1.1429645471995555,-1.0210600672834085,-0.5400125366846322,-1.3865481439736609,-0.8702052090726434,1.06233814204555
veh_018,2025-09-04T09:52:52,-1.177699640462348,-1.17040849484509,-0.5494102859652048,-0.3289059232475122,1.3886656531218426,0.6909347147533499
veh_018,2025-09-04T09:57:52,-1.1852560572036603,-1.15100995034647,-0.5430476802625201,1.2013257886077793,-0.2976986787694447,0.7985820339872272
veh_018,2025-09-04T10:02:52,-1.0197749993698186,-1.3434499889915577,-0.5568219625956485,-1.2858089773577972,0.0224280202588316,0.7609972872756778
veh_018,2025-09-04T10:07:52,-1.0197899821617502,-1.2760552264584777,-0.5615512796454302,-0.243271962234053,0.1404760115267413,0.27608904050413496
veh_018,2025-09-04T10:12:52,-1.188213946498687,-1.2699757056921237,-0.5748990639684951,-0.6149293614761764,0.862820777656582,0.6812907268287619
veh_018,2025-09-04T10:17:52,-1.131215451893368,-1.2882374611701817,-0.5626351712749352,-0.629026922384583,0.8679469667153491,0.6874245854618833
veh_018,2025-09-04T10:22:52,-0.999616355036456,-1.2178340262515557,-0.5775024124742753,2.374625856104796,-0.725782095253558,1.5205480391233204
veh_018,2025-09-04T10:27:52,-1.1728013526606806,-1.1382084766602716,-0.5705348049718872,1.352172440728649,-0.9419965456003574,1.0727921450388092
veh_018,2025-09-04T10:32:52,-1.1084033341015886,-1.3276926374499487,-0.5639240430317888,-0.0415395517230472,-1.4495596876679668,0.5684224907682714
veh_018,2025-09-04T10:37:52,-1.1550028555402765,-1.2449917164624078,-0.5725378406041005,0.8083181155071818,0.7812060152596911,0.7530284304523184
veh_018,2025-09-04T10:42:52,-1.1961381832067963,-1.173821923697307,-0.5682501089857145,-0.0091040005747511,-0.5607837520688596,0.28643714770517636
veh_018,2025-09-04T10:47:52,-1.2708189204763416,-1.2918756522878356,-0.5894713623183605,1.4536196751680508,0.533209079388357,1.0046668338642046
veh_018,2025-09-04T10:52:52,-1.143334639934767,-1.4165402264194098,-0.6075661449216379,-0.0200114262909668,0.7234559311915677,0.3485557214872813
veh_018,2025-09-04T10:57:52,-1.2103715669116186,-1.146376109170368,-0.6123272987685592,0.0401518681148246,-0.5958489816495007,0.3212960883059744
veh_018,2025-09-04T11:02:52,-1.1750133769200717,-1.283836541569267,-0.5982584965162692,0.0300361913945367,1.136270985953264,0.47555109078650143
veh_018,2025-09-04T11:07:52,-1.2090286589616592,-1.098352519432053,-0.5955438163439304,0.436724000274002,1.447958064221969,0.7718581826723778
veh_018,2025-09-04T11:12:52,-1.1910059368165282,-1.2229377570730553,-0.599934792885228,0.985019264166678,0.492794030269925,0.7603347997413621
veh_018,2025-09-04T11:17:52,-1.2903590557700606,-1.371353072856437,-0.6170657150102054,0.6281233878124477,1.645349451196605,0.9310796722672464
veh_018,2025-09-04T11:22:52,-1.110246734341607,-1.210707319886509,-0.6177076946515999,0.4405038355088874,-1.2027831467489698,0.7046284007094546
veh_018,2025-09-04T11:27:52,-1.4119872281729555,-1.2514172360959568,-0.6134902092009847,1.6962888865965216,-0.1024561434496616,1.0015793281733563
veh_018,2025-09-04T11:32:52,-1.276989757701103,-1.2537260838819266,-0.6290277715277323,1.570490988640669,-0.0176540263478692,0.9163472565302418
veh_018,2025-09-04T11:37:52,-1.1051837888468137,-1.208095908864398,-0.6153304093776765,1.2480913676377354,0.1829579378057958,0.8019991470361418
veh_018,2025-09-04T11:42:52,-1.0945478398652002,-1.2536821185825109,-0.6077196966856427,0.8350785592950515,1.3486435613075105,0.9436762873769075
veh_018,2025-09-04T11:47:52,-1.17554444152805,-1.1225344116133575,-0.5912098549214017,-0.8005732180925107,-0.3484786418311552,0.6230721725798822
veh_018,2025-09-04T11:52:52,-1.10514918284617,-1.1797436633344427,-0.5963922973535059,1.9504365766985228,1.4130379754957516,1.518408140468688
veh_018,2025-09-04T11:57:52,-1.0870586480749649,-1.067195540011984,-0.6008474770949382,-0.1099633045260583,1.1347199331930184,0.5155671276399223
veh_018,2025-09-04T12:02:52,-1.1576094866170248,-1.3545015107908096,-0.5934279981077731,0.4212697135471155,-0.3268367335514935,0.4273714764605605
veh_018,2025-09-04T12:07:52,-1.1503986734338945,-1.1554285059926308,-0.6046963306310735,0.1957603249693035,0.2268089783628492,0.2868621221197213
veh_018,2025-09-04T12:12:52,-1.3190077984552966,-1.1621983164529677,-0.6213048510499634,-0.140433933324391,-0.4408314044021703,0.32672735819283927
veh_018,2025-09-04T12:17:52,-0.9968454254159744,-1.3251494450022687,-0.6376765295967467,0.1217683233156991,-0.2913534703715582,0.2758255086886664
veh_018,2025-09-04T12:22:52,-1.291170897813687,-1.1762745431439492,-0.6574343663374705,-1.100284188214455,1.4506098389368725,1.1168119190557833
veh_018,2025-09-04T12:27:52,-1.059906456128233,-1.108189944214806,-0.6464935670099201,-0.1777135528131316,1.7072640450999743,0.7303347033385421
veh_018,2025-09-04T12:32:52,-1.1011471223304343,-1.0926998773440906,-0.6342530242401605,0.466148497607844,-0.0544551149832747,0.37626138814693655
veh_018,2025-09-04T12:37:52,-1.1929941397358572,-1.051720958750242,-0.6483085221208498,-1.2168900154461415,0.3478456708642657,0.8424604134065204
veh_018,2025-09-04T12:42:52,-1.1835556239648557,-1.327328609219929,-0.6331493861398337,0.4641705584498544,0.5789340128433077,0.5323953603058863
veh_018,2025-09-04T12:47:52,-1.2551973774285914,-1.041672436472586,-0.6333919747766646,1.44243696430748,0.6614046404856393,1.0463182692547648
veh_018,2025-09-04T12:52:52,-1.1925524846823023,-1.2681643839024035,-0.6190429579140079,1.5105501485819164,-1.2843354985137516,1.264384315427885
veh_018,2025-09-04T12:57:52,-1.0852143239536371,-1.2335117249667895,-0.6292946475776898,0.2559210906109638,1.1108147803943604,0.587063908939328
veh_018,2025-09-04T13:02:52,-1.1870941350621895,-1.293422999827954,-0.6342531205128905,-0.0922495169238485,-0.9256647874898972,0.45067481881147153
veh_018,2025-09-04T13:07:52,-0.9826163913894804,-1.179152366472404,-0.6164491034263359,-0.1848250068483073,0.2130644307135857,0.2796216533234966
veh_018,2025-09-04T13:12:52,-0.9640460243770232,-1.273924868810718,-0.618217954202646,0.7347784532242837,0.7585507944515026,0.7185980557881219
veh_018,2025-09-04T13:17:52,-1.069022154798983,-1.171185193480338,-0.6056248664741435,0.9124003726247524,1.080828841035158,0.9015738119177523
veh_018,2025-09-04T13:22:52,-1.1514010138036372,-1.299101919877522,-0.5846915162542905,-1.6127370412013118,-0.0668777996673143,0.9433701637517083
veh_018,2025-09-04T13:27:52,-1.0836756759717376,-1.0790403478782975,-0.5828109656990563,1.0265601381932934,0.4243071278881492,0.7571344006029028
veh_018,2025-09-04T13:32:52,-1.1904114395470011,-1.388560945165379,-0.5750684401844388,-1.634193834150328,-0.4957071752802452,1.0808227576961253
veh_018,2025-09-04T13:37:52,-1.0887988453948667,-1.128858421546591,-0.5766455767187194,0.5781812541237373,-0.7239060146436906,0.6215915467987198
veh_018,2025-09-04T13:42:52,-1.161927987290044,-1.3196280760090262,-0.5710412395618967,0.6230296611747346,0.3176180276254557,0.5210084867873834
veh_018,2025-09-04T13:47:52,-1.1090456485294966,-1.326156034861038,-0.5641923143170514,-0.0190080459371985,-0.6084564054872965,0.3048794074781985
veh_018,2025-09-04T13:52:52,-1.1698688580559342,-1.2838500116169014,-0.555374017285562,-1.4992860146240838,0.6194414223660912,1.0465502374789817
veh_018,2025-09-04T13:57:52,-1.1732911706529343,-1.080034229426102,-0.5449144075570619,-1.732001947644094,-0.4308873930991229,1.1042500732631964
veh_018,2025-09-04T14:02:52,-1.0050486946256654,-1.3266433167620608,-0.5699300160493466,-0.0930259769296333,1.630314147432732,0.6495932359045057
veh_018,2025-09-04T14:07:52,-0.9808035375811852,-1.29982349473297,-0.552548477802218,-1.7589861705089018,-0.8999950520133589,1.2600012964189022
veh_018,2025-09-04T14:12:52,-1.18215724919385,-1.120851543526452,-0.5396679052497179,0.9794581326746984,0.2869395004185965,0.6837444975128718
veh_018,2025-09-04T14:17:52,-1.053851562810341,-1.1777583266496894,-0.5562483680590863,-1.7589861705089018,-0.6512474796822902,1.1861170027709553
veh_018,2025-09-04T14:22:52,-1.158386323400507,-1.336477904099772,-0.5583136600087449,0.3628042823180943,1.3925443416439327,0.7108281756539759
veh_018,2025-09-04T14:27:52,-1.295920937627438,-1.055989884471578,-0.5483507255251309,-0.3679850530845353,-1.561256259071256,0.7620395493686707
veh_018,2025-09-04T14:32:52,-1.1042915940007063,-1.3227167866415992,-0.545149424317721,-1.4079843868405129,0.8846582308308212,1.078419547533047
veh_018,2025-09-04T14:37:52,-1.2574827921318084,-1.3216961708658508,-0.5288220660309488,0.0443173144140291,0.5623462675785142,0.2966269506867586
veh_018,2025-09-04T14:42:52,-1.341976147139056,-1.275600506352884,-0.5242463401789897,0.1852787791519976,-0.0254533654341469,0.20512466724204087
veh_018,2025-09-04T14:47:52,-1.1195649575870086,-1.1903625873104715,-0.5115100248813285,-0.7021850177255738,0.0166564685012252,0.4583914543894202
veh_018,2025-09-04T14:52:52,-1.2402593967984243,-1.3198368056413117,-0.5042010715370503,-1.7589861705089018,-1.585096753813671,1.4558623257059622
veh_018,2025-09-04T14:57:52,-0.9973919105143212,-1.2221508687158231,-0.4953086338473253,-1.7330024257578198,0.8556940735166795,1.2222711617033788
veh_018,2025-09-04T15:02:52,-0.9962443256658324,-1.2138352400521295,-0.4942840398485106,-1.1858700107996631,-1.6629447562260014,1.190675240237334
veh_018,2025-09-04T15:07:52,-1.2552136917065626,-1.1177966683960865,-0.4672209922989859,0.4880820911674746,-1.1317158788175536,0.6770000076888006
veh_018,2025-09-04T15:12:52,-1.394335689544013,-1.371798951902513,-0.4517950717996672,-1.092918886490755,-1.5174151814254688,1.0920430120329518
veh_018,2025-09-04T15:17:52,-1.074633138646581,-1.0916634582285487,-0.4537751911370511,-0.4403822878610806,-0.3539737276092465,0.41713830044072453
veh_018,2025-09-04T15:22:52,-1.2032530243289763,-1.273549744996023,-0.4496888923923385,0.1760373202939321,-1.2892924455233488,0.5647441722824385
veh_018,2025-09-04T15:27:52,-1.0963354403780696,-1.1209569432382305,-0.4603172065219053,0.5311469866041535,1.5916839927248272,0.8351421324239059
veh_018,2025-09-04T15:32:52,-1.100685938145621,-1.1618819260707738,-0.4598224533498814,2.497735735190666,0.3397745624387864,1.4427647269969455
veh_018,2025-09-04T15:37:52,-1.022309597909869,-1.155179064547487,-0.4423279961298794,-1.518986256422072,-0.8606928969731525,1.1061665965289578
veh_018,2025-09-04T15:42:52,-1.2397053592948688,-1.2727111234463244,-0.4367583724898849,1.2709683867234738,-0.970980468337037,1.014130008360825
veh_018,2025-09-04T15:47:52,-1.191714709098722,-1.2141610693405485,-0.4386073259562598,0.8747726759635152,1.672831775844511,1.026957335926363
veh_018,2025-09-04T15:52:52,-1.0982931753116985,-1.2878254015790245,-0.4514700987351954,-0.3574074470813381,0.7510853262855343,0.4943233411733684
veh_018,2025-09-04T15:57:52,-1.0934581057311592,-1.182802425280315,-0.4560652310860196,2.056420565091796,-1.465131743172236,1.558962851714773
veh_018,2025-09-04T16:02:52,-1.1523042022550276,-1.1662476672282571,-0.4472150763020204,1.3173142446416286,-1.531201333814491,1.2074605377255658
veh_018,2025-09-04T16:07:52,-1.0349747166001209,-1.2816252952340923,-0.4381067047093702,0.9277436656968984,1.5532442712391237,1.0174664551620602
veh_018,2025-09-04T16:12:52,-1.307595285021807,-1.3030395843350262,-0.4299402510092337,-1.7589861705089018,-1.3358280436422187,1.3662295485489635
veh_018,2025-09-04T16:17:52,-1.0340833020873674,-1.273775856256684,-0.4342082037037473,-1.1398803172150054,-0.3030844651961004,0.7477071389070823
veh_018,2025-09-04T16:22:52,-1.1897120343712542,-1.283193990352423,-0.4415267735583234,-0.3007250990330923,-0.3471729717229495,0.34281979574509575
veh_018,2025-09-04T16:27:52,-0.9524452173258052,-1.2576590640348595,-0.4381124291009177,-0.6203227398708024,1.0020174105809798,0.6983890789298788
veh_018,2025-09-04T16:32:52,-1.3111978006706595,-1.3617941559531628,-0.4500871648190377,0.1743711113939666,-0.0979968235605992,0.20660203572897065
veh_018,2025-09-04T16:37:52,-1.3194479504807366,-1.2713609974103413,-0.4636482073457347,-0.2936956532505539,-0.9113458616399112,0.5129812265863973
veh_018,2025-09-04T16:42:52,-1.1851319043278288,-1.2269923113154664,-0.4492107588836609,0.4608739984390851,1.5242230988806784,0.7775460806604784
veh_018,2025-09-04T16:47:52,-1.1243993802776515,-1.2959950397636504,-0.4450391199827471,0.5208895256910675,0.8394099596623643,0.6012755747407925
veh_018,2025-09-04T16:52:52,-1.1227718735947627,-1.2331895886347397,-0.4396353277879103,0.8510701820170923,0.1227218926611608,0.5502787243644764
veh_018,2025-09-04T16:57:52,-1.1707267675005877,-1.1402252103374264,-0.4482970601100554,-1.3973159774927948,0.4422500088245501,0.9209924034157735
veh_018,2025-09-04T17:02:52,-1.0988599965914183,-1.22899366028324,-0.4564476943395633,0.3980298137325862,1.1391299320247283,0.6320434253416243
veh_018,2025-09-04T17:07:52,-1.2052120250614216,-1.181188157709686,-0.4666647890060454,0.4100479941342652,-1.5011320719332468,0.7486965764483157
veh_018,2025-09-04T17:12:52,-1.1436200840258732,-1.1701403811367714,-0.4572120062331505,0.0790759242253488,0.2826405808094102,0.2157725376021276
veh_018,2025-09-04T17:17:52,-1.1862503635695498,-1.1664429283306197,-0.4673439525412293,-0.20361838304029,0.963277258922604,0.4842611597051721
veh_019,2025-09-04T09:22:52,-0.9676769854335086,-1.3937208476841736,-0.0630593285096819,0.367908471101479,0.3805947292552085,0.31074452002923847
veh_019,2025-09-04T09:27:52,-0.9601411882091928,-1.5158684944557137,-0.0724198386854039,0.0670451434925488,0.0634836011316132,0.06705161982283918
veh_019,2025-09-04T09:32:52,-1.0102776456987732,-1.494944228008681,-0.0831609213279276,0.4240819776507246,0.9235801128744072,0.50574720695327
veh_019,2025-09-04T09:37:52,-0.9997497042405132,-1.469190612378942,-0.0665009399845165,-0.6699488731722584,1.617790996844717,0.8336119236364476
veh_019,2025-09-04T09:42:52,-1.0934700905536732,-1.3809099425641502,-0.0542645924233869,-0.3237603587212926,-0.540648204845723,0.3349275592990406
veh_019,2025-09-04T09:47:52,-0.9728606964984432,-1.556614016744705,-0.0579766327887556,1.1660047220956955,1.4790539738040396,1.0383138797468108
veh_019,2025-09-04T09:52:52,-1.125953386215328,-1.4913281631204784,-0.0559574634391416,-0.5479370408863765,-0.86737188148318,0.5453715775759705
veh_019,2025-09-04T09:57:52,-0.9964572612468297,-1.4844772590482362,-0.044142925858576,-0.3991593648382776,-0.9646880901571508,0.4978146946379993
veh_019,2025-09-04T10:02:52,-1.1870763229129415,-1.519140139263372,-0.0337350062935406,1.623060291609927,0.9890109106675316,1.114980420263931
veh_019,2025-09-04T10:07:52,-1.1090890923882732,-1.428812158661027,-0.0399161801699568,-0.2981893803809585,-0.1030288666127794,0.18798658620830447
veh_019,2025-09-04T10:12:52,-1.0744299718161958,-1.6528735850875786,-0.0528243528873353,-0.0071629000253985,0.7083868858010195,0.2266623863304722
veh_019,2025-09-04T10:17:52,-1.0496735276250104,-1.602156076644356,-0.0365543742700523,2.244690043781356,1.5947347145349329,1.6080763111051684
veh_019,2025-09-04T10:22:52,-1.1281579300608215,-1.5726188660830924,-0.0340070489021397,-1.021045443387378,0.1145008422831711,0.5516743841590682
veh_019,2025-09-04T10:27:52,-0.8390808674542161,-1.5202931895497052,-0.0368448516343491,-1.002369260791409,-0.991612979504964,0.8060374945740635
veh_019,2025-09-04T10:32:52,-1.3470320765871564,-1.5181797381649296,-0.0373000915958894,-0.7082934469237531,0.6631749802885596,0.5605592358676224
veh_019,2025-09-04T10:37:52,-0.8993767288584426,-1.6039202621035968,-0.0165304270231084,-1.504660831706261,-0.1350910178439441,0.7961638066109356
veh_019,2025-09-04T10:42:52,-1.004862005465651,-1.523567371591203,-0.0205917922108166,-0.0525809500156399,0.0804729854622208,0.05455072908864955
veh_019,2025-09-04T10:47:52,-1.1121300124688644,-1.4997039227649631,-0.0282377048316271,-1.2871127873651935,-0.6659513643647387,0.8489893439583438
veh_019,2025-09-04T10:52:52,-1.1351699910822233,-1.5161767589204496,-0.0239470833908135,0.1085595177255023,-0.8412271880477153,0.3114373319552285
veh_019,2025-09-04T10:57:52,-1.241485234793413,-1.4374907056466577,-0.0238833876417209,0.8346903308170988,0.590570779972562,0.5992930769286622
veh_019,2025-09-04T11:02:52,-1.0364233338334363,-1.4637362910677776,-0.0312653635159948,0.6236401566686144,0.3158693779022977,0.41283396440819553
veh_019,2025-09-04T11:07:52,-0.942004030183402,-1.4810592213141536,-0.0360975486811908,-0.2605279594966473,-1.1485107239721783,0.48203670667621534
veh_019,2025-09-04T11:12:52,-0.8898250567061922,-1.192969880402288,-0.0239951033209162,-0.6082471886463886,0.2115214598309103,0.3723790529366507
veh_019,2025-09-04T11:17:52,-0.9523798548639713,-1.5608502812887313,-0.03650360364964,-0.083684269348555,-1.4036649135988226,0.4702423294838523
veh_019,2025-09-04T11:22:52,-1.1814698085302893,-1.5427809026056187,-0.0308222758554851,0.0260300090158273,-0.5885882944020498,0.19575594799962567
veh_019,2025-09-04T11:27:52,-1.1613751848954277,-1.270933456203679,-0.0460808336833441,-1.7589861705089018,0.4918379849870128,1.0362606474872236
veh_019,2025-09-04T11:32:52,-1.133614508264839,-1.4824376463377482,-0.0468122845111424,-0.222120232694317,1.5759410798743807,0.5932048972117011
veh_019,2025-09-04T11:37:52,-0.976507843270376,-1.507081352273896,-0.0358627285992143,-0.206027453797136,0.3281070399904233,0.2086183846155379
veh_019,2025-09-04T11:42:52,-1.1890791761438262,-1.494234307676367,-0.0484546183893692,-1.4280762950701436,1.6459993708529574,1.217528882468833
veh_019,2025-09-04T11:47:52,-1.198097810873802,-1.35408465859927,-0.0468700581416612,-0.0633741115076852,-0.979937204214648,0.3350422286465693
veh_019,2025-09-04T11:52:52,-0.9432525847963132,-1.4792662404295671,-0.0536768830662772,0.1912223512749132,0.7804296066260697,0.340475434238533
veh_019,2025-09-04T11:57:52,-1.1838276253393396,-1.5781024984761929,-0.0502091924104913,-0.0209694868494913,1.0679225971828412,0.34090336106169633
veh_019,2025-09-04T12:02:52,-1.112113521069174,-1.4281733425921268,-0.0513389121408308,-1.002908329041443,-0.6443043644221595,0.7050132562755355
veh_019,2025-09-04T12:07:52,-1.02650038630611,-1.5346620323962183,-0.0509222355163225,-0.1529051927261153,0.0574690220484539,0.10387775008085837
veh_019,2025-09-04T12:12:52,-1.06124590790134,-1.594446844313211,-0.0501804812725188,-0.8562832932123797,1.0968040538129185,0.7672189590045693
veh_019,2025-09-04T12:17:52,-1.044013233453365,-1.4140762481088338,-0.0483389933948797,-0.5725303857088317,-0.0011274884837758,0.2962712380785246
veh_019,2025-09-04T12:22:52,-0.9561409050977386,-1.691027874331121,-0.0404282654530876,-1.7589861705089018,0.7273113075317349,1.105772130604589
veh_019,2025-09-04T12:27:52,-1.0714388133769968,-1.2870370399071025,-0.0237864409673033,0.7206106115356287,0.1015698607683138,0.39553355219176917
veh_019,2025-09-04T12:32:52,-1.2065798356677622,-1.465142218933269,-0.0292353157886916,-0.8708641706037958,0.1054607018483877,0.4729173590141526
veh_019,2025-09-04T12:37:52,-1.0671123492113117,-1.4021098086035793,-0.0484420927122356,0.0608108658717356,-1.3331836184167165,0.4400489370033299
veh_019,2025-09-04T12:42:52,-1.0609494300966589,-1.4520615855189911,-0.0595270019420807,0.1540333719959327,0.0934184514561742,0.11694762182323479
veh_019,2025-09-04T12:47:52,-1.0861078124428756,-1.520636768178842,-0.0610603248000314,-0.8198410661605523,0.4473416537528989,0.5563350941661522
veh_019,2025-09-04T12:52:52,-1.047770361190674,-1.5330841766890002,-0.0452873606579723,0.4162995295292323,-1.426604704850234,0.6451886483512809
veh_019,2025-09-04T12:57:52,-1.005259732605691,-1.5698432156919833,-0.0496206100490617,-0.3519988056372491,0.7635283182454905,0.4149820203020841
veh_019,2025-09-04T13:02:52,-0.981049476910232,-1.5237364748952869,-0.0531472260111885,-0.6117934951944972,-1.2756803963574737,0.6992303117067284
veh_019,2025-09-04T13:07:52,-1.0863111523860514,-1.6620073312924002,-0.0690202913188792,0.7757943672851473,1.1270594208071696,0.7398190681485003
veh_019,2025-09-04T13:12:52,-1.088234193365878,-1.3658715839902695,-0.0616629119348188,-0.2155438451037427,0.9518675932706936,0.40566478292004327
veh_019,2025-09-04T13:17:52,-1.0017499251290571,-1.4013882929703074,-0.0577213177292219,-0.7247299952793615,0.4880886458447621,0.5203358549389538
veh_019,2025-09-04T13:22:52,-0.8212566229850904,-1.456786541006735,-0.049096663978303,0.5465352606605667,0.1595550362335459,0.3309534739960078
veh_019,2025-09-04T13:27:52,-1.008985256176402,-1.399624832316421,-0.0419669513773889,0.2581647898224806,-1.0615899790706682,0.4559527789079186
veh_019,2025-09-04T13:32:52,-0.9812294538353544,-1.484936881989748,-0.0450251852905027,2.7813612627462394,-0.4354794709753387,1.5303295097238219
veh_019,2025-09-04T13:37:52,-0.923789574886333,-1.5553223478465783,-0.0437235833422812,2.6662305582198,-1.5081882112600953,1.7943164591563847
veh_019,2025-09-04T13:42:52,-1.0924523492769171,-1.4805585556857304,-0.0521288970320918,0.9061436358265824,-1.1120633190632985,0.7971165930386992
veh_019,2025-09-04T13:47:52,-0.954316678982292,-1.5965912011674597,-0.0700546307221935,-0.2568205917691938,0.7042405789926794,0.35369339572683944
veh_019,2025-09-04T13:52:52,-0.8676728238675057,-1.6143378287674273,-0.0803496112971783,0.4146068294210049,1.0053150400648725,0.5249678489894
veh_019,2025-09-04T13:57:52,-1.1721042223015945,-1.2985511745845082,-0.0902869080451241,-0.222625518637498,-1.6015943568084017,0.6098484479702942
veh_019,2025-09-04T14:02:52,-0.9486725315609208,-1.4381089186506988,-0.0984896736042784,-0.3580064651592318,1.3658344270499982,0.608451495415471
veh_019,2025-09-04T14:07:52,-0.944797751034793,-1.582360661485715,-0.0784678218962163,-0.8107998251191639,0.0222258140249979,0.42776122114632464
veh_019,2025-09-04T14:12:52,-1.1361739970721016,-1.5938462332078556,-0.0871431027807354,-1.031618815208158,-1.128767745467301,0.8718683518004164
veh_019,2025-09-04T14:17:52,-1.118025909652293,-1.4174797229917184,-0.0949111546297213,-0.9514705432228028,-0.3349795142886896,0.5952113568239525
veh_019,2025-09-04T14:22:52,-0.920348317422877,-1.4600010181737746,-0.0959001831928852,-1.514885703306243,-1.4253584849748366,1.2042304337841496
veh_019,2025-09-04T14:27:52,-1.1480459075042222,-1.3634033733787188,-0.0906364199478301,-0.9178315270352128,-0.7338734734543175,0.6972050895434677
veh_019,2025-09-04T14:32:52,-1.1026196744183303,-1.5573737918511614,-0.0860697330746916,-0.3179980142981433,-1.3121192944965767,0.569848742112983
veh_019,2025-09-04T14:37:52,-0.8945312874809369,-1.3631707980188783,-0.0794091416860842,-0.4591814873085853,0.2699034816306788,0.3264436164807132
veh_019,2025-09-04T14:42:52,-1.0548537848044768,-1.3347927594639837,-0.0753982504943432,0.2565629058844166,-1.6659229588005189,0.6431379906812327
veh_019,2025-09-04T14:47:52,-0.8454170944817703,-1.605840831782254,-0.0571604358418658,-0.2120683270136461,-0.1576423716821236,0.16475896217983335
veh_019,2025-09-04T14:52:52,-1.0952932023123318,-1.6250419922077508,-0.0506754499800763,-1.1024282027003127,-0.3796181463135709,0.675234635240243
veh_019,2025-09-04T14:57:52,-0.9061748529771172,-1.5384568261616782,-0.0533353302161462,-1.3793911289438183,-1.4636911438906586,1.1394699736823362
veh_019,2025-09-04T15:02:52,-0.7618311381076335,-1.4101922069151729,-0.0559617439039184,-0.6566889105773761,-1.2513021789251928,0.7149274577470295
veh_019,2025-09-04T15:07:52,-1.0068446869684773,-1.516080760110259,-0.0507029801663729,-1.0137771952879473,1.0878457558186874,0.8433829204228546
veh_019,2025-09-04T15:12:52,-0.9827696626402292,-1.5823889548663548,-0.0434703361070222,-0.0324861568230099,-0.0216425925241217,0.03142992339014594
veh_019,2025-09-04T15:17:52,-1.008905031840405,-1.6280797003310912,-0.0365914308404811,-0.2774348564991043,0.8046448839161215,0.3874291795924849
veh_019,2025-09-04T15:22:52,-0.9124811332018966,-1.5728396130117854,-0.0566393681345819,-0.8065345999097889,1.0587478694919366,0.7322195344293918
veh_019,2025-09-04T15:27:52,-0.8368483763688284,-1.47992171515813,-0.0473788383700899,-0.3153803362509093,-0.667190221634224,0.3673230022897399
veh_019,2025-09-04T15:32:52,-1.0231534845577592,-1.3811232455076845,-0.044287181857125,-1.1223231311069295,0.3259639729574267,0.6678081938121178
veh_019,2025-09-04T15:37:52,-1.0492379401982366,-1.5193052151085054,-0.0723589519487873,0.6452890988003365,0.0555115746884823,0.3537698121964704
veh_019,2025-09-04T15:42:52,-1.009864792740559,-1.514643701433417,-0.0780657385549105,-0.403722123682539,1.018018068803474,0.5228796301932938
veh_019,2025-09-04T15:47:52,-0.9558096207622282,-1.499446644336388,-0.06865124650549,-0.100081406020463,1.576884734362654,0.5368363726201257
veh_019,2025-09-04T15:52:52,-0.9999909661212564,-1.5992624955103436,-0.0663424277648422,-1.6289181419407317,-0.1899775270464729,0.8847208146372761
veh_019,2025-09-04T15:57:52,-1.2222607203216596,-1.4945003572227622,-0.0503731107301308,-0.139892884810123,-1.556142045137029,0.5468636780921964
veh_019,2025-09-04T16:02:52,-0.7840580162628926,-1.443265918777764,-0.0579648464904322,-0.6732817632598257,-0.8320547887878471,0.5978502875643534
veh_019,2025-09-04T16:07:52,-1.0833316077017108,-1.5283784248388204,-0.0481900561054622,1.0546171297571425,0.8531026753018286,0.7928773786902124
veh_019,2025-09-04T16:12:52,-1.101905813070416,-1.520055744918715,-0.0422464421642409,1.1767805829527986,-1.2816272934603907,0.9813277679473646
veh_019,2025-09-04T16:17:52,-1.0665673069970112,-1.5157852111999683,-0.0364071874547,-0.730380994493502,0.077147802840489,0.39561627558983775
veh_019,2025-09-04T16:22:52,-1.0614910202987875,-1.7109244496216347,-0.0351845797777612,-0.2081053594200327,-0.9535311466257488,0.3971489396532933
veh_019,2025-09-04T16:27:52,-1.0193321300280935,-1.590005988070362,-0.0377452013173076,-1.7589861705089018,-1.2726837210776911,1.2688472418412198
veh_019,2025-09-04T16:32:52,-0.9561717119872368,-1.5008893482257877,-0.0285929162212978,-1.7589861705089018,-1.6244619548948056,1.3725502549671522
veh_019,2025-09-04T16:37:52,-1.0675537082178663,-1.3944535594074825,-0.0219183778349611,0.6534938661183822,0.3866019717174703,0.44711120014142447
veh_019,2025-09-04T16:42:52,-1.0567840813896106,-1.3609061423324518,-0.032278038575832,-1.1469230449256116,0.6687015916974991,0.780527607687222
veh_019,2025-09-04T16:47:52,-1.170736057929275,-1.428341614939678,-0.0312729015014694,1.10236318624978,-0.3838209874033543,0.6725824696461902
veh_019,2025-09-04T16:52:52,-1.014263527531298,-1.4339589702367306,-0.037847105764609,-0.7554465806061409,-1.5937036577631338,0.8634038087849324
veh_019,2025-09-04T16:57:52,-1.0228187212184088,-1.5150408264494637,-0.0386684140732068,1.64851477054936,1.4247193813921188,1.259406882506957
veh_019,2025-09-04T17:02:52,-1.0672035389565977,-1.6300521773135042,-0.0390886012846274,0.6687814831761878,1.416112693933401,0.7670422700250398
veh_019,2025-09-04T17:07:52,-1.0090335073769316,-1.394454887171717,-0.0318340003799042,1.145304020760071,0.7385275267972424,0.8005770684951892
veh_019,2025-09-04T17:12:52,-0.8624888567456866,-1.494020561495205,-0.0449998595263251,0.6759232941830002,1.2150346705403867,0.7114720201588812
veh_019,2025-09-04T17:17:52,-0.8624871326819143,-1.3656645235758764,-0.0256986567834699,0.6300910781922181,0.4953631156670107,0.4687942051529063
