device_id,timestamp,lat,lon,temp,vibration,load
veh_000,2025-09-04T09:22:52,12.805407236539864,77.55553476769411,17.41401199577615,0.5383521209501856,0.7860643052769538
veh_000,2025-09-04T09:27:52,12.795833577800908,77.56651468030492,17.457981894519293,0.7333375806286845,0.6438651200806645
veh_000,2025-09-04T09:32:52,12.80727400144563,77.57972021300317,17.41501727137513,0.6106252352247497,0.06381725610417532
veh_000,2025-09-04T09:37:52,12.804786092389024,77.57454586047079,17.405774153197868,0.2957211366788176,0.9706980243949033
veh_000,2025-09-04T09:42:52,12.794456294555262,77.57076184135902,17.388167475673455,0.6596927556660046,0.04380376578722878
veh_000,2025-09-04T09:47:52,12.80012891549191,77.57935332961073,17.495249855716978,0.37807549508461535,0.32582535813815194
veh_000,2025-09-04T09:52:52,12.787863862093472,77.5812049138064,17.55169847035302,0.4658157627035375,0.47570492622593374
veh_000,2025-09-04T09:57:52,12.78775677721904,77.5815510474589,17.58886117891319,0.6629462804915585,0.8322598013952011
veh_000,2025-09-04T10:02:52,12.798323202606618,77.57621197767206,17.59979560874964,0.7614286333844569,0.1397524836093098
veh_000,2025-09-04T10:07:52,12.80279072500667,77.57572091027554,17.61425157868414,0.6893864677515621,0.7051653786263351
veh_000,2025-09-04T10:12:52,12.792804877212378,77.57034139303772,17.582307686271974,0.41745732463199486,0.11453007353597344
veh_000,2025-09-04T10:17:52,12.78734327821902,77.58472790312656,17.498164197691185,0.3995344910042675,0.6347183200005908
veh_000,2025-09-04T10:22:52,12.801863812689543,77.58215738537858,17.53783155945118,0.39538247832546874,0.43671738923236236
veh_000,2025-09-04T10:27:52,12.804581348188522,77.57313207633183,17.474047243284286,0.16001383579895584,0.05830274168906602
veh_000,2025-09-04T10:32:52,12.80097319681649,77.57646937694136,17.508571510987675,0.37182420609903977,0.7838982091064135
veh_000,2025-09-04T10:37:52,12.802257493315624,77.57195165418345,17.531410272865546,0.30142221768000466,0.022712073133860478
veh_000,2025-09-04T10:42:52,12.792184210435968,77.56308672312475,17.555758896904827,0.35917929793918285,0.5010447751033635
veh_000,2025-09-04T10:47:52,12.80080905596501,77.57951043134095,17.589028152353468,0.4704543546471729,0.3015120891478765
veh_000,2025-09-04T10:52:52,12.795204407266887,77.55817177524106,17.516672528732315,0.1031901162936793,0.9618976645495145
veh_000,2025-09-04T10:57:52,12.799999331643185,77.56599032902704,17.497764401030345,0.8897684893358195,0.7787509039657946
veh_000,2025-09-04T11:02:52,12.803376745060621,77.56570894278055,17.487492523136964,0.21499338352682562,0.9026023965438417
veh_000,2025-09-04T11:07:52,12.804404670750525,77.55777191534872,17.509213705314256,0.5713206806996833,0.1767727829392317
veh_000,2025-09-04T11:12:52,12.781541010832067,77.57576641465779,17.482739069861065,0.5698028634064112,0.6273088407024432
veh_000,2025-09-04T11:17:52,12.812019378289161,77.57265156330593,17.43156419522997,0.5537826904868949,0.04161417386189248
veh_000,2025-09-04T11:22:52,12.809593465128355,77.5833962320398,17.449407748187447,0.9389908673658685,0.587644572177712
veh_000,2025-09-04T11:27:52,12.789604074048453,77.5657793601666,17.429917258029658,0.08699415573310737,0.5909154914814168
veh_000,2025-09-04T11:32:52,12.793779362404964,77.56033705663562,17.37913830396928,0.5940541542350586,0.08272999992243857
veh_000,2025-09-04T11:37:52,12.81596889829287,77.60418374424073,17.39985877563308,0.20313856399044078,0.4734894010569538
veh_000,2025-09-04T11:42:52,12.79867870399939,77.56691570862755,17.379090912624097,0.3163709602820576,0.021612079880330426
veh_000,2025-09-04T11:47:52,12.806661391683827,77.5766156052551,17.371159170772163,0.18930387415225652,0.10857574113544355
veh_000,2025-09-04T11:52:52,12.791138510285219,77.57450729407246,17.459555666451156,0.5390823564418658,0.10774094595589656
veh_000,2025-09-04T11:57:52,12.79100863339056,77.56319568191648,17.411299828339537,0.282432180639274,0.37092228386243875
veh_000,2025-09-04T12:02:52,12.787787722583706,77.58343001161802,17.366153469435186,0.7794719038622733,0.2909178381401186
veh_000,2025-09-04T12:07:52,12.79443521039937,77.57463749431929,17.333414084663715,0.6338216604446242,0.04491061939232899
veh_000,2025-09-04T12:12:52,12.783745531738278,77.56226574383746,17.342043480549822,0.9737273769231305,0.8907924908785249
veh_000,2025-09-04T12:17:52,12.794815206114853,77.57790338097668,17.407343567635163,0.5658147504091569,0.6616612631677611
veh_000,2025-09-04T12:22:52,12.80706447647655,77.57933268396526,17.484131367234962,0.5549703311665718,0.9368131505337792
veh_000,2025-09-04T12:27:52,12.782319997383494,77.59155439890296,17.570314653274128,0.4461442360152198,0.1792683081577391
veh_000,2025-09-04T12:32:52,12.810616032298373,77.56397466276022,17.525578302326338,0.6929980384067134,0.9718264260609674
veh_000,2025-09-04T12:37:52,12.79595037070875,77.57341069059541,17.542457029766286,0.922244558394115,0.13182221778652103
veh_000,2025-09-04T12:42:52,12.80244097730872,77.55454339857035,17.54002110966978,0.2470309189121387,0.5811166092209024
veh_000,2025-09-04T12:47:52,12.787220065706663,77.57170388517365,17.58581623678758,0.1020821846781308,0.13105775155731325
veh_000,2025-09-04T12:52:52,12.791159895042615,77.57176838863703,17.63595412805281,0.6614346311011778,0.9556232570469699
veh_000,2025-09-04T12:57:52,12.794456532583451,77.56808569346394,17.624761187208783,0.5727490373813665,0.6339751116810851
veh_000,2025-09-04T13:02:52,12.785157708653617,77.57595001739693,17.63617260371573,1.255242211260176,0.5960425532343728
veh_000,2025-09-04T13:07:52,12.787469155870363,77.57217128596515,17.56300050362388,0.3227878958109541,0.017836783976987736
veh_000,2025-09-04T13:12:52,12.808060125584834,77.56775428120322,17.53029318162049,0.0,0.5307695905990535
veh_000,2025-09-04T13:17:52,12.785377445257355,77.56975072530699,17.486450142712112,0.4717212337242329,0.8674906317523249
veh_000,2025-09-04T13:22:52,12.781331136922041,77.59633759070093,17.42207901364841,0.1709643264636081,0.8165687634239104
veh_000,2025-09-04T13:27:52,12.825052261068356,77.5633294532924,17.403666565809008,0.6024666652821529,0.8246641904563413
veh_000,2025-09-04T13:32:52,12.786133018591668,77.57259234112124,17.442533444612096,0.6304298223399856,0.28472008233793555
veh_000,2025-09-04T13:37:52,12.79466335973079,77.56129616149695,17.430624757413362,0.4200837529973135,0.1746414709358527
veh_000,2025-09-04T13:42:52,12.79044831718776,77.5797605048061,17.481260548304352,0.5466287983005398,0.3179910969520494
veh_000,2025-09-04T13:47:52,12.79653314285173,77.57504596351157,17.44518264662721,0.5949482785019924,0.18149840959652408
veh_000,2025-09-04T13:52:52,12.8241424280086,77.59597680266995,17.523850391750972,0.6157539657669502,0.04925411992759399
veh_000,2025-09-04T13:57:52,12.784877474656117,77.58695654911153,17.53698785300833,0.6440430210174832,0.0991131415798755
veh_000,2025-09-04T14:02:52,12.805275974191533,77.57958932296279,17.481466318787607,0.3585425577650153,0.7794775407713289
veh_000,2025-09-04T14:07:52,12.796526257359513,77.57212340772261,17.476291905384308,0.4244067865379344,0.5142228701904145
veh_000,2025-09-04T14:12:52,12.810716509105882,77.54937853517134,17.464449392158823,0.5529537264117341,0.26646331750084606
veh_000,2025-09-04T14:17:52,12.792282443562739,77.55747790175586,17.480849166344527,1.0182050642492555,0.367511810115128
veh_000,2025-09-04T14:22:52,12.804639869512933,77.57175986734943,17.477782949053083,0.1841304467888153,0.2968764745712853
veh_000,2025-09-04T14:27:52,12.80900203532294,77.58087167200053,17.56439852932358,0.8532235666933081,0.5354347898300031
veh_000,2025-09-04T14:32:52,12.81344093463763,77.57943505116803,17.605797938163434,0.4110287139395875,0.6329176292676207
veh_000,2025-09-04T14:37:52,12.789027351142948,77.5849409589266,17.54688275700769,0.7347051027252984,0.8607190683258941
veh_000,2025-09-04T14:42:52,12.796705564588251,77.58675759051532,17.584426206444252,1.0461938472940404,0.08449321882352023
veh_000,2025-09-04T14:47:52,12.780281186819419,77.57437558785166,17.525825846814513,0.34451604729011764,0.5936820044663541
veh_000,2025-09-04T14:52:52,12.802376927484929,77.56805581529487,17.475139978492493,0.5098346278628783,0.5900758953583092
veh_000,2025-09-04T14:57:52,12.789290186601985,77.57816521429616,17.53290558029783,0.6826284416673319,0.46598515298122734
veh_000,2025-09-04T15:02:52,12.799045256666254,77.57576545531298,17.553600094566463,0.9848629044953622,0.5995934415226123
veh_000,2025-09-04T15:07:52,12.79009055512404,77.58095418280858,17.474520374593766,0.9427847144160526,0.6578632850405278
veh_000,2025-09-04T15:12:52,12.804467429234386,77.56933568296543,17.515208559092077,0.8205414667967115,0.8983665473615358
veh_000,2025-09-04T15:17:52,12.798345598302937,77.57774855197347,17.472041295855107,0.45574139592789414,0.15761164862499966
veh_000,2025-09-04T15:22:52,12.799835528019486,77.58504336204976,17.419114491756186,0.4624972909041267,0.7296857086773779
veh_000,2025-09-04T15:27:52,12.788565707087825,77.56682261940774,17.429229801347745,0.7533155571455961,0.3763594734808262
veh_000,2025-09-04T15:32:52,12.809291195280322,77.58361305940632,17.471320804692247,0.666234950397228,0.8505336791907826
veh_000,2025-09-04T15:37:52,12.79394997248729,77.55500989665998,17.551533522768104,0.3626901707129523,0.012302685888602838
veh_000,2025-09-04T15:42:52,12.809097096224557,77.55902252417006,17.488951162062797,0.019616618864343904,0.4423141270678932
veh_000,2025-09-04T15:47:52,12.800397955436122,77.58028699800877,17.502764871029225,0.07617023483229007,0.9970346578375731
veh_000,2025-09-04T15:52:52,12.796545125229855,77.57032735924427,17.525734159615055,0.710586087866381,0.9991047304742386
veh_000,2025-09-04T15:57:52,12.789377839785068,77.57642753390124,17.563740813883847,0.5687634122345205,0.028999503204469423
veh_000,2025-09-04T16:02:52,12.788954856747253,77.57324900544234,17.573579618716696,0.7461585426252256,0.9106382271308853
veh_000,2025-09-04T16:07:52,12.801213261933272,77.5723867316615,17.56770251035029,0.748855712607222,0.6059251776477277
veh_000,2025-09-04T16:12:52,12.783036866095204,77.56022326560623,17.451021704357874,0.296520667953447,0.8009638536416762
veh_000,2025-09-04T16:17:52,12.793152748712126,77.57702302040006,17.505482579193412,0.8983058396803074,0.04015129954706642
veh_000,2025-09-04T16:22:52,12.78830703770788,77.58858097847634,17.51008891211512,0.24878053285176138,0.15521299244109088
veh_000,2025-09-04T16:27:52,12.781196224250301,77.56616378104331,17.492188077711397,0.7410755058135805,0.9802047848986818
veh_000,2025-09-04T16:32:52,12.78217977422218,77.57897339426324,17.44016088075352,0.6424091265389607,0.8841457113668172
veh_000,2025-09-04T16:37:52,12.777692531117475,77.58432808949634,17.409910845113085,0.3398299284879336,0.9800271795541925
veh_000,2025-09-04T16:42:52,12.789458756609076,77.5793240239876,17.400448628066265,0.5985986006847444,0.1451302546650497
veh_000,2025-09-04T16:47:52,12.809208205931233,77.57161725807201,17.32660573722398,0.8201667249715949,0.6492331552453089
veh_000,2025-09-04T16:52:52,12.807147513821725,77.57887889071247,17.32004886071381,0.6046327682138886,0.4741687294826181
veh_000,2025-09-04T16:57:52,12.816771394666489,77.57573893093198,17.328058390379663,0.8228720472399156,0.42790321368135
veh_000,2025-09-04T17:02:52,12.799332293102134,77.57478649110111,17.34375380095254,0.24998935821517826,0.21762852669696198
veh_000,2025-09-04T17:07:52,12.775271755016039,77.56387127845075,17.320820036705573,0.41204252400537145,0.4741326750901703
veh_000,2025-09-04T17:12:52,12.807061523075024,77.56542420841724,17.338205459328123,0.3778765290949025,0.64794848220121
veh_000,2025-09-04T17:17:52,12.797854845870106,77.5812368307504,17.321242535133923,0.8191554598203075,0.4314181951798901
veh_001,2025-09-04T09:22:52,13.174099517725645,77.52322317604427,14.549288473587632,0.48296504168219256,0.5202751147405691
veh_001,2025-09-04T09:27:52,13.15197254869233,77.52661098785211,14.506711614128344,0.6996755708940288,0.8419932110394631
veh_001,2025-09-04T09:32:52,13.163432686731955,77.51944548692697,14.529409893093778,0.4073980833360762,0.31389336980198923
veh_001,2025-09-04T09:37:52,13.141453311817433,77.51895190058134,14.429869293337578,0.05148175093183849,0.3722615731915482
veh_001,2025-09-04T09:42:52,13.1687192224793,77.51511317192968,14.354744120535534,0.0,0.9584291809009724
veh_001,2025-09-04T09:47:52,13.183971522782057,77.52665681697717,14.326765506233059,0.6395240628500919,0.7054063654840127
veh_001,2025-09-04T09:52:52,13.156794139032607,77.52330274899269,14.322460473642007,0.7372418365070241,0.5250883029672612
veh_001,2025-09-04T09:57:52,13.166450632840663,77.51542425144022,14.367351244062535,0.9886810842871974,0.5559694280284484
veh_001,2025-09-04T10:02:52,13.150890416102438,77.53566581762573,14.357784044727781,0.9211464176199671,0.3925727158419199
veh_001,2025-09-04T10:07:52,13.174317828422291,77.52362283243059,14.370695485893917,0.9694154065009712,0.15067297381324019
veh_001,2025-09-04T10:12:52,13.150356151700334,77.51782233218225,14.393312183426074,0.030272278345845727,0.29205933031452835
veh_001,2025-09-04T10:17:52,13.154379659483407,77.53378610086986,14.27359916818105,0.2640302674687494,0.24366745405571355
veh_001,2025-09-04T10:22:52,13.151505077995944,77.52478463327363,14.264637836908562,0.4239867293155955,0.7629030190395291
veh_001,2025-09-04T10:27:52,13.161801255065782,77.51222261384311,14.299980318953516,0.6987997911156452,0.8444788732871865
veh_001,2025-09-04T10:32:52,13.165332707087096,77.52527215427062,14.401733984090068,0.47387174868424703,0.9095522438713499
veh_001,2025-09-04T10:37:52,13.15223209685601,77.51198534755676,14.339510394710015,0.23336080603072445,0.39855250670154063
veh_001,2025-09-04T10:42:52,13.163110323944561,77.52281939484806,14.30123363083853,0.770055369205989,0.19160300966269983
veh_001,2025-09-04T10:47:52,13.158170889585364,77.51577881281588,14.32865502688002,0.5563920762458313,0.5984771915577366
veh_001,2025-09-04T10:52:52,13.15908757009974,77.52492833238327,14.283670287555632,0.5569530178512329,0.9818059475425355
veh_001,2025-09-04T10:57:52,13.173129233659706,77.53478747411313,14.271044420840484,0.6090363013517219,0.7206959467183516
veh_001,2025-09-04T11:02:52,13.14820389605693,77.519370185061,14.217437769769141,0.7143189447891977,0.7324135029937877
veh_001,2025-09-04T11:07:52,13.14800122546529,77.51393334022168,14.229210188184638,0.9833348445498862,0.9845780814316246
veh_001,2025-09-04T11:12:52,13.162257733882653,77.54052096277066,14.146622230775675,0.1156792379462504,0.7773431275291786
veh_001,2025-09-04T11:17:52,13.15456148853103,77.53043398714007,14.158705216766716,0.0,0.4115760021940599
veh_001,2025-09-04T11:22:52,13.153991983786026,77.53505244643195,14.12732583994487,0.3090154150693293,0.9247016672198887
veh_001,2025-09-04T11:27:52,13.167396637482954,77.5267889679019,14.04304597407563,0.6614103319784753,0.109282291114558
veh_001,2025-09-04T11:32:52,13.162120133775467,77.50807062990854,14.065362081452783,0.25802032870778824,0.7394314684765099
veh_001,2025-09-04T11:37:52,13.166905574024408,77.5247244194793,14.034663241383138,0.9353536547063193,0.8581253046248232
veh_001,2025-09-04T11:42:52,13.160088449399293,77.52499710873931,14.003679944676707,0.6413408880199788,0.4013555575533879
veh_001,2025-09-04T11:47:52,13.155650989437422,77.53593440066057,13.951650642051085,0.0,0.3480314234095143
veh_001,2025-09-04T11:52:52,13.185260652185654,77.51825528160803,13.854808740020076,0.40685480714121686,0.274825050755067
veh_001,2025-09-04T11:57:52,13.15786813424936,77.51117409384331,13.8837867971439,0.6573522125858259,0.7176391476415676
veh_001,2025-09-04T12:02:52,13.166759339976533,77.542834824082,13.892384813765753,0.3988024513794482,0.1368212780296263
veh_001,2025-09-04T12:07:52,13.16591994032927,77.50500125820746,13.900604348914618,0.382860815161157,0.49691659613034944
veh_001,2025-09-04T12:12:52,13.158025645321533,77.53898685037373,13.845417314025518,0.6761777500408377,0.017668780999912204
veh_001,2025-09-04T12:17:52,13.151076900180936,77.5240819354089,13.906043255867099,0.4028624887140198,0.9592092728445759
veh_001,2025-09-04T12:22:52,13.15959174439481,77.5132837433146,13.888926208933905,0.4755236690944637,0.23509711688065948
veh_001,2025-09-04T12:27:52,13.143610789266377,77.52712864261778,13.86279027412542,0.0,0.5907447941637661
veh_001,2025-09-04T12:32:52,13.162491070212326,77.51516922602217,13.796948763572507,0.7507423688943011,0.15544156408342247
veh_001,2025-09-04T12:37:52,13.183593395486424,77.52650986024977,13.816333920635607,0.4499216209674305,0.4383862585841929
veh_001,2025-09-04T12:42:52,13.166018224672065,77.53482522434818,13.790267774703743,0.3693777581168113,0.18517934495356758
veh_001,2025-09-04T12:47:52,13.167675389871373,77.5372917186655,13.767325750046277,0.37256788166207266,0.5127320643001113
veh_001,2025-09-04T12:52:52,13.157309757659455,77.53182851079393,13.654736885515325,0.2519884859249316,0.041079093304846936
veh_001,2025-09-04T12:57:52,13.136563812535723,77.51267158981884,13.608979079723028,0.4396686036443509,0.3125699490285839
veh_001,2025-09-04T13:02:52,13.157316766147677,77.51199983705982,13.606131352662352,0.8147520864324048,0.6981897256099134
veh_001,2025-09-04T13:07:52,13.150661623820369,77.52789346385528,13.595054546875811,0.6942454072128423,0.0016607076748005323
veh_001,2025-09-04T13:12:52,13.166784009140478,77.51195719312213,13.594450314336399,0.43679299569105295,0.4895020065072081
veh_001,2025-09-04T13:17:52,13.144132593180897,77.52916546461528,13.5769026952255,0.19331591550580113,0.26034854341525004
veh_001,2025-09-04T13:22:52,13.171047561233078,77.49950059580881,13.502070760730334,0.22313406743141972,0.22825287546342055
veh_001,2025-09-04T13:27:52,13.162593242488777,77.52998114666714,13.445062714774021,0.16413923741884212,0.7115580415967778
veh_001,2025-09-04T13:32:52,13.160350115968939,77.52779536245117,13.435679165227599,0.5834431179363881,0.009259781821123414
veh_001,2025-09-04T13:37:52,13.167545046550433,77.53037805708198,13.35468556550801,0.0,0.24163890873908578
veh_001,2025-09-04T13:42:52,13.171644623592202,77.5121017440674,13.26169379518073,0.5297104463021602,0.8533694593423667
veh_001,2025-09-04T13:47:52,13.177743317883927,77.52747094998355,13.243107960351445,0.23206081352454122,0.2542634837541573
veh_001,2025-09-04T13:52:52,13.156774725620732,77.51215729520524,13.34554574289461,1.0355505206216393,0.36153607863919934
veh_001,2025-09-04T13:57:52,13.150558868681493,77.5308581675055,13.377527063369504,0.6327636872612159,0.21635569522540143
veh_001,2025-09-04T14:02:52,13.166121084088196,77.52970811662557,13.409372377538114,0.6022374224006317,0.3464786554071809
veh_001,2025-09-04T14:07:52,13.160603583433689,77.51674605467404,13.345380329656113,1.0045449857902473,0.7385803864573827
veh_001,2025-09-04T14:12:52,13.17335957866254,77.52486010843108,13.412911585703746,0.5036159541805476,0.14371866145553414
veh_001,2025-09-04T14:17:52,13.148832658954964,77.52627788730751,13.415930882124966,0.10920436494966068,0.004007604733339498
veh_001,2025-09-04T14:22:52,13.158970077021015,77.54028358592898,13.460641548550637,0.5034336317274398,0.8973021997540936
veh_001,2025-09-04T14:27:52,13.160209496440626,77.52027883441458,13.406520188681222,0.45468443671792125,0.05051969637200515
veh_001,2025-09-04T14:32:52,13.147264217270353,77.527420192408,13.426083421677884,0.0,0.018160543914364058
veh_001,2025-09-04T14:37:52,13.169724386518583,77.5329002116515,13.477375263822147,0.5116739620704379,0.6107701332354183
veh_001,2025-09-04T14:42:52,13.148930384386002,77.52575402331003,13.496339265540405,0.8861993334815197,0.5669377953193868
veh_001,2025-09-04T14:47:52,13.158445086094272,77.50986591547392,13.48038393568986,0.5651693584431574,0.012469877941213237
veh_001,2025-09-04T14:52:52,13.153988431578806,77.52483682241223,13.455186048619328,0.3115801748823878,0.8896564216753973
veh_001,2025-09-04T14:57:52,13.155747446858292,77.52474901815232,13.468846249761935,0.15817129967252763,0.1784417618218309
veh_001,2025-09-04T15:02:52,13.174145142058748,77.51068717913519,13.363013527313408,0.0,0.8783657338108016
veh_001,2025-09-04T15:07:52,13.16007654543991,77.52113186570828,13.423723018759834,0.0,0.7829601300260849
veh_001,2025-09-04T15:12:52,13.17538175467762,77.51103016661361,13.404732693170338,0.27413242483141376,0.798097435818333
veh_001,2025-09-04T15:17:52,13.156504752609353,77.53658282709938,13.496602026944714,0.3992182324879557,0.9792246337072796
veh_001,2025-09-04T15:22:52,13.16012313742943,77.53984488452954,13.49193709446204,0.5393173478138433,0.31913248859966603
veh_001,2025-09-04T15:27:52,13.191555909453259,77.53082083001098,13.456573867964467,0.7906993610827573,0.9353813695664948
veh_001,2025-09-04T15:32:52,13.154869870830572,77.53139398786145,13.458128147353024,0.5835727743535418,0.13110869302621986
veh_001,2025-09-04T15:37:52,13.163133203925637,77.52655763323689,13.361279800717753,0.6999718005828601,0.24359674535860742
veh_001,2025-09-04T15:42:52,13.145344381303989,77.52172386182394,13.365478850883475,0.2919481506283158,0.20208810164547797
veh_001,2025-09-04T15:47:52,13.146345620995875,77.5182385367748,13.336235144136825,0.4860238188981982,0.04517311698942639
veh_001,2025-09-04T15:52:52,13.149688443163349,77.52955080103709,13.339385262553561,0.0,0.11069207402961612
veh_001,2025-09-04T15:57:52,13.159644179730291,77.52009830108467,13.33421425687483,0.4916052630409346,0.9016418535664384
veh_001,2025-09-04T16:02:52,13.169243868758066,77.51119692525336,13.27561567722979,0.17200284263378524,0.1377935359278052
veh_001,2025-09-04T16:07:52,13.172216846446048,77.51799457988014,13.150530685021808,0.0,0.6167561790773091
veh_001,2025-09-04T16:12:52,13.15419008378463,77.51822408798998,13.152459741170853,0.40647610075326585,0.8519331577947986
veh_001,2025-09-04T16:17:52,13.15300719960277,77.51368479466778,13.176403518096876,0.039307379022164246,0.4048549644265338
veh_001,2025-09-04T16:22:52,13.160792904496846,77.52083354936335,13.25581732345434,0.3133377664115846,0.1206553374436864
veh_001,2025-09-04T16:27:52,13.157513058167302,77.50953780981283,13.259313302504081,0.17712643990436955,0.17949207234608744
veh_001,2025-09-04T16:32:52,13.163737705659738,77.52786379514903,13.228204917491368,0.7962215435139202,0.8513346494022038
veh_001,2025-09-04T16:37:52,13.174130390225217,77.5276021083338,13.296376353095653,0.0,0.16125406285192412
veh_001,2025-09-04T16:42:52,13.15109732009635,77.5235002328738,13.267803892135817,0.45015264741508026,0.4906079155118719
veh_001,2025-09-04T16:47:52,13.15807017469538,77.52644589743443,13.256190425639605,0.5227139863870501,0.12566385286853599
veh_001,2025-09-04T16:52:52,13.164250613319314,77.533961049618,13.338560125519772,0.5928860245727501,0.5544165520399336
veh_001,2025-09-04T16:57:52,13.148258727567727,77.52142920683838,13.38557459876395,0.7597905915251459,0.9168484076291957
veh_001,2025-09-04T17:02:52,13.168631312255263,77.52721564135247,13.445589911676917,0.5868077470871333,0.5318860913460681
veh_001,2025-09-04T17:07:52,13.163125785228914,77.493002030504,13.464734198496169,0.0,0.46875929701395247
veh_001,2025-09-04T17:12:52,13.164285058668993,77.5270832676352,13.406612759489173,0.28636938743631835,0.34240367681062867
veh_001,2025-09-04T17:17:52,13.154927071343858,77.54473717738657,13.406516766830356,0.62241085306438,0.2119546110805426
veh_002,2025-09-04T09:22:52,12.79940949456902,77.47537983830856,20.46287471829656,0.27734237180076904,0.45826204153651395
veh_002,2025-09-04T09:27:52,12.800111720672772,77.4861992973391,20.457565621765433,0.5669366055218499,0.9218524501549951
veh_002,2025-09-04T09:32:52,12.789768479644227,77.47861137850437,20.51279958253556,0.37629893833858086,0.5996953567159904
veh_002,2025-09-04T09:37:52,12.804203729024751,77.4936609528909,20.436263819672725,0.5688445146390819,0.6780940608798283
veh_002,2025-09-04T09:42:52,12.803509466447982,77.49534706966818,20.36605036476819,0.5993120464988587,0.7496186189228675
veh_002,2025-09-04T09:47:52,12.805808725908975,77.48600105723587,20.341910856831955,0.7611666828259179,0.9475355996659923
veh_002,2025-09-04T09:52:52,12.817709302476924,77.50217533354564,20.336424147750446,0.605816048907903,0.7197825350215462
veh_002,2025-09-04T09:57:52,12.800977381423914,77.49033489670968,20.377611804344255,0.48221520619222036,0.3423624333000541
veh_002,2025-09-04T10:02:52,12.795620871272561,77.49536635860791,20.377761468904254,0.6020629930605014,0.6674899231467579
veh_002,2025-09-04T10:07:52,12.796017187301944,77.49658973646687,20.396703599077174,0.12955607392655644,0.19780984725919692
veh_002,2025-09-04T10:12:52,12.794758154493351,77.47247630139873,20.34445141359786,0.1936864517965034,0.12936280345827444
veh_002,2025-09-04T10:17:52,12.797027096875457,77.48565893515416,20.375436511871982,0.6019626083578111,0.9103269101852525
veh_002,2025-09-04T10:22:52,12.803863886504207,77.49518860151059,20.27003884478311,0.3906685243206616,0.6100604828871738
veh_002,2025-09-04T10:27:52,12.800126201198898,77.48898092510834,20.322315458522592,0.8562903178163362,0.39967613516363687
veh_002,2025-09-04T10:32:52,12.794761991156951,77.49387886595603,20.295919576656377,0.4995822045669953,0.6102274444332458
veh_002,2025-09-04T10:37:52,12.794187888471026,77.497084041223,20.329789645090994,0.21356245486075354,0.5445484020413396
veh_002,2025-09-04T10:42:52,12.806751265384635,77.4900465137043,20.29167347218961,0.24223819442732902,0.9126718352555361
veh_002,2025-09-04T10:47:52,12.80519154656384,77.47947100315656,20.313549084620604,0.12747334133648225,0.7646672285619996
veh_002,2025-09-04T10:52:52,12.80086207947666,77.51347855628116,20.244683301844585,0.94160436994704,0.6448191943592905
veh_002,2025-09-04T10:57:52,12.803877321111079,77.49021073396446,20.266919642754345,0.45389446869139466,0.2188566087946322
veh_002,2025-09-04T11:02:52,12.795200890488672,77.50034960055237,20.234701286743693,0.48192444607961393,0.3361299685293737
veh_002,2025-09-04T11:07:52,12.804315839134395,77.50347851439984,20.23083347775265,0.44093429038882714,0.11570416730942945
veh_002,2025-09-04T11:12:52,12.797472675395397,77.47309931223336,20.185189578416708,0.5680358138327406,0.4228003325467935
veh_002,2025-09-04T11:17:52,12.827857710543215,77.48316140397986,20.25695458624898,0.5731257441204943,0.13799751734790533
veh_002,2025-09-04T11:22:52,12.804091546448182,77.48964641966738,20.262474372529592,0.37750005115199925,0.11184480238067718
veh_002,2025-09-04T11:27:52,12.784329349905699,77.49555970366339,20.248639368025305,0.32117333010315,0.5007661490802783
veh_002,2025-09-04T11:32:52,12.807714924460077,77.49083089426084,20.215836621193258,0.8678878866946849,0.09519908696086399
veh_002,2025-09-04T11:37:52,12.804711168484149,77.49876388994402,20.27793462103395,0.8390297949213541,0.4247769248154559
veh_002,2025-09-04T11:42:52,12.80574907240167,77.49422386056403,20.223067737306597,0.7102169470578757,0.8321200752819861
veh_002,2025-09-04T11:47:52,12.79181960737967,77.50206290550865,20.265078745441308,0.9462194869057587,0.801389433842723
veh_002,2025-09-04T11:52:52,12.788243113518153,77.48662288285988,20.270180310303335,0.5236966149020029,0.09609523297188127
veh_002,2025-09-04T11:57:52,12.796152897680885,77.4925475995486,20.220748952831606,0.6350951834131439,0.0005187441657055203
veh_002,2025-09-04T12:02:52,12.792267468548076,77.48666896120882,20.211540165505845,0.41895346119887117,0.8231273174161865
veh_002,2025-09-04T12:07:52,12.798781141907842,77.4865882937288,20.106667617625337,0.23173779440615683,0.5389417662641869
veh_002,2025-09-04T12:12:52,12.792907075169154,77.50284433076435,20.098420728855526,0.8865332747954757,0.25745195932396336
veh_002,2025-09-04T12:17:52,12.800137880295136,77.48813929035344,20.0986105414366,1.0156385009149578,0.3679043402218176
veh_002,2025-09-04T12:22:52,12.779750144486533,77.48359554652001,20.09933693553348,0.7070313274292037,0.08598235011094513
veh_002,2025-09-04T12:27:52,12.795923142802115,77.499217691763,20.150846705691116,0.5552173493814696,0.9903884573604824
veh_002,2025-09-04T12:32:52,12.802492054565242,77.48341242456274,20.185737547641114,0.5331839367736033,0.8750841990540823
veh_002,2025-09-04T12:37:52,12.814495137652816,77.46451853354517,20.114853339133134,0.14387887208768896,0.6560738790950633
veh_002,2025-09-04T12:42:52,12.79721952023326,77.47395399835284,20.065595437517594,0.24174749644292898,0.8285469248387858
veh_002,2025-09-04T12:47:52,12.817783021408392,77.48490976065372,20.047416273002256,0.15523880084351177,0.4861920756222755
veh_002,2025-09-04T12:52:52,12.798596800066834,77.47904873499813,20.043173746419154,0.019938245286956813,0.5612230678900442
veh_002,2025-09-04T12:57:52,12.801251872883949,77.49268935080842,20.064047344356254,0.10385330475288884,0.5640951370472229
veh_002,2025-09-04T13:02:52,12.791763484964902,77.49535583397665,20.063515410525344,0.08708375027661563,0.894511497718781
veh_002,2025-09-04T13:07:52,12.803419239351557,77.49515690863532,20.056466015653122,0.9595336671803159,0.47609175667866066
veh_002,2025-09-04T13:12:52,12.797199060766923,77.49652847295195,20.15315568991253,1.088145380234908,0.1954865095820041
veh_002,2025-09-04T13:17:52,12.790500270819349,77.50387644269792,20.100241637370647,0.10323766001249629,0.42273403427206224
veh_002,2025-09-04T13:22:52,12.803967869025666,77.48800328776446,20.06771345635037,0.2977362614826473,0.3607586865182536
veh_002,2025-09-04T13:27:52,12.790970505644331,77.51184358360334,20.082589009909647,0.7660277163214215,0.20539029767240669
veh_002,2025-09-04T13:32:52,12.797906035159059,77.48189171501687,19.950003593163686,0.08659721694564015,0.11532643811098797
veh_002,2025-09-04T13:37:52,12.777267764151404,77.47707366508759,20.016251377132768,0.4866691496886937,0.8198088582380241
veh_002,2025-09-04T13:42:52,12.803875427699928,77.49685284308772,19.97120652736754,0.6571852862578013,0.3239366689376362
veh_002,2025-09-04T13:47:52,12.793999129008583,77.49462265853674,19.99951591529628,0.3351342136609752,0.9786341439004389
veh_002,2025-09-04T13:52:52,12.787924318611937,77.48989231024979,20.015866408735743,0.26224225086262565,0.12805261054778694
veh_002,2025-09-04T13:57:52,12.805470972292305,77.49520916197723,20.093460414741866,0.883094249659413,0.589331166127476
veh_002,2025-09-04T14:02:52,12.8166014640263,77.48371748978502,20.145704055364586,0.5203959878153267,0.9267693914889933
veh_002,2025-09-04T14:07:52,12.78168863333317,77.48731160972841,20.067734893599305,0.7901897707528317,0.5679342304284926
veh_002,2025-09-04T14:12:52,12.791796492037953,77.49204696225577,20.031465317498906,0.3114545809589631,0.3457308057626326
veh_002,2025-09-04T14:17:52,12.799380219312486,77.50642373524988,20.00735369356376,0.7998008997423467,0.38909671152208003
veh_002,2025-09-04T14:22:52,12.807723382028362,77.48455567825728,20.004875751686182,0.46535033621031957,0.8267898819237445
veh_002,2025-09-04T14:27:52,12.806386417276737,77.49552974488635,20.03455348643146,0.9610896961752934,0.9455198910219065
veh_002,2025-09-04T14:32:52,12.79601615503243,77.49275777801492,20.00337345196855,0.5070065948343666,0.038541999323435716
veh_002,2025-09-04T14:37:52,12.81596630502228,77.49266423633401,19.992471995563328,0.8580855715569131,0.8521453370691817
veh_002,2025-09-04T14:42:52,12.779624575982266,77.49698564138278,19.995495417969195,0.5751338900782282,0.33071606674610543
veh_002,2025-09-04T14:47:52,12.799533264822417,77.50906234893459,20.03670539895899,0.5509119635428437,0.16058831258491868
veh_002,2025-09-04T14:52:52,12.795819873412226,77.46773527593858,20.049587420005047,0.7536449325445562,0.9635799122221537
veh_002,2025-09-04T14:57:52,12.793151433007852,77.47745260850824,20.00131986026461,0.5160444880465701,0.3744639364489377
veh_002,2025-09-04T15:02:52,12.77430392058269,77.49516995921414,20.039012613761294,0.4246692235889262,0.9821442963178444
veh_002,2025-09-04T15:07:52,12.789801415670896,77.5013562741716,19.900112899724864,0.3957429763419442,0.11839908317866876
veh_002,2025-09-04T15:12:52,12.80781130494677,77.48227611530913,19.920310600761646,0.6696381257507279,0.8743342563348132
veh_002,2025-09-04T15:17:52,12.797736182494166,77.4927876985268,19.846057826805275,0.8571240689881232,0.16339170014945448
veh_002,2025-09-04T15:22:52,12.794158060290043,77.48880477688208,19.767913609538283,0.5686310086786814,0.4617271971845094
veh_002,2025-09-04T15:27:52,12.802694940165892,77.47313827918879,19.7617231448218,0.7226086708938472,0.34414107806334804
veh_002,2025-09-04T15:32:52,12.789017941792743,77.49779269087139,19.775227916531666,0.6235914746380261,0.9744171231088467
veh_002,2025-09-04T15:37:52,12.804451129715982,77.4956061349349,19.910765192892583,0.4358586325728528,0.4290261213574127
veh_002,2025-09-04T15:42:52,12.80404356591339,77.49341716512447,19.884429423295273,0.19028089413354576,0.9587075259719341
veh_002,2025-09-04T15:47:52,12.8030340366348,77.48170440101656,19.930225938409254,0.46725645453159964,0.045114745709278536
veh_002,2025-09-04T15:52:52,12.805388330650064,77.47610843214825,19.94785729860511,1.0738864423195258,0.15575767097457938
veh_002,2025-09-04T15:57:52,12.796003480893086,77.48395620202629,19.927340299937857,0.4238111965856657,0.4450160548539922
veh_002,2025-09-04T16:02:52,12.808928716341665,77.47169516379849,19.970440302458464,0.38609404245723167,0.2860473018403953
veh_002,2025-09-04T16:07:52,12.78849572282891,77.50231356549907,20.032722050467058,0.7878771577250221,0.8300191791590281
veh_002,2025-09-04T16:12:52,12.808056812641581,77.49307580570694,19.95245848811043,0.49271078486875536,0.79578856516697
veh_002,2025-09-04T16:17:52,12.805326354669152,77.49079986850006,19.967020058952798,0.9420834176759287,0.704838323043181
veh_002,2025-09-04T16:22:52,12.771095052393093,77.4858528692822,19.9587875075756,0.0,0.3915068416844314
veh_002,2025-09-04T16:27:52,12.812253179655025,77.47816157623467,19.975607554510095,0.22525295681106866,0.9306844885446205
veh_002,2025-09-04T16:32:52,12.814539538272621,77.48360167662946,19.998718178960626,0.0,0.9757360243896606
veh_002,2025-09-04T16:37:52,12.805792126393985,77.48720225640407,20.02749550446062,0.0770541713156569,0.23636043538354456
veh_002,2025-09-04T16:42:52,12.796525754175956,77.48698655968009,20.002912723712345,0.3258045791763246,0.5685697147037354
veh_002,2025-09-04T16:47:52,12.802324670431963,77.49554473624461,20.00247298923807,0.6539599433231543,0.8005836206738501
veh_002,2025-09-04T16:52:52,12.822062920345015,77.47334795066627,20.065519855416216,0.9103722352162913,0.09057905853543935
veh_002,2025-09-04T16:57:52,12.822058338036479,77.49898215766002,20.11407680575736,0.508406656107763,0.77077321366537
veh_002,2025-09-04T17:02:52,12.797671513660523,77.49293256079378,20.184136119509056,0.5543942653584258,0.6728533946848935
veh_002,2025-09-04T17:07:52,12.80800987255477,77.49823876229452,20.216869095931443,0.7236496719574947,0.9366696918651266
veh_002,2025-09-04T17:12:52,12.790475710259614,77.48034532052417,20.135095933508552,0.5710845834637849,0.5081929147782448
veh_002,2025-09-04T17:17:52,12.795365724885624,77.45947106658713,20.072730060023844,0.8362521954209501,0.4217660627145613
veh_003,2025-09-04T09:22:52,12.759491180401927,77.64677095220075,3.4528040836233425,0.9549320301768212,0.8967553715906984
veh_003,2025-09-04T09:27:52,12.75499925515377,77.64061509812073,3.4782989960471693,0.46843275972473863,0.7817570475739452
veh_003,2025-09-04T09:32:52,12.775603269509565,77.64272844931814,3.593278450699035,0.5272227691256519,0.3476736348359033
veh_003,2025-09-04T09:37:52,12.764504651229581,77.65350015396842,3.557047898123149,0.2438722332237765,0.4250817675141312
veh_003,2025-09-04T09:42:52,12.770816989427127,77.64427311325593,3.492728231368964,0.09192249011320192,0.21549514181270046
veh_003,2025-09-04T09:47:52,12.74325523587308,77.64496540183039,3.5489804274543655,0.49597526392255736,0.7472698001920698
veh_003,2025-09-04T09:52:52,12.759023852399128,77.6422425582696,3.6537803649656375,0.06285862612413312,0.15442308802214244
veh_003,2025-09-04T09:57:52,12.77798998380792,77.64837033164939,3.6819460186414585,0.5343753311071635,0.7605460227298669
veh_003,2025-09-04T10:02:52,12.76870755230526,77.635775685047,3.7258489475868686,0.08809909493433826,0.14742595348558585
veh_003,2025-09-04T10:07:52,12.762718866635337,77.637707617354,3.7247146838205865,0.31323795420033407,0.7050281965241929
veh_003,2025-09-04T10:12:52,12.757395309586338,77.63283066188221,3.7408545570252487,0.15497435175429097,0.8150730962187541
veh_003,2025-09-04T10:17:52,12.749116666323186,77.63820759908012,3.7096243866144896,0.8975440186624517,0.1763555764178013
veh_003,2025-09-04T10:22:52,12.75881411897703,77.64885774264663,3.604264769248005,0.4870599231077278,0.3138467721116466
veh_003,2025-09-04T10:27:52,12.762254922066502,77.64454967992762,3.631671188230115,0.7686815729943037,0.3692728413409686
veh_003,2025-09-04T10:32:52,12.744108192184564,77.64597346114678,3.5959273601352395,0.8936075786659743,0.6429984233408326
veh_003,2025-09-04T10:37:52,12.741586149645343,77.63119040906749,3.458443559153711,0.42976233881512627,0.908608246555642
veh_003,2025-09-04T10:42:52,12.756686829904655,77.65465933862622,3.5183695509795454,0.44888347299316667,0.4772006332829246
veh_003,2025-09-04T10:47:52,12.767104272807398,77.64942415052101,3.5338391294873928,0.7944439247924346,0.836613041032693
veh_003,2025-09-04T10:52:52,12.781019010864325,77.6342762707045,3.5713002758474355,0.0,0.9948242136208678
veh_003,2025-09-04T10:57:52,12.776095143469728,77.64126155000592,3.6132964061040753,0.5710866166157739,0.26808510482055103
veh_003,2025-09-04T11:02:52,12.774569960251801,77.64150395998941,3.524259500725902,0.2590279724144885,0.29629963045348506
veh_003,2025-09-04T11:07:52,12.7648865480661,77.62819996573357,3.4880423747554916,0.325483595239326,0.4028796085076296
veh_003,2025-09-04T11:12:52,12.747172321116459,77.63758683715473,3.4516118504925153,0.7314599779285758,0.8119882015105448
veh_003,2025-09-04T11:17:52,12.759473352421587,77.63995015027722,3.458608066094471,0.2550274677633275,0.8144738760309339
veh_003,2025-09-04T11:22:52,12.751529244913216,77.63752241659621,3.4004343761048577,0.5486178677188625,0.4299570499000478
veh_003,2025-09-04T11:27:52,12.745060473994492,77.64412183534809,3.3894375863415407,0.6024526056610409,0.37831801422378564
veh_003,2025-09-04T11:32:52,12.746395464203157,77.63124665524735,3.3909087651207894,0.8086342759236528,0.9940777724523785
veh_003,2025-09-04T11:37:52,12.76438872280049,77.6557667682888,3.3832574713104786,0.6650607488079322,0.08904200507505322
veh_003,2025-09-04T11:42:52,12.759737795009706,77.62766141305285,3.266040305889535,0.7828297403675826,0.19549582739658733
veh_003,2025-09-04T11:47:52,12.75637617855244,77.63000612570322,3.195541820735341,0.4478486899716151,0.6904019545155015
veh_003,2025-09-04T11:52:52,12.764711166982421,77.64839593242571,3.211584303051571,0.5715802372785331,0.24587558700505863
veh_003,2025-09-04T11:57:52,12.750255519312025,77.64332119957389,3.2682187940775504,0.879361942801411,0.20056247132155403
veh_003,2025-09-04T12:02:52,12.757807902585915,77.6574517591946,3.2936227493375037,0.5585789094439318,0.9076048913904824
veh_003,2025-09-04T12:07:52,12.757093447745397,77.64675273886682,3.2810040430882794,0.48722641368666675,0.13503809605623607
veh_003,2025-09-04T12:12:52,12.75415074171754,77.64919184197474,3.4267162755090506,0.0,0.39919530265779046
veh_003,2025-09-04T12:17:52,12.753329556116284,77.64964457401112,3.4290441491754438,0.728556432212739,0.21093438848871293
veh_003,2025-09-04T12:22:52,12.762855668180157,77.65519107112007,3.31182925448601,0.9771356893748069,0.050535988650057706
veh_003,2025-09-04T12:27:52,12.771709890559926,77.63167179078751,3.270290760405743,0.5437814882434322,0.12829325851112017
veh_003,2025-09-04T12:32:52,12.763762142882575,77.65471569984523,3.1820297446406003,0.7921457215151927,0.8766781387517029
veh_003,2025-09-04T12:37:52,12.758893638391228,77.62915939589207,3.2071821780594436,0.0,0.11784390090583108
veh_003,2025-09-04T12:42:52,12.746010398647744,77.6444051273621,3.2012237361930476,0.8508614441881651,0.39510183754789086
veh_003,2025-09-04T12:47:52,12.753990071391017,77.63880452127621,3.264867874630781,0.660889090754268,0.6779718525450447
veh_003,2025-09-04T12:52:52,12.758566992802828,77.62819877733007,3.284291584673358,0.0,0.7218363322336134
veh_003,2025-09-04T12:57:52,12.762217672927386,77.66774006623166,3.2292848069871427,0.46920137268781015,0.47393273763807797
veh_003,2025-09-04T13:02:52,12.772845353405389,77.63690842772013,3.2404831784058152,0.5005998069245262,0.28405131052651544
veh_003,2025-09-04T13:07:52,12.753944652642627,77.64297734420892,3.1605805596419794,0.5405370355604247,0.30132035766261533
veh_003,2025-09-04T13:12:52,12.758657262876035,77.62772003933007,3.2100071527845526,0.6093575113978407,0.829595409085705
veh_003,2025-09-04T13:17:52,12.758125452534093,77.6288638542081,3.158736646395657,0.33865659609285814,0.4956050782011431
veh_003,2025-09-04T13:22:52,12.7545364230936,77.65027268482922,3.131820836252578,0.5743842682555624,0.3964362353648121
veh_003,2025-09-04T13:27:52,12.769662023003402,77.63852243485374,3.053194423752456,0.08541529059091019,0.746067978959365
veh_003,2025-09-04T13:32:52,12.762715708977716,77.63137994852914,3.0737050245364337,0.3602695505425767,0.24569974299498099
veh_003,2025-09-04T13:37:52,12.743554311051103,77.64590688002302,3.01730737336115,0.3519795978851964,0.6355603540101848
veh_003,2025-09-04T13:42:52,12.737677743253732,77.6462388094038,3.1124527464748586,0.36396851048942214,0.6404392121036413
veh_003,2025-09-04T13:47:52,12.771180673933728,77.64223101323566,3.0834047370482844,0.0,0.5786092968125244
veh_003,2025-09-04T13:52:52,12.759799772905186,77.63374370972204,3.089734572562169,0.3248958929581456,0.3321630477034516
veh_003,2025-09-04T13:57:52,12.766994368563562,77.63048672412269,3.142100336865857,0.08069415106447891,0.07130453418484539
veh_003,2025-09-04T14:02:52,12.78016091894314,77.65514409585235,3.146980536490629,0.21784093534963506,0.5802402167429431
veh_003,2025-09-04T14:07:52,12.76166421014833,77.64424578055932,3.142436990009331,0.4907502457747447,0.5221250929031509
veh_003,2025-09-04T14:12:52,12.746511669646074,77.63870544081432,3.188168192708673,0.08949971073466478,0.16971410509856066
veh_003,2025-09-04T14:17:52,12.752733917714766,77.6449840525299,3.1687365336553324,0.9432180994924007,0.8420701517722398
veh_003,2025-09-04T14:22:52,12.747813425344702,77.65058282835206,3.1300039408422293,0.32690108858673994,0.7650244051780429
veh_003,2025-09-04T14:27:52,12.756013982805174,77.65279910639916,3.0912784377665594,0.314316034222591,0.2950192087123954
veh_003,2025-09-04T14:32:52,12.755275069518923,77.6548624637914,3.1227182524470747,1.0129831862036212,0.6103353887901798
veh_003,2025-09-04T14:37:52,12.75062428668315,77.6445747395092,3.063908236614903,0.2667182216755199,0.6825881222168831
veh_003,2025-09-04T14:42:52,12.75035990826109,77.63335167550694,3.05669401768889,0.1349844744840779,0.2223679278968107
veh_003,2025-09-04T14:47:52,12.7517539216283,77.67196623793689,3.0341247951406705,0.5216052925751157,0.4725559833368571
veh_003,2025-09-04T14:52:52,12.77799237458375,77.65506555504395,3.0489705886774763,0.09595923536613032,0.528657538108291
veh_003,2025-09-04T14:57:52,12.749717146542302,77.65849410087066,3.089430325270135,0.5286317115463208,0.4815915892060435
veh_003,2025-09-04T15:02:52,12.751097297215884,77.65074815955192,3.150074509856293,0.8327509434476394,0.45057646360088155
veh_003,2025-09-04T15:07:52,12.763946980070603,77.65402570040075,3.0671577315771805,0.4976286453880291,0.43194566100048193
veh_003,2025-09-04T15:12:52,12.757923811154008,77.6253489296819,3.050872826073494,0.4018083709234928,0.154283125413476
veh_003,2025-09-04T15:17:52,12.755296742748223,77.63944042670352,3.048887511956145,0.6327363814909133,0.6415613259643522
veh_003,2025-09-04T15:22:52,12.756834967718794,77.64479408861847,2.952841715661386,0.6431105381679374,0.5002096493133521
veh_003,2025-09-04T15:27:52,12.76132839226845,77.65347789131187,2.8552009391589737,0.0,0.28689241356345485
veh_003,2025-09-04T15:32:52,12.76086028845119,77.64557231766784,2.8320945854003514,0.6993061022719793,0.9902780870927544
veh_003,2025-09-04T15:37:52,12.76577127994199,77.64126226365188,2.7267101160196314,0.7307708624111384,0.2038606273295439
veh_003,2025-09-04T15:42:52,12.767377041122314,77.63507412396226,2.7603998357030193,0.7581589123884336,0.985621101512008
veh_003,2025-09-04T15:47:52,12.752170357760194,77.64160600239049,2.797763438260192,0.5172230214314474,0.32085007406718746
veh_003,2025-09-04T15:52:52,12.765077619852741,77.64965716457408,2.802161583076742,0.5658754781539832,0.4083230226329888
veh_003,2025-09-04T15:57:52,12.775714246359636,77.6348636263988,2.772795544938553,0.5032956540582577,0.18871221002891925
veh_003,2025-09-04T16:02:52,12.74595772530153,77.63076758073827,2.670909119551817,0.5098085675759813,0.5539811258168594
veh_003,2025-09-04T16:07:52,12.757085955902296,77.65048433013484,2.6388319835126746,0.5693846068230094,0.27503104063025285
veh_003,2025-09-04T16:12:52,12.767652600153438,77.6486218289094,2.604235298703944,0.4494044739798642,0.8487921131360887
veh_003,2025-09-04T16:17:52,12.764865225705016,77.62990092765841,2.637016201762513,0.17461681326912853,0.07179714236004586
veh_003,2025-09-04T16:22:52,12.771172445400884,77.6467694029951,2.6448778439343226,0.43729032319177397,0.9039041887954788
veh_003,2025-09-04T16:27:52,12.757223675307854,77.64622624694232,2.688474562260295,0.3314580369423231,0.724816822246873
veh_003,2025-09-04T16:32:52,12.748987802195229,77.63322582077467,2.59705479668822,0.7189486367046589,0.4772329099757965
veh_003,2025-09-04T16:37:52,12.775184746437178,77.62760970334966,2.63329753026603,0.9266319049770669,0.7114093477097423
veh_003,2025-09-04T16:42:52,12.761945931308976,77.62379161772787,2.646634338664862,0.18093208116958476,0.7766484358887159
veh_003,2025-09-04T16:47:52,12.745319427780586,77.6492991304807,2.6978599724361967,0.26504604148544975,0.6034059574876086
veh_003,2025-09-04T16:52:52,12.739371226576974,77.64120641289517,2.6687802757221166,0.03469417629558358,0.41393031905460087
veh_003,2025-09-04T16:57:52,12.756431753183827,77.63311318864947,2.6410516554400942,0.8213913616788846,0.9295729155672217
veh_003,2025-09-04T17:02:52,12.75963119638749,77.65006159842058,2.583006057620757,0.5097110302181092,0.7630192967767481
veh_003,2025-09-04T17:07:52,12.756233091917487,77.6482251315955,2.5439843848885344,0.6529462123328353,0.07815613988538828
veh_003,2025-09-04T17:12:52,12.731759858195504,77.65577360527102,2.391602756620897,0.3151852923331624,0.5718419765211091
veh_003,2025-09-04T17:17:52,12.75775858974995,77.62920868841123,2.3369159035350635,0.8080717238961859,0.848978422624854
veh_004,2025-09-04T09:22:52,12.888658639372744,77.37058822354474,11.49268481133269,0.7197283429288515,0.21957959220209133
veh_004,2025-09-04T09:27:52,12.890453868910578,77.37212861033233,11.557360309755659,0.09497026456207369,0.8595611334188981
veh_004,2025-09-04T09:32:52,12.894156842700603,77.36914112289196,11.523496600555195,0.2595143477694648,0.9266704880812819
veh_004,2025-09-04T09:37:52,12.895438058693076,77.36848131144885,11.414478290118286,0.3860970587455481,0.0884022907006744
veh_004,2025-09-04T09:42:52,12.886968181415098,77.37166943806973,11.370917486516994,1.100288930477046,0.7537706796439557
veh_004,2025-09-04T09:47:52,12.896943500185726,77.36299648399235,11.338219329835148,0.5645907889824536,0.842731968806472
veh_004,2025-09-04T09:52:52,12.903570418530952,77.36873350109676,11.32390102304189,0.32418450800733245,0.8850929882268007
veh_004,2025-09-04T09:57:52,12.888084889377218,77.37805153068506,11.31209451845299,0.2796836727826097,0.04737250672948978
veh_004,2025-09-04T10:02:52,12.896873673844146,77.37987432750323,11.290571601779893,0.7389632091559991,0.5218764346888559
veh_004,2025-09-04T10:07:52,12.891422817217512,77.38180736725464,11.375400935928436,0.09789313759363882,0.6513349987400464
veh_004,2025-09-04T10:12:52,12.87555807848339,77.38293319853805,11.454155077308872,0.6466005573401922,0.3940719741684673
veh_004,2025-09-04T10:17:52,12.888885295407741,77.38107093896065,11.441551936538705,0.2642070176205934,0.021831391645811604
veh_004,2025-09-04T10:22:52,12.896473601702036,77.37308829627045,11.40123784550447,0.09192696872234768,0.7828205656486452
veh_004,2025-09-04T10:27:52,12.899943022715442,77.38307707139813,11.449496370140903,0.5263602911242182,0.2848075886498894
veh_004,2025-09-04T10:32:52,12.897528164352147,77.37984506676158,11.42295527873442,1.1642457847375733,0.042346113998704804
veh_004,2025-09-04T10:37:52,12.887831012984568,77.38510056519027,11.435547999499171,0.0785625357169018,0.9876474477564617
veh_004,2025-09-04T10:42:52,12.893547844342264,77.36965115600361,11.494987205216864,0.6877026714788461,0.47979850275515334
veh_004,2025-09-04T10:47:52,12.912261618498349,77.38734844063943,11.494477399435612,0.9770656416865338,0.2658094132750657
veh_004,2025-09-04T10:52:52,12.894208959344732,77.37415746579555,11.523569921400965,0.642980890197194,0.5024129936309384
veh_004,2025-09-04T10:57:52,12.886589926557097,77.38205976549743,11.520079982112858,0.09995770437973966,0.4482523545537438
veh_004,2025-09-04T11:02:52,12.90014132388387,77.35474158380525,11.53035050846092,0.35657508267385263,0.9765270664151456
veh_004,2025-09-04T11:07:52,12.889555108004233,77.38735530909828,11.510504816399031,0.5341244460458431,0.20018343058485955
veh_004,2025-09-04T11:12:52,12.889864232932526,77.39072601580075,11.460819922543706,0.5883778527675138,0.3552178341211998
veh_004,2025-09-04T11:17:52,12.901090165013676,77.39992491572312,11.422647956678173,0.08625522459542362,0.8526227190394499
veh_004,2025-09-04T11:22:52,12.901094215761256,77.38573969629846,11.427760789660544,0.16311288526786105,0.03897937753732039
veh_004,2025-09-04T11:27:52,12.882242742319267,77.39234996277953,11.570632710817538,0.6099353439714651,0.8069442243540357
veh_004,2025-09-04T11:32:52,12.889561192406816,77.36265833374489,11.540496742666027,0.1721314276703752,0.9928079572704449
veh_004,2025-09-04T11:37:52,12.911713389515729,77.38348909213602,11.559481121696727,0.40729329044112517,0.17791248829614448
veh_004,2025-09-04T11:42:52,12.904135296918165,77.38043709576881,11.586015818597964,0.44119871064649524,0.03956020839019181
veh_004,2025-09-04T11:47:52,12.880420648439753,77.3609829763321,11.572937723544644,0.5169490075979698,0.19294173649348212
veh_004,2025-09-04T11:52:52,12.894145041445425,77.38129799258567,11.465137323241676,0.22546260215614966,0.08973127774125123
veh_004,2025-09-04T11:57:52,12.898360377389729,77.36922371779177,11.473059725766662,0.8067221676081416,0.928526175057329
veh_004,2025-09-04T12:02:52,12.893536932225633,77.37608070382252,11.441592501549938,0.6403459348728971,0.7647566879326486
veh_004,2025-09-04T12:07:52,12.900783830156794,77.38207920508698,11.48253069906731,0.5283777598873101,0.8063987287958786
veh_004,2025-09-04T12:12:52,12.903198017799438,77.37271520065352,11.392123496723773,0.963047856804366,0.7700907181588694
veh_004,2025-09-04T12:17:52,12.877344931140811,77.37362227198358,11.430717211342264,0.4160969506601321,0.7992229216590553
veh_004,2025-09-04T12:22:52,12.9084986086989,77.37028759549193,11.390809543454523,0.5634159425144802,0.4141775215926705
veh_004,2025-09-04T12:27:52,12.89945322043918,77.38987284740145,11.400738474488598,0.6468151816815227,0.42510263199230647
veh_004,2025-09-04T12:32:52,12.895116773128139,77.38183580875629,11.41149338127955,0.7317619422748283,0.327807720693986
veh_004,2025-09-04T12:37:52,12.894931960124774,77.37266920710636,11.414876944182685,0.4915946645312768,0.15180173307883127
veh_004,2025-09-04T12:42:52,12.916555043167175,77.37552273917035,11.435991395138954,0.8205386201732894,0.25672176153516624
veh_004,2025-09-04T12:47:52,12.917868241287493,77.37698007403844,11.452195856254956,0.2603582765321054,0.14210392585164267
veh_004,2025-09-04T12:52:52,12.896979129199739,77.38922350757885,11.468150597956136,0.8777344548004208,0.2634493143569058
veh_004,2025-09-04T12:57:52,12.891168104797382,77.40780031802856,11.487862480428237,0.28415553620643574,0.05884853733243178
veh_004,2025-09-04T13:02:52,12.885062990950459,77.39012616051433,11.469643615783575,0.5382087426969457,0.25855717814874
veh_004,2025-09-04T13:07:52,12.901804714175181,77.37229302602692,11.415865001476424,0.5672891921544783,0.18597441987570917
veh_004,2025-09-04T13:12:52,12.897815113226748,77.37266592966479,11.449739243580995,0.27684172187130973,0.15629132196097506
veh_004,2025-09-04T13:17:52,12.885050254848553,77.39377205044228,11.481410320632362,0.6814980127036621,0.0877593827715506
veh_004,2025-09-04T13:22:52,12.92261628257816,77.36366820591667,11.444491491588506,0.3151474747476428,0.35516488699387183
veh_004,2025-09-04T13:27:52,12.883713957619735,77.3777639363152,11.383661305824036,0.600512710261224,0.25330760070564373
veh_004,2025-09-04T13:32:52,12.899300076743408,77.38583775147215,11.41381164849537,0.3879773189528353,0.33901585757326036
veh_004,2025-09-04T13:37:52,12.896834101260593,77.36213561942951,11.36369286120706,0.0,0.8762672330257992
veh_004,2025-09-04T13:42:52,12.893271737855239,77.37607620997677,11.464239166827085,0.6646948622230733,0.2968684855074143
veh_004,2025-09-04T13:47:52,12.885179055216351,77.37076901804245,11.466079441781933,0.5519021418956678,0.19695954262002624
veh_004,2025-09-04T13:52:52,12.892686719867276,77.3809011877845,11.455321983493375,0.2559828762959971,0.5339056327223729
veh_004,2025-09-04T13:57:52,12.892721198160045,77.38166846719186,11.485561562620903,0.8242568614852613,0.5219801141180507
veh_004,2025-09-04T14:02:52,12.889928228134618,77.3851370236911,11.516103808441446,0.3697398700223343,0.6983184078685881
veh_004,2025-09-04T14:07:52,12.904285643507333,77.39367733161235,11.605019853777437,0.24007515840216836,0.1265637921239603
veh_004,2025-09-04T14:12:52,12.894602567061959,77.37977973127043,11.57255670779693,0.05433139903067857,0.6289480171627772
veh_004,2025-09-04T14:17:52,12.886806233500293,77.38162040176324,11.532854530711987,0.1701024962466976,0.036430195682883304
veh_004,2025-09-04T14:22:52,12.895999005363837,77.38655328666897,11.642147719032868,0.5831868593632541,0.42022247903243815
veh_004,2025-09-04T14:27:52,12.883714176807098,77.3678913925504,11.721289191371534,0.2229560660200089,0.09358294533837275
veh_004,2025-09-04T14:32:52,12.894098800883606,77.37985854282199,11.67616386604937,0.40850803438607,0.9720701771308857
veh_004,2025-09-04T14:37:52,12.886429854007455,77.3668237421121,11.72329354709436,0.647689073581411,0.039523618690230466
veh_004,2025-09-04T14:42:52,12.878668119934503,77.37331423339138,11.720558325251895,0.8497016269651457,0.9488737571491254
veh_004,2025-09-04T14:47:52,12.893644591280657,77.38751191355472,11.6014949582458,0.8101358503816699,0.32464366711033366
veh_004,2025-09-04T14:52:52,12.897809745030342,77.38322729845187,11.655724277818992,0.6652773142680621,0.9950094173238103
veh_004,2025-09-04T14:57:52,12.886641997624212,77.3821425182493,11.645975283513003,0.6432832189270311,0.287473018548423
veh_004,2025-09-04T15:02:52,12.900574307460069,77.37861771753022,11.55365843295698,0.3633556253435548,0.03259244324701449
veh_004,2025-09-04T15:07:52,12.883585317570267,77.38707321425697,11.599078097820344,0.5380600928887528,0.9860297430766236
veh_004,2025-09-04T15:12:52,12.881708906468655,77.39962235854132,11.571751208168925,0.0,0.5804382972028448
veh_004,2025-09-04T15:17:52,12.894623346011208,77.39180987184534,11.585599141929892,0.6375677408636506,0.6897618484440871
veh_004,2025-09-04T15:22:52,12.901464673214981,77.40353477144133,11.634149458727851,0.025898204646339518,0.17031908811182894
veh_004,2025-09-04T15:27:52,12.905904597776804,77.39278747502112,11.612819209574896,0.8494833335564382,0.06639827904327456
veh_004,2025-09-04T15:32:52,12.920214964465469,77.37326044959327,11.587449180754875,0.40816428546201383,0.056288812981991176
veh_004,2025-09-04T15:37:52,12.885589582598136,77.35313371189902,11.56571420706872,0.6108074179099713,0.7955255262286021
veh_004,2025-09-04T15:42:52,12.913843601931063,77.38089422508293,11.630265659827925,0.5784261238189905,0.8307039387459314
veh_004,2025-09-04T15:47:52,12.897282205635108,77.3944483132748,11.633062627334546,0.6488362124266357,0.6852146193661329
veh_004,2025-09-04T15:52:52,12.891606935514499,77.38481029014501,11.74478193964443,0.4188809173713674,0.46222793014366814
veh_004,2025-09-04T15:57:52,12.907067579604467,77.3921629997652,11.745367760530398,0.0,0.14994147793406065
veh_004,2025-09-04T16:02:52,12.872295047509542,77.39545983926517,11.753841454090061,0.7999022059615967,0.8476664679979732
veh_004,2025-09-04T16:07:52,12.878964715362772,77.38336801079717,11.752161282092255,0.3525377521528503,0.7622513483035116
veh_004,2025-09-04T16:12:52,12.922164149016094,77.38910572242945,11.80463621238542,0.7531810674660067,0.5921328249036668
veh_004,2025-09-04T16:17:52,12.892589073366764,77.360212853879,11.79520690573512,0.7435207129989505,0.9912446281400278
veh_004,2025-09-04T16:22:52,12.892726130590878,77.37384276952574,11.870308368327276,0.7248371046219692,0.5964450993602733
veh_004,2025-09-04T16:27:52,12.900705803226982,77.38038797443025,11.88018618245365,0.14444462584030476,0.24726708307944445
veh_004,2025-09-04T16:32:52,12.895990601399221,77.38400036951849,11.940649410874919,0.9714007448247103,0.6818959050670735
veh_004,2025-09-04T16:37:52,12.884509554162833,77.37723781660627,11.964666125668987,1.2595714033226533,0.10728705752372691
veh_004,2025-09-04T16:42:52,12.905683761715755,77.37688258740027,11.920506144111231,0.7366723650149718,0.12384368194337081
veh_004,2025-09-04T16:47:52,12.89210542658597,77.37961268746574,12.00015174856737,0.39359080911209676,0.7257009707225356
veh_004,2025-09-04T16:52:52,12.899534236572396,77.37377024842472,12.002283299789259,0.4739885897473629,0.8281978524893359
veh_004,2025-09-04T16:57:52,12.90239319591362,77.36543181817224,11.97643258854154,0.7052113739352144,0.9569715846307795
veh_004,2025-09-04T17:02:52,12.878401723003073,77.38744602038832,12.032587320063616,0.4865014377070981,0.9976673923386359
veh_004,2025-09-04T17:07:52,12.901549487562761,77.36416158814157,12.048027283906023,0.23376085257735207,0.5715697845067188
veh_004,2025-09-04T17:12:52,12.890070689924976,77.3789274913915,12.0158168713867,0.6766109834645452,0.6573339617683736
veh_004,2025-09-04T17:17:52,12.90429169881249,77.3835721986122,11.980939011056885,0.24021803485031423,0.10119336675333235
veh_005,2025-09-04T09:22:52,12.859184096547171,77.2537701069011,7.541914694118933,0.0,0.7340165597887229
veh_005,2025-09-04T09:27:52,12.875640941705921,77.2763480787683,7.504665547182651,0.3103742531573267,0.4462500211613094
veh_005,2025-09-04T09:32:52,12.841270247305411,77.24416851034859,7.490628877140116,0.9649671698387378,0.050379738288554354
veh_005,2025-09-04T09:37:52,12.865550613192216,77.27411833991928,7.595973113804024,0.32694545805550623,0.5051533948587487
veh_005,2025-09-04T09:42:52,12.882761797488293,77.24755845444173,7.647352167331715,0.19450534029162253,0.3833427934105079
veh_005,2025-09-04T09:47:52,12.862115054800862,77.25320033118663,7.598197070948801,0.5829243092761264,0.050944089003022275
veh_005,2025-09-04T09:52:52,12.86324388324298,77.26348157878098,7.626755774263354,0.20851436809611207,0.2117411027761249
veh_005,2025-09-04T09:57:52,12.872734676245463,77.28881671018115,7.607950564735375,0.3625754594995617,0.9504962698027061
veh_005,2025-09-04T10:02:52,12.872732286963986,77.25742957565988,7.5877924308888725,0.6623392514654121,0.9370627248797014
veh_005,2025-09-04T10:07:52,12.860435905394715,77.26367637486733,7.637589365129985,0.31862041514613776,0.11944843592870036
veh_005,2025-09-04T10:12:52,12.845375270599682,77.25018631652658,7.571930979219988,0.4536167724140273,0.22669865191471072
veh_005,2025-09-04T10:17:52,12.857513695676653,77.25503958834383,7.549905586177588,0.8967512994569367,0.3680932709966155
veh_005,2025-09-04T10:22:52,12.864702539427624,77.25817018438784,7.528243953346437,0.5983239409855848,0.9024899674229186
veh_005,2025-09-04T10:27:52,12.855465070213858,77.26314525474979,7.4266629749132855,0.5635141352511791,0.6904955512178131
veh_005,2025-09-04T10:32:52,12.861740559006055,77.28094571715505,7.382601052541483,0.5652321245909784,0.37728183906136314
veh_005,2025-09-04T10:37:52,12.863538268600431,77.2616372255136,7.387956304041957,0.75438762303911,0.33971705416207676
veh_005,2025-09-04T10:42:52,12.864518742829823,77.27093360791537,7.352867956728618,0.72978663581787,0.293960470924571
veh_005,2025-09-04T10:47:52,12.875447844635746,77.28488685596759,7.346763762330048,0.0,0.2852210854938674
veh_005,2025-09-04T10:52:52,12.876859996617757,77.2683112150639,7.3592094422638,0.8026005067864517,0.03099478848113446
veh_005,2025-09-04T10:57:52,12.876718497149376,77.27197468396012,7.435294464900648,0.6076388251718763,0.6039446649786266
veh_005,2025-09-04T11:02:52,12.861469974544006,77.25676583907806,7.520632846921596,0.5648614028968064,0.9955552995857763
veh_005,2025-09-04T11:07:52,12.865778645418978,77.25691529068445,7.521181991550716,0.9307982053303143,0.5452049012226401
veh_005,2025-09-04T11:12:52,12.84742651367756,77.26062800262788,7.610296681185951,0.4358609414450132,0.8361997509577753
veh_005,2025-09-04T11:17:52,12.88347173412909,77.26960437229178,7.606796038245311,0.3885746791753794,0.33435922671739227
veh_005,2025-09-04T11:22:52,12.859121411272602,77.2742630114388,7.633905802531523,0.573404577646205,0.8931303060700324
veh_005,2025-09-04T11:27:52,12.862791564907722,77.27323684839574,7.590638660926432,0.013422461950937215,0.4068558393908265
veh_005,2025-09-04T11:32:52,12.870853628555535,77.26758285871877,7.611025079407334,0.40383788649873564,0.45674559835399897
veh_005,2025-09-04T11:37:52,12.86408566400732,77.2579093115855,7.595430513794564,1.1061919096327495,0.2325522624430636
veh_005,2025-09-04T11:42:52,12.869539126317822,77.24598934291741,7.590018846878415,0.3699117544537437,0.4928378000687822
veh_005,2025-09-04T11:47:52,12.868431621179202,77.25898006657172,7.4850585297503525,0.7518704272322756,0.8608861685209939
veh_005,2025-09-04T11:52:52,12.87944248869783,77.26637001160016,7.487361436679208,0.898446986268739,0.22833623163192596
veh_005,2025-09-04T11:57:52,12.87587693230362,77.25336507117134,7.497428679339954,0.6318548432874286,0.34260235665027783
veh_005,2025-09-04T12:02:52,12.869234851871072,77.28551036545345,7.529425487629994,0.9420239244325268,0.8877616757138874
veh_005,2025-09-04T12:07:52,12.863809062035026,77.26659316109446,7.4886341552307725,0.21086744382968342,0.20927734757195093
veh_005,2025-09-04T12:12:52,12.87826466870353,77.25286938403778,7.537034095458465,0.4739120073181937,0.5748690420277343
veh_005,2025-09-04T12:17:52,12.869143431669215,77.2727239518749,7.541170005551625,0.9230485985905807,0.7987498277617607
veh_005,2025-09-04T12:22:52,12.870783087999559,77.25444782127828,7.649102956086867,0.6409474769614899,0.8139156837095703
veh_005,2025-09-04T12:27:52,12.848459387162748,77.25455342696286,7.710997140482803,0.5860673354877814,0.5654659162762375
veh_005,2025-09-04T12:32:52,12.874924144564703,77.25734261915012,7.7815629897766385,0.4736492964188901,0.3940840894152582
veh_005,2025-09-04T12:37:52,12.87633079106078,77.2538055174851,7.731920649384942,0.4410504738805678,0.07011443204418388
veh_005,2025-09-04T12:42:52,12.85123247274873,77.24610010119476,7.773106695737131,0.3191065062298989,0.3986448208534151
veh_005,2025-09-04T12:47:52,12.845973141255463,77.25599065405012,7.772728330905574,0.7791133572868676,0.8178353099580807
veh_005,2025-09-04T12:52:52,12.88111500647719,77.25593488695185,7.7385737408263156,0.9612072655693407,0.1534922053741905
veh_005,2025-09-04T12:57:52,12.859020997984748,77.26122911588185,7.8062274197034185,0.9398608458877045,0.6714035241730318
veh_005,2025-09-04T13:02:52,12.864116907174074,77.26368201547032,7.7569154141775885,0.4832944842050017,0.8757384859632077
veh_005,2025-09-04T13:07:52,12.875943340064232,77.27485469747675,7.740454944259638,0.4358140568417565,0.8707333733178638
veh_005,2025-09-04T13:12:52,12.858689360785593,77.26866684871102,7.7360596198911775,0.2091804266784138,0.7095584039482209
veh_005,2025-09-04T13:17:52,12.879011832235175,77.26121623240222,7.818077324586093,0.345909121785527,0.6428037643335816
veh_005,2025-09-04T13:22:52,12.888468012505047,77.25220657974701,7.723186599591104,0.8859770393861699,0.2263975404113341
veh_005,2025-09-04T13:27:52,12.864334181633803,77.25692126508913,7.736594738638869,0.21483913784427738,0.5122890427049458
veh_005,2025-09-04T13:32:52,12.86903939854043,77.2526973583309,7.701590537156575,0.39578514992044045,0.7408152316357867
veh_005,2025-09-04T13:37:52,12.860315635446877,77.26396841259267,7.681613090077153,0.41858705212048264,0.0027072736757871585
veh_005,2025-09-04T13:42:52,12.857983810650541,77.26969107285231,7.753411996317242,0.36068588234136545,0.4600374849032126
veh_005,2025-09-04T13:47:52,12.862145073720518,77.26643532064404,7.831700972877405,0.6525978629054296,0.0931093308585309
veh_005,2025-09-04T13:52:52,12.869081201589333,77.27510908462673,7.8206211643775,0.7986904418353498,0.7827613480561023
veh_005,2025-09-04T13:57:52,12.849685853679642,77.26419213738197,7.732797328340184,0.42806869613192244,0.22529733878233338
veh_005,2025-09-04T14:02:52,12.845443616217402,77.24998547923451,7.681195716082105,0.481004042086712,0.797517204053179
veh_005,2025-09-04T14:07:52,12.878532609091826,77.27232393048456,7.705959363385535,0.5436890943031655,0.652787224491315
veh_005,2025-09-04T14:12:52,12.85592142172173,77.27135255072922,7.650357150667575,0.7506130981706692,0.9448051719440385
veh_005,2025-09-04T14:17:52,12.866649891295745,77.26101831660402,7.670372646083059,0.0,0.16178245779226574
veh_005,2025-09-04T14:22:52,12.863407705296467,77.26227416606308,7.7056992717279496,0.4775693235305817,0.3547253211965503
veh_005,2025-09-04T14:27:52,12.86312721856661,77.26345600203446,7.711445967307,0.5485758101855204,0.11694723308920829
veh_005,2025-09-04T14:32:52,12.853680899744523,77.2645374517553,7.775942452237913,0.0,0.691885092705903
veh_005,2025-09-04T14:37:52,12.858687460255133,77.25907334334892,7.730702077077192,0.4491347852898668,0.835862971269293
veh_005,2025-09-04T14:42:52,12.851896941663092,77.25108434716886,7.6656053485690165,1.01822548598843,0.5796647193100594
veh_005,2025-09-04T14:47:52,12.864284854671387,77.25875261778259,7.618384204648862,0.4294548060156694,0.9982284811178539
veh_005,2025-09-04T14:52:52,12.878461954484607,77.25425106901572,7.650762909801946,0.2505431682000871,0.24476504355611006
veh_005,2025-09-04T14:57:52,12.87473635445151,77.27438137566008,7.703065522354341,0.35904042523412816,0.04496424249882747
veh_005,2025-09-04T15:02:52,12.872038900811445,77.26669540756713,7.683383648789489,0.01427845396455063,0.28253440128671103
veh_005,2025-09-04T15:07:52,12.875331341667225,77.25080456430331,7.715321617873288,0.5994625085401077,0.6791453684388935
veh_005,2025-09-04T15:12:52,12.873261000272054,77.2558357947744,7.634473647865041,0.33994414229513625,0.46521247156357315
veh_005,2025-09-04T15:17:52,12.859121206239605,77.25584001395507,7.543406130768808,1.0257942663652817,0.4512152941572657
veh_005,2025-09-04T15:22:52,12.872240205087612,77.27245770106144,7.572241548845978,0.4267013434461413,0.6498274225632784
veh_005,2025-09-04T15:27:52,12.860265601628944,77.2891278547378,7.600037150410951,0.36085986759456967,0.43299821516981385
veh_005,2025-09-04T15:32:52,12.8544325560963,77.27782551437954,7.566983695620594,0.6503256297867397,0.23255301520367577
veh_005,2025-09-04T15:37:52,12.868388930716915,77.26372514711184,7.567523799863395,0.4830676709338679,0.4313182815157913
veh_005,2025-09-04T15:42:52,12.860046410977167,77.27757635093016,7.562096968229136,0.26426111918516804,0.6608681959247994
veh_005,2025-09-04T15:47:52,12.875544952081837,77.2695365135253,7.590113427140749,0.4227436403270626,0.3177223348092938
veh_005,2025-09-04T15:52:52,12.858105634025359,77.26018430688019,7.638603651510336,0.7622833036757193,0.5569337212134503
veh_005,2025-09-04T15:57:52,12.855985980745778,77.26386746872178,7.724910270243812,0.0,0.020261128204139167
veh_005,2025-09-04T16:02:52,12.850780811959133,77.25643713725839,7.706688849340599,0.3738474969689327,0.5290393934888903
veh_005,2025-09-04T16:07:52,12.864613315878628,77.25742789152734,7.633565980097892,0.7339608837568329,0.3290748704012698
veh_005,2025-09-04T16:12:52,12.872972988375091,77.24737310223101,7.648511887727099,0.702793656742077,0.10830812118899402
veh_005,2025-09-04T16:17:52,12.864632977756687,77.26161778074055,7.740619420655512,1.077348811103772,0.6102899517038506
veh_005,2025-09-04T16:22:52,12.889480515332144,77.25362818998211,7.789653085371883,0.7911493942591192,0.6230715035620354
veh_005,2025-09-04T16:27:52,12.869473923213256,77.26170510975099,7.817369585603503,0.5692016907141877,0.9970690110762436
veh_005,2025-09-04T16:32:52,12.865295240706326,77.26110170649939,7.872172797256362,0.674118789457581,0.9228643629251906
veh_005,2025-09-04T16:37:52,12.857895378552278,77.25232781937966,7.843786690093727,0.31375358429582345,0.6735137147252437
veh_005,2025-09-04T16:42:52,12.874301085777805,77.26122914429833,7.9153326410349445,0.9105408181295389,0.03447099283276278
veh_005,2025-09-04T16:47:52,12.856322327559434,77.278534213688,7.9122817734835245,0.5378495589292924,0.6741443008931345
veh_005,2025-09-04T16:52:52,12.855643342011893,77.2480940528905,7.943925189661389,0.2649796838310139,0.3651847030210672
veh_005,2025-09-04T16:57:52,12.85368050944874,77.25020662244384,7.969432125442061,0.9587940436901885,0.8819072171389275
veh_005,2025-09-04T17:02:52,12.870263669476737,77.24434497301907,7.935556548157472,0.1779152812587299,0.2446271327590287
veh_005,2025-09-04T17:07:52,12.865711047615104,77.24035217097754,7.8694467498530996,0.3388418617959746,0.1686448818049786
veh_005,2025-09-04T17:12:52,12.868505330296935,77.26583624911267,7.914136687149872,0.7257151198138034,0.9576934080154231
veh_005,2025-09-04T17:17:52,12.864522061274775,77.26581511620182,7.939712372245832,0.5424970092173077,0.9133811065621014
veh_006,2025-09-04T09:22:52,12.817304008426152,77.53552994548461,12.324459272405338,0.13688038166516342,0.5921787435056695
veh_006,2025-09-04T09:27:52,12.81903033686232,77.53353368279525,12.364886659885439,0.3318653570616881,0.5738453020245975
veh_006,2025-09-04T09:32:52,12.828456383059194,77.53679071309531,12.344441705374999,0.5123540061047532,0.930594270876904
veh_006,2025-09-04T09:37:52,12.818444533075667,77.53017051172952,12.371635555580609,0.3545030827214828,0.716130940992838
veh_006,2025-09-04T09:42:52,12.818232962947024,77.519811328012,12.389503804188392,1.0833793376780685,0.6062506194501415
veh_006,2025-09-04T09:47:52,12.83655370305457,77.53196408113716,12.43511142398723,0.2834016380789865,0.16033812494286803
veh_006,2025-09-04T09:52:52,12.805514635879605,77.53571712534215,12.40129908911905,0.7695665840427848,0.548954532694496
veh_006,2025-09-04T09:57:52,12.821012357460312,77.52865746881042,12.385717117421564,0.2761650551171822,0.9792432395867943
veh_006,2025-09-04T10:02:52,12.830026008695175,77.55272553885129,12.347956146450713,0.0,0.7456750006602998
veh_006,2025-09-04T10:07:52,12.832460429947826,77.53814913359778,12.310419915537457,0.9927980880308702,0.07950556309237022
veh_006,2025-09-04T10:12:52,12.818488647386202,77.53922765208034,12.303814854896801,0.5681488395162398,0.6981902447177161
veh_006,2025-09-04T10:17:52,12.822468834409376,77.54942197332137,12.36227836035031,0.14909719969267432,0.32616264200356604
veh_006,2025-09-04T10:22:52,12.815298472620388,77.51700073103325,12.25586988325102,0.19456471654439433,0.31415488807834235
veh_006,2025-09-04T10:27:52,12.819382155820406,77.54400535006273,12.353417057385354,0.11927311554205633,0.3779886731972337
veh_006,2025-09-04T10:32:52,12.82128851539514,77.53479895182559,12.3548333946395,0.020015199774696568,0.9853645621682221
veh_006,2025-09-04T10:37:52,12.811428014641699,77.56247568463877,12.353209678443628,0.8084160696197549,0.6355412929730783
veh_006,2025-09-04T10:42:52,12.817936721844397,77.53632138965875,12.359165874911941,0.5953996083242142,0.7495149775382705
veh_006,2025-09-04T10:47:52,12.8047984683058,77.53431909790183,12.352913654118947,0.31697034018286585,0.24867466203617328
veh_006,2025-09-04T10:52:52,12.817346852467887,77.55761400450794,12.343132537578562,0.5777862924604724,0.6146062192524261
veh_006,2025-09-04T10:57:52,12.813773434248324,77.54426702969887,12.422432729126555,0.5665948333028814,0.5977793406300381
veh_006,2025-09-04T11:02:52,12.824651451269032,77.55843569638563,12.419480618261302,1.217066813195541,0.44603171922989115
veh_006,2025-09-04T11:07:52,12.810579541825026,77.53006115449409,12.536031851839205,0.7458342717853692,0.016257109892718447
veh_006,2025-09-04T11:12:52,12.830734387135738,77.54903860484215,12.634338225407985,0.03565015017802664,0.9068072536055503
veh_006,2025-09-04T11:17:52,12.813618946327574,77.52242485622689,12.68735458564697,0.4188810332589925,0.2219522514470672
veh_006,2025-09-04T11:22:52,12.8418418795103,77.5386292460727,12.666296936514112,0.5355992509171988,0.31627537718497434
veh_006,2025-09-04T11:27:52,12.812577029913902,77.53585206701966,12.71915640002618,0.6135917971514107,0.8748231542740541
veh_006,2025-09-04T11:32:52,12.812930696832314,77.52171440036093,12.657886810052723,0.950370759148163,0.04747349743309437
veh_006,2025-09-04T11:37:52,12.810622200856631,77.54045758641863,12.658548643692807,0.7207200080840491,0.19541958841062246
veh_006,2025-09-04T11:42:52,12.809834668780299,77.54489124053961,12.653556914668036,0.671557754791013,0.331474323659124
veh_006,2025-09-04T11:47:52,12.821815446929717,77.55307751918475,12.6778978420255,0.5417335219284776,0.25518651229354217
veh_006,2025-09-04T11:52:52,12.809895648639289,77.54144169706659,12.74088313466952,0.4642914480199624,0.15949307176085614
veh_006,2025-09-04T11:57:52,12.813321689279348,77.54417018596374,12.722207434810478,0.6455909849189422,0.3323771350361646
veh_006,2025-09-04T12:02:52,12.82713399197105,77.55639727771363,12.772000371029096,0.21972828075561207,0.5417385716632284
veh_006,2025-09-04T12:07:52,12.817486445402405,77.53764992941859,12.715084034681048,0.36749246174810174,0.9011053131506768
veh_006,2025-09-04T12:12:52,12.81152568276939,77.53900378812943,12.774006577196964,0.5597714123747718,0.8430582409657513
veh_006,2025-09-04T12:17:52,12.8199492420272,77.5392610252516,12.774213221329708,0.576947593533062,0.17302392134329692
veh_006,2025-09-04T12:22:52,12.839011273425593,77.5337084783412,12.817165524238595,0.5623251792842372,0.7350804442618671
veh_006,2025-09-04T12:27:52,12.82595114798795,77.55483791859902,12.774306704049723,0.4973198396324088,0.5985284890432662
veh_006,2025-09-04T12:32:52,12.80565609557016,77.55264197876716,12.75098587874935,0.16735910751858823,0.07023337088670323
veh_006,2025-09-04T12:37:52,12.813020035852693,77.53745346641323,12.787952180033097,0.15147999231969606,0.9643670083303999
veh_006,2025-09-04T12:42:52,12.819784960088493,77.55185578089846,12.849860195107588,0.3004814838915131,0.09619100001447478
veh_006,2025-09-04T12:47:52,12.8104027372323,77.56042377646004,12.793171643836603,0.8985436432375193,0.6719845376579414
veh_006,2025-09-04T12:52:52,12.838376624714948,77.54807489027951,12.742370817366192,0.34332845613724794,0.8670056008565976
veh_006,2025-09-04T12:57:52,12.828770604343159,77.54145452707374,12.744603731414365,0.7275059097932196,0.2573306871949832
veh_006,2025-09-04T13:02:52,12.805309111573619,77.53403194274458,12.75635972857195,0.8646447249493081,0.7270109059613554
veh_006,2025-09-04T13:07:52,12.826039454374717,77.54503459060135,12.793800422871072,0.2999747449379433,0.026855776926427932
veh_006,2025-09-04T13:12:52,12.810002852953609,77.52967425688391,12.810477873452882,0.5556539919754231,0.5550102459399053
veh_006,2025-09-04T13:17:52,12.823705278475927,77.54458812570422,12.83830870673676,0.48719507113175703,0.9227390958251673
veh_006,2025-09-04T13:22:52,12.81098271614014,77.54585874224738,12.87172959100106,0.2990955715783391,0.0036162447849409363
veh_006,2025-09-04T13:27:52,12.812008135070709,77.53689661602581,12.815483123245953,0.8797324775499666,0.7012708071093576
veh_006,2025-09-04T13:32:52,12.823618498709276,77.56188364251042,12.806020838417533,1.4095287245331902,0.012993348671796245
veh_006,2025-09-04T13:37:52,12.820796093684564,77.53818390385157,12.824637116420549,0.7506844783658733,0.7599263975940903
veh_006,2025-09-04T13:42:52,12.83601135863818,77.54455317583731,12.838161385726059,0.2273006916458848,0.19483768648139188
veh_006,2025-09-04T13:47:52,12.81690388795891,77.53607928569761,12.79933766531864,1.3015290139270055,0.5183042758451654
veh_006,2025-09-04T13:52:52,12.803674305959191,77.53517946839365,12.79675927334483,0.6640001097849455,0.28486469044389007
veh_006,2025-09-04T13:57:52,12.825010305684769,77.5357130799246,12.813781295519906,0.23718216076682647,0.9191598989333117
veh_006,2025-09-04T14:02:52,12.809067070422001,77.530277794445,12.866991769962807,0.7065835102936663,0.8019068334907483
veh_006,2025-09-04T14:07:52,12.818637290827246,77.54992975997963,12.778927299730679,0.7589262554136065,0.27092039338631246
veh_006,2025-09-04T14:12:52,12.824515256168494,77.54596191598147,12.729574542003835,0.05058806738268601,0.30874848850300496
veh_006,2025-09-04T14:17:52,12.823893332979733,77.54906259714274,12.661177428134742,0.20567018975953566,0.07177709306076874
veh_006,2025-09-04T14:22:52,12.814671109564335,77.52854117468246,12.590074839827736,0.25344941107773383,0.7634112937325794
veh_006,2025-09-04T14:27:52,12.806438216769468,77.54100364789126,12.643002480634827,0.109466078775947,0.6416604053632571
veh_006,2025-09-04T14:32:52,12.828491727504511,77.53797899908734,12.614318996091907,0.8490487442919421,0.5333585875147011
veh_006,2025-09-04T14:37:52,12.829289110419058,77.54645133690225,12.597176763446415,0.6439071591792591,0.2756350510833683
veh_006,2025-09-04T14:42:52,12.828452988377029,77.53667822761233,12.599237066785495,0.4815452961186088,0.42105491299571207
veh_006,2025-09-04T14:47:52,12.807992368222562,77.55233145347336,12.622553505394016,0.10492247791011611,0.5790266081990517
veh_006,2025-09-04T14:52:52,12.840585090974981,77.55218002268647,12.69390274375534,0.5256114144807764,0.4969795604601278
veh_006,2025-09-04T14:57:52,12.799802955655329,77.54471250342965,12.66430380336884,0.22562711650179462,0.25593908188074377
veh_006,2025-09-04T15:02:52,12.824400013045617,77.52763410752335,12.64185992235482,0.9529612049360945,0.07156450006195181
veh_006,2025-09-04T15:07:52,12.826941772038653,77.53731437537549,12.669149610347318,0.8291982521608601,0.2918944015252498
veh_006,2025-09-04T15:12:52,12.827335756189141,77.5306457476569,12.724832595684383,0.24419206560955403,0.3112231092042238
veh_006,2025-09-04T15:17:52,12.820826622036975,77.54701290857967,12.741680429487392,0.24685700644258307,0.6043073037989213
veh_006,2025-09-04T15:22:52,12.82696764696662,77.54402002876617,12.799149271535283,0.4865801197436396,0.2230361279982953
veh_006,2025-09-04T15:27:52,12.827905456977044,77.53845797689436,12.816249444406335,0.30576217145614426,0.36668756125742774
veh_006,2025-09-04T15:32:52,12.809478511925171,77.53878738544992,12.821621879541201,0.17234530187391256,0.5207706079591689
veh_006,2025-09-04T15:37:52,12.834363264941677,77.53725706138404,12.841379020492788,0.0,0.5029952532376017
veh_006,2025-09-04T15:42:52,12.81511373730774,77.53397670696688,12.895451543974215,0.4021268955128515,0.3927100585609238
veh_006,2025-09-04T15:47:52,12.814472231419112,77.52299352427333,12.838852221970367,0.7883280458360649,0.49549134126868233
veh_006,2025-09-04T15:52:52,12.810581006670846,77.53816448242809,12.926033315334944,0.7305811296489106,0.6669621635634062
veh_006,2025-09-04T15:57:52,12.83128929713816,77.53475652478596,12.976488305521645,0.0923368262230953,0.3146999136371331
veh_006,2025-09-04T16:02:52,12.814182823712294,77.53187664058157,12.96563112486783,0.5832032539160644,0.44104187967539343
veh_006,2025-09-04T16:07:52,12.823783695226956,77.53633174415434,12.996649744564397,0.6326666186109798,0.5072486324617159
veh_006,2025-09-04T16:12:52,12.813830337043344,77.54367709094863,13.024162431716082,1.1185397458194823,0.954268276760615
veh_006,2025-09-04T16:17:52,12.828004059665162,77.57304680493958,13.049960355554473,0.6453930533935107,0.2026777878677175
veh_006,2025-09-04T16:22:52,12.80815450039112,77.53772266662679,13.024651892219858,0.6942841931658685,0.268513647639822
veh_006,2025-09-04T16:27:52,12.819626394421746,77.55303622919246,13.067809429155064,0.45148369908762587,0.7404453547781268
veh_006,2025-09-04T16:32:52,12.829596907483536,77.54990059480008,12.987496588240294,0.40605381832751575,0.6479633758957883
veh_006,2025-09-04T16:37:52,12.826032457338213,77.55126269794037,13.001691888299067,0.6755742594076568,0.8779908809927044
veh_006,2025-09-04T16:42:52,12.811505643285198,77.53954903908057,13.002641447631072,0.489596224994423,0.10081137780178007
veh_006,2025-09-04T16:47:52,12.814269326817708,77.54272373952188,12.988572948035788,0.42595286134652427,0.2995124902746459
veh_006,2025-09-04T16:52:52,12.807454588296517,77.52588126085146,12.971164458493954,0.7292343216505369,0.8502836851553842
veh_006,2025-09-04T16:57:52,12.826065442557951,77.5274790453923,12.959546096525115,0.5769903143244588,0.1541908821896315
veh_006,2025-09-04T17:02:52,12.823637205696432,77.53299119352637,12.962793250902651,0.6260968489328387,0.8216131370114036
veh_006,2025-09-04T17:07:52,12.810186978500875,77.53871011431855,12.827602366898985,0.3135614097266678,0.5619409236011778
veh_006,2025-09-04T17:12:52,12.808048315085328,77.5438178044933,12.824805095296721,0.0,0.26403370227561407
veh_006,2025-09-04T17:17:52,12.808960918859112,77.54701857258289,12.760712532910288,0.509001961559282,0.33667080759737233
veh_007,2025-09-04T09:22:52,12.897107004624692,77.45971150286324,15.552289855437262,0.4975160348211239,0.03509076592280813
veh_007,2025-09-04T09:27:52,12.91872184707093,77.47169137330573,15.504039219198287,0.4165711121036272,0.020442983142750837
veh_007,2025-09-04T09:32:52,12.915718574953381,77.49326737381779,15.470593752198116,0.4779564015228799,0.28819930120056425
veh_007,2025-09-04T09:37:52,12.912235498173127,77.46947740103796,15.393130893380905,0.34674963228409533,0.3103625912878629
veh_007,2025-09-04T09:42:52,12.895203660953896,77.46652679408115,15.340776307342582,0.6751359635878844,0.40950233686438875
veh_007,2025-09-04T09:47:52,12.903430934869327,77.47188129619222,15.247864174236955,0.35169801494519176,0.9321102598153617
veh_007,2025-09-04T09:52:52,12.920719106661275,77.46735311168094,15.30045691726333,0.04529242354595853,0.5629822420663771
veh_007,2025-09-04T09:57:52,12.919566346421513,77.49119479478348,15.325128516672516,0.48789728403979626,0.855962508813682
veh_007,2025-09-04T10:02:52,12.892245257204701,77.47577767786682,15.307225383193957,0.16824944535436465,0.758299543463637
veh_007,2025-09-04T10:07:52,12.913621041440214,77.48392774118325,15.314055497344592,0.8685183105003154,0.0006423036998737253
veh_007,2025-09-04T10:12:52,12.911316377817062,77.48512670436033,15.26513345334252,1.3443342359798485,0.8099364737117083
veh_007,2025-09-04T10:17:52,12.916278020293511,77.47973454223758,15.358990277109102,0.7377522235017819,0.9879389289124246
veh_007,2025-09-04T10:22:52,12.92650443161281,77.4710746167034,15.364348030751069,0.11622380834742008,0.17217066368292422
veh_007,2025-09-04T10:27:52,12.905955984864459,77.47548527887778,15.35014308048303,1.0775038405207555,0.10965589919169827
veh_007,2025-09-04T10:32:52,12.912934859467283,77.47512335961154,15.331470932165553,0.8318018874508358,0.15352829404463053
veh_007,2025-09-04T10:37:52,12.908256355018677,77.4842695111345,15.30455597739972,0.48867348966544083,0.4734754019943266
veh_007,2025-09-04T10:42:52,12.919511631216366,77.49389225188968,15.340617246039711,0.9385397502641915,0.5921769448817807
veh_007,2025-09-04T10:47:52,12.914832970585417,77.46505198325416,15.329228968760644,0.7316634432057514,0.8858886951442001
veh_007,2025-09-04T10:52:52,12.898343317539123,77.46133329144247,15.260170772186106,0.647435776981877,0.9976479671837004
veh_007,2025-09-04T10:57:52,12.926094310205137,77.4555237305064,15.331224569089596,0.7809201251043941,0.34403716825915376
veh_007,2025-09-04T11:02:52,12.90943771159803,77.4854388066128,15.358746244636334,0.10727148428360433,0.9258421788774506
veh_007,2025-09-04T11:07:52,12.891094721804329,77.47225536074028,15.415644083106336,0.5055182646713959,0.9045063504194472
veh_007,2025-09-04T11:12:52,12.92136319030286,77.48423110064871,15.481146067749684,0.7623027285339161,0.48290783237107116
veh_007,2025-09-04T11:17:52,12.91979881333951,77.47713886898902,15.485621517737874,0.4288220842707794,0.3070519159625087
veh_007,2025-09-04T11:22:52,12.902916612676936,77.4716634376785,15.497694125717995,0.932243779401279,0.25667589214216757
veh_007,2025-09-04T11:27:52,12.922504490673912,77.48527673906217,15.486121785833555,0.6784070634110552,0.401698775502482
veh_007,2025-09-04T11:32:52,12.92569108670592,77.48084201588051,15.426597598099137,0.548457395646154,0.4842135142800644
veh_007,2025-09-04T11:37:52,12.910657417419667,77.47896073279881,15.453891539986095,0.1890131302506199,0.8059905823855381
veh_007,2025-09-04T11:42:52,12.898531376244788,77.46822734143385,15.507677688360806,0.6070268870925074,0.43831630941448785
veh_007,2025-09-04T11:47:52,12.916934337977587,77.47388266002031,15.508306613478398,0.6970455580160413,0.9355508567393197
veh_007,2025-09-04T11:52:52,12.912873091820682,77.47136090055179,15.429026444748386,0.2238632731252101,0.2257784365797103
veh_007,2025-09-04T11:57:52,12.916316960910988,77.46124769948383,15.352008725955965,0.4663508299668248,0.602556765525702
veh_007,2025-09-04T12:02:52,12.91060214641709,77.48755357803189,15.369605264496897,0.641375137353768,0.9642826487041081
veh_007,2025-09-04T12:07:52,12.921844956982632,77.47113426212512,15.412759887177442,0.2557490054041661,0.6684435707057735
veh_007,2025-09-04T12:12:52,12.915989757304512,77.47294324933209,15.43298714683175,0.42008087744224737,0.18976813721076813
veh_007,2025-09-04T12:17:52,12.928524561593076,77.48497311116147,15.394943909579341,0.6705332916783838,0.5890208209102176
veh_007,2025-09-04T12:22:52,12.900622881328513,77.48482167691185,15.309738928296971,0.7780567740729624,0.5343784432636106
veh_007,2025-09-04T12:27:52,12.91035426173433,77.47858109469409,15.338798868896683,0.2520970469513275,0.051805115639873445
veh_007,2025-09-04T12:32:52,12.913603433145386,77.46192303456917,15.330305144717697,0.9143837046676777,0.8591784786968971
veh_007,2025-09-04T12:37:52,12.919643212341223,77.46258014761617,15.354835489840491,0.7552582711577578,0.31765522080520747
veh_007,2025-09-04T12:42:52,12.920319270652014,77.47811621329033,15.351214872898964,0.3174897512287945,0.21267470676003064
veh_007,2025-09-04T12:47:52,12.915866145432268,77.47634411093438,15.379093665040205,0.09873689201213176,0.41981056105578574
veh_007,2025-09-04T12:52:52,12.933015178711344,77.47526808380563,15.376010399079878,0.5927007068257103,0.35993267546480523
veh_007,2025-09-04T12:57:52,12.902233250148136,77.47651565183179,15.336027527964996,0.3358985837465015,0.878314730893858
veh_007,2025-09-04T13:02:52,12.92594296018127,77.49249348850473,15.358434635196332,0.3870215830929544,0.737857181360408
veh_007,2025-09-04T13:07:52,12.90819418295184,77.46877222335425,15.269687482967395,0.918827470773423,0.09455535066339626
veh_007,2025-09-04T13:12:52,12.936647783126299,77.46058834897568,15.34259602334135,0.5210406555098382,0.03891082077421493
veh_007,2025-09-04T13:17:52,12.89599195635409,77.4891644007245,15.381921860907942,0.48832698956413473,0.42358534829478633
veh_007,2025-09-04T13:22:52,12.904814774754712,77.46868918164203,15.358749630226672,0.0,0.5740555057818213
veh_007,2025-09-04T13:27:52,12.92438566390696,77.46747014100022,15.376159781023913,0.4203378576112291,0.6700931741485705
veh_007,2025-09-04T13:32:52,12.906193955353025,77.46564933093698,15.4287635253251,0.48083882446265225,0.9922472073132491
veh_007,2025-09-04T13:37:52,12.912932827413076,77.46522280209435,15.490110569146898,0.689240049243806,0.8018018166558906
veh_007,2025-09-04T13:42:52,12.924375734553815,77.46795561955939,15.483747903697633,0.448565050553662,0.851036987192073
veh_007,2025-09-04T13:47:52,12.909833826263553,77.48784737707662,15.495614808887325,0.09618160164650369,0.24892069925741878
veh_007,2025-09-04T13:52:52,12.929117488352619,77.4735803923953,15.463244298602245,0.4178024705308991,0.5735258617084483
veh_007,2025-09-04T13:57:52,12.926700679260252,77.47055305312199,15.531614374989166,0.5154955143341945,0.7247362184512921
veh_007,2025-09-04T14:02:52,12.915036672755566,77.48301590912655,15.567569027293583,0.6869873198755913,0.8564960009015917
veh_007,2025-09-04T14:07:52,12.910141220603979,77.49363792941358,15.522222178038788,0.501292292702948,0.8763947507508792
veh_007,2025-09-04T14:12:52,12.91649413529857,77.4701888560389,15.537959493318267,0.4493472244391102,0.4507375878182873
veh_007,2025-09-04T14:17:52,12.912565250627704,77.46347792916755,15.451240205195822,0.5410619962068155,0.2781467454699711
veh_007,2025-09-04T14:22:52,12.917736708186181,77.48015528956805,15.35461075414879,0.09169492162775916,0.08839023541749746
veh_007,2025-09-04T14:27:52,12.901997640164364,77.48059199280922,15.320263873065498,0.5239018217802693,0.3369866188668009
veh_007,2025-09-04T14:32:52,12.918085139311332,77.47585132367102,15.297849384383285,0.1849483640957869,0.6806837756654053
veh_007,2025-09-04T14:37:52,12.900342539774709,77.47875839291906,15.42917362983513,0.9050510153786036,0.07825900768357019
veh_007,2025-09-04T14:42:52,12.911613654787724,77.45509605622782,15.363059310040121,0.8848378568308141,0.9329800266492713
veh_007,2025-09-04T14:47:52,12.905477206783495,77.47282707774102,15.309956997097794,0.1319693796345091,0.12788238435231636
veh_007,2025-09-04T14:52:52,12.903554433218414,77.46707339670006,15.270897445790444,0.6567080641503406,0.023291060004693276
veh_007,2025-09-04T14:57:52,12.910684008086196,77.48045304147094,15.263795465378797,0.41652386946284814,0.7783604707782167
veh_007,2025-09-04T15:02:52,12.919151706200712,77.47301284750277,15.267825854159822,0.26546293108000163,0.31238781220203726
veh_007,2025-09-04T15:07:52,12.920161202784803,77.4789330031233,15.29059077608065,0.5842563046176567,0.6295854164725958
veh_007,2025-09-04T15:12:52,12.919433846673362,77.48383467010808,15.336152176340184,0.46976662521620394,0.5640718189251569
veh_007,2025-09-04T15:17:52,12.914754334582458,77.48080734442351,15.350256570881928,0.5741020122452523,0.2798259183947872
veh_007,2025-09-04T15:22:52,12.919483236148583,77.50293652644693,15.331516817142424,0.5212984146274845,0.5383447993330133
veh_007,2025-09-04T15:27:52,12.907589528749515,77.48992807727905,15.297868266256051,0.3577758579900916,0.32784203885344165
veh_007,2025-09-04T15:32:52,12.904893610519713,77.45739958356832,15.329458501216648,1.3399091665511929,0.413742324985657
veh_007,2025-09-04T15:37:52,12.895802148435232,77.48348357914215,15.29311225327014,0.8898040791660621,0.03994192508646921
veh_007,2025-09-04T15:42:52,12.906151570874307,77.47270400694039,15.33100109131695,0.43177381077330307,0.6526280491413053
veh_007,2025-09-04T15:47:52,12.910481411735347,77.46176503065284,15.350852671431648,0.0,0.2833058391868256
veh_007,2025-09-04T15:52:52,12.920063579853442,77.47751406532718,15.380368700080968,0.4804862981843573,0.603864560938344
veh_007,2025-09-04T15:57:52,12.921716719732833,77.47894499254033,15.426745988946646,0.725127066321073,0.08144248124081788
veh_007,2025-09-04T16:02:52,12.899030738648221,77.47868720375628,15.454050450488218,0.8271415973415697,0.9492528141058286
veh_007,2025-09-04T16:07:52,12.903405417172364,77.47908258516094,15.450492101045564,0.0,0.4670423501332346
veh_007,2025-09-04T16:12:52,12.893945498615246,77.46503101697913,15.51807616968857,1.0474637053421345,0.9990400175055532
veh_007,2025-09-04T16:17:52,12.909175812391007,77.47490980772864,15.607137516067649,0.35213931565267953,0.4185861255545337
veh_007,2025-09-04T16:22:52,12.927956983349764,77.47073569097067,15.643247601515972,0.05685711046627179,0.9744420389841034
veh_007,2025-09-04T16:27:52,12.918670516195792,77.45788761411458,15.590475912468186,0.751760406545679,0.25477242409753664
veh_007,2025-09-04T16:32:52,12.909278670359605,77.46699608625805,15.579443108806123,0.5903339501302081,0.9246191784832176
veh_007,2025-09-04T16:37:52,12.886218260924167,77.46616597075523,15.587397920915572,0.47034106521131425,0.19231404027568932
veh_007,2025-09-04T16:42:52,12.915145130626401,77.47143490386792,15.561055261116213,0.42634955307934974,0.37436783362757076
veh_007,2025-09-04T16:47:52,12.908231228743768,77.46716350316879,15.557914924959015,0.5550026641995263,0.8198851218197009
veh_007,2025-09-04T16:52:52,12.909466645182771,77.48407164905797,15.619513895122266,0.4808737205028055,0.39591267904070226
veh_007,2025-09-04T16:57:52,12.909179191044652,77.47192535115543,15.662225888151108,0.5693029931766542,0.4305023101095705
veh_007,2025-09-04T17:02:52,12.901217492661337,77.46480868172411,15.769398229389957,0.4466522824133931,0.20735333302645576
veh_007,2025-09-04T17:07:52,12.926780719421028,77.47730166798469,15.798305975233182,0.4585858774155399,0.9099371729174613
veh_007,2025-09-04T17:12:52,12.910773864040163,77.46065620079487,15.793909604762188,0.5888099231127852,0.4970906618065981
veh_007,2025-09-04T17:17:52,12.913329718415188,77.45114181207575,15.789210333122957,1.3218512399324918,0.09321821266746044
veh_008,2025-09-04T09:22:52,12.945572576247589,77.42231496387868,3.4654018171971215,0.0,0.09113144542638263
veh_008,2025-09-04T09:27:52,12.95921400707488,77.42171692575113,3.485142380754426,0.13559950180743158,0.9443692191577738
veh_008,2025-09-04T09:32:52,12.947273060472455,77.4422260005304,3.39935446653551,0.17223371888497624,0.9469162284239805
veh_008,2025-09-04T09:37:52,12.975752983958033,77.42894908787218,3.4274973625446297,0.5052610705019176,0.6947983112487609
veh_008,2025-09-04T09:42:52,12.954209267960662,77.41367956031121,3.3635618641557863,0.620524675795924,0.4320904235794891
veh_008,2025-09-04T09:47:52,12.96230619151029,77.41278042998881,3.378381015161624,0.3533952293111112,0.1969798253189875
veh_008,2025-09-04T09:52:52,12.962347840398847,77.43815648644096,3.3405986793403644,0.5168430020732502,0.49348415776321697
veh_008,2025-09-04T09:57:52,12.954974599015612,77.42317761528358,3.3043057683060075,0.13534914234629147,0.2342256762110615
veh_008,2025-09-04T10:02:52,12.935713170285982,77.41523519287598,3.3356804631395995,0.020450440396015124,0.9904421789253223
veh_008,2025-09-04T10:07:52,12.977019637155387,77.41943369701254,3.351732763597841,0.6926951439501484,0.3235734372493335
veh_008,2025-09-04T10:12:52,12.943887509136976,77.42348806071203,3.2708214001219216,1.2338953576730969,0.339662463804297
veh_008,2025-09-04T10:17:52,12.94863224925436,77.41539264896261,3.1959883762857775,0.9057781729269636,0.24097716026311733
veh_008,2025-09-04T10:22:52,12.95435316024993,77.41259442604257,3.0841421013494763,0.4267673844433696,0.16157862437152193
veh_008,2025-09-04T10:27:52,12.952597690179456,77.42801241005078,3.1039007584902505,0.5969249773813702,0.04300325074005107
veh_008,2025-09-04T10:32:52,12.948094433147315,77.4324569884891,3.104526446461327,0.766507257450395,0.08773778308263547
veh_008,2025-09-04T10:37:52,12.944893030752585,77.41145643543645,3.0667494105243005,0.18312037751279964,0.902369920263142
veh_008,2025-09-04T10:42:52,12.962623748202937,77.43679049744888,3.0865737513948464,0.5625948745620107,0.48003099942621696
veh_008,2025-09-04T10:47:52,12.963807924840408,77.4264796671454,3.1605964030913807,0.534554264945837,0.5461394934009635
veh_008,2025-09-04T10:52:52,12.95073241885528,77.43282891210148,3.222448930183504,0.48482377956997097,0.8215552326388926
veh_008,2025-09-04T10:57:52,12.93941050112334,77.42524412376295,3.220444184578282,0.28190168827779594,0.48055989079891825
veh_008,2025-09-04T11:02:52,12.958448725116169,77.42172134979498,3.2217422902499573,0.0,0.9496030429007936
veh_008,2025-09-04T11:07:52,12.968943051137511,77.4195092039617,3.1802985321099437,0.8928576909543201,0.8496572024460699
veh_008,2025-09-04T11:12:52,12.964280556164669,77.42124748417064,3.1683249788541277,0.25875501152751235,0.9668198780822334
veh_008,2025-09-04T11:17:52,12.948666486559972,77.41961811344318,3.1165889293198905,0.03088846443705534,0.7891420398689263
veh_008,2025-09-04T11:22:52,12.961456607251991,77.44280658509531,3.0831720109021554,0.5888301768869811,0.39285783860116674
veh_008,2025-09-04T11:27:52,12.956572275831801,77.43324199339852,3.121933470244691,0.598223328559262,0.4065981437019629
veh_008,2025-09-04T11:32:52,12.955535350357511,77.41212111852305,3.0816375813138066,0.3133977428294936,0.3694710461812528
veh_008,2025-09-04T11:37:52,12.963509891109933,77.43776493620089,3.036234459697349,0.5850324307233912,0.9232235352696165
veh_008,2025-09-04T11:42:52,12.956061429733666,77.41889536171925,3.066329242127671,0.29636354784734653,0.10095119929811347
veh_008,2025-09-04T11:47:52,12.956653443706434,77.41930262041508,3.0036639790104127,0.575961353088605,0.3232072894927829
veh_008,2025-09-04T11:52:52,12.961843864008426,77.44818697417517,3.0751533516339338,0.4077416705848953,0.29504014049653815
veh_008,2025-09-04T11:57:52,12.96380761863791,77.41741846570676,3.133467766960558,0.6084801565530751,0.0954834119592175
veh_008,2025-09-04T12:02:52,12.965980188120765,77.44302695634471,3.1420155345699334,0.4660878887385847,0.3216223382192459
veh_008,2025-09-04T12:07:52,12.968786155602968,77.4225888591072,3.1422748570028842,0.5586142747816396,0.2678756020772608
veh_008,2025-09-04T12:12:52,12.945544652933666,77.410373811433,3.0979053559027614,0.21057846709659733,0.9510448541728894
veh_008,2025-09-04T12:17:52,12.965457757863957,77.42410936594777,3.1077250861532706,0.13270897698732154,0.15256560468381297
veh_008,2025-09-04T12:22:52,12.964983228060506,77.43174818209279,3.071496394743875,0.5484987159138661,0.7311393769080597
veh_008,2025-09-04T12:27:52,12.9589346721505,77.4188667880496,3.062808275275767,0.5276531322580499,0.020368473684377664
veh_008,2025-09-04T12:32:52,12.958797104436291,77.41136418954166,3.0146767515214696,0.45519942887855075,0.390484989768521
veh_008,2025-09-04T12:37:52,12.953448758694456,77.42402852165026,3.01772749429218,0.7668240369573576,0.25520889959908166
veh_008,2025-09-04T12:42:52,12.963101683496038,77.42038265449669,3.046332280472104,0.612719089283707,0.2499867540285089
veh_008,2025-09-04T12:47:52,12.955236823380394,77.43445682754282,3.082005303594328,0.6766206868643438,0.006324647239735359
veh_008,2025-09-04T12:52:52,12.9615600437135,77.43643374679554,3.0494015751241883,0.3114776663909403,0.5237823693698753
veh_008,2025-09-04T12:57:52,12.963263448345712,77.41755759251838,3.045663446953523,0.4718003677313646,0.24887972814787895
veh_008,2025-09-04T13:02:52,12.95691471155047,77.42422547918254,3.037648799812372,0.9247742823731804,0.96201436381886
veh_008,2025-09-04T13:07:52,12.95086442573101,77.39967669952783,3.0136029665036648,0.3813069337621997,0.5555584675466139
veh_008,2025-09-04T13:12:52,12.970187424837894,77.43440483273439,3.01749580271703,0.38881608393804135,0.725750234719247
veh_008,2025-09-04T13:17:52,12.958913072844698,77.41761595712184,2.9316833688428026,0.36760565183129523,0.8068344471904552
veh_008,2025-09-04T13:22:52,12.981876038338488,77.42641476097292,2.8934155930867873,0.14451043751473586,0.08077175920735302
veh_008,2025-09-04T13:27:52,12.941464490919214,77.43130210852507,2.934301173399933,0.6308838359698592,0.5191407841611407
veh_008,2025-09-04T13:32:52,12.964760057978525,77.42750804122231,2.8953949813069038,1.0551236967125077,0.2050505985231833
veh_008,2025-09-04T13:37:52,12.966868174447557,77.40161251468406,2.95921852544595,0.9406291233963746,0.7510811604828711
veh_008,2025-09-04T13:42:52,12.964698361790434,77.4313838093271,2.927079346963914,0.6641366916318021,0.699270809013938
veh_008,2025-09-04T13:47:52,12.953023082206604,77.43706808894315,2.9758122314989244,0.28808734936526226,0.1855241896319073
veh_008,2025-09-04T13:52:52,12.95265468541848,77.43312505317567,2.9258129924584044,0.6070137917107857,0.18172956781192617
veh_008,2025-09-04T13:57:52,12.958228196940127,77.43589929447967,2.910597483983915,0.43584331970182566,0.8727502584378894
veh_008,2025-09-04T14:02:52,12.969282424919259,77.41813345304124,2.9280860748696678,0.47860517986221957,0.9762008643580892
veh_008,2025-09-04T14:07:52,12.953019620004824,77.43962737990144,2.9381689520013916,0.19725489758994746,0.17186936423135157
veh_008,2025-09-04T14:12:52,12.957649511127112,77.46033912153347,2.9524251440685054,0.3858125458800906,0.82812278833752
veh_008,2025-09-04T14:17:52,12.940700289770128,77.42674185907484,3.052146568802559,0.4651402146920738,0.8544897363655244
veh_008,2025-09-04T14:22:52,12.95515147179895,77.44034383792061,3.0709500486185974,0.24834316714624466,0.14983283269230596
veh_008,2025-09-04T14:27:52,12.953513648731558,77.42941063635156,3.13785985526553,0.8157269038397512,0.030480909124649402
veh_008,2025-09-04T14:32:52,12.945794203842482,77.41251933237109,3.1645224563262184,0.0963586706201317,0.8876811765900013
veh_008,2025-09-04T14:37:52,12.962152155904919,77.4144227175574,3.1133093396082754,0.4717636806296544,0.4229161430428747
veh_008,2025-09-04T14:42:52,12.969725839147195,77.43186919185872,3.1169921693578853,0.2761415739328852,0.8624783669834785
veh_008,2025-09-04T14:47:52,12.954001880559765,77.42989801336083,3.133823354689252,0.0,0.28910328119451023
veh_008,2025-09-04T14:52:52,12.971155726959118,77.42659080798907,3.062972909034103,1.2067463544794452,0.12975719007233688
veh_008,2025-09-04T14:57:52,12.96295399103619,77.42979390507148,3.044593135726094,0.28172789545358173,0.9942786739158408
veh_008,2025-09-04T15:02:52,12.969142710139234,77.43401802952211,3.073407595312004,0.19900478289149465,0.5898927472909519
veh_008,2025-09-04T15:07:52,12.95067932486294,77.42863152549253,2.9914381000387755,0.0,0.5330406047863557
veh_008,2025-09-04T15:12:52,12.951019658771108,77.40590698179805,3.0184685751861293,1.1360242313152367,0.3502978422487649
veh_008,2025-09-04T15:17:52,12.9565374725904,77.42588711057799,3.062853888025325,0.8366384059504721,0.9399825937049925
veh_008,2025-09-04T15:22:52,12.959452428600303,77.42880480557866,3.0905477040392664,0.4600770673966199,0.8197385402823597
veh_008,2025-09-04T15:27:52,12.959620851838029,77.43959698080857,3.1510237391614107,0.6432231720308265,0.8536341921473594
veh_008,2025-09-04T15:32:52,12.955246193820793,77.44202839199731,3.178149511338188,1.4813078366643768,0.05891533933580351
veh_008,2025-09-04T15:37:52,12.952217198920883,77.42998663579303,3.1980112139871375,1.0850416952525055,0.8400570085219016
veh_008,2025-09-04T15:42:52,12.968159836629995,77.43742328755785,3.2332436055981697,0.211701097422704,0.4740562159278153
veh_008,2025-09-04T15:47:52,12.971403900756211,77.43179450270893,3.2434609899586175,0.5678324030133114,0.5112702394360336
veh_008,2025-09-04T15:52:52,12.965518502785583,77.42611000604047,3.2010347411909854,0.18542250655172238,0.9496353881767499
veh_008,2025-09-04T15:57:52,12.961331973868552,77.42552909914667,3.211801930855423,0.6502439400638333,0.18290318398668237
veh_008,2025-09-04T16:02:52,12.97376725312651,77.42312154924055,3.1901305816163474,0.6447158711997357,0.6915541471074186
veh_008,2025-09-04T16:07:52,12.951205306945827,77.43560938549794,3.103259485163242,0.8352722590799467,0.24277898546082055
veh_008,2025-09-04T16:12:52,12.95541609806482,77.42871678518529,3.159213839405793,0.3599632435869441,0.4753334513833103
veh_008,2025-09-04T16:17:52,12.95239916349175,77.4210226345777,3.1192470161895445,0.602794159758441,0.11882754226202596
veh_008,2025-09-04T16:22:52,12.957269522121885,77.4130861659119,3.0651116750752037,0.6183798264111621,0.7235949236028211
veh_008,2025-09-04T16:27:52,12.9630479014362,77.42192969200451,3.103420873417718,0.4281504093239761,0.3201047658865469
veh_008,2025-09-04T16:32:52,12.949526060386104,77.43988314595349,2.976460477542935,0.7393577600837807,0.30324861814784576
veh_008,2025-09-04T16:37:52,12.95500724412854,77.4427218090722,2.9407539229329323,0.29597925379147694,0.7602957880874366
veh_008,2025-09-04T16:42:52,12.963249125301179,77.4213800996881,2.8620609764061378,0.24029054573547037,0.1803420983749422
veh_008,2025-09-04T16:47:52,12.959858419334411,77.43030953034807,2.848989916047486,0.3021506911480191,0.7466009640551217
veh_008,2025-09-04T16:52:52,12.957228732872546,77.42136495871576,2.903797034365253,0.28329189233978447,0.9192220993690502
veh_008,2025-09-04T16:57:52,12.959213118283225,77.42580135855191,2.9167776017604137,1.1275007268186463,0.052282010821323
veh_008,2025-09-04T17:02:52,12.93533011181555,77.42906164694534,2.9186716014848937,0.5130350073054373,0.013972719418462565
veh_008,2025-09-04T17:07:52,12.95882386856631,77.42527253658047,2.949323811973433,0.3373757608416497,0.6135939377161109
veh_008,2025-09-04T17:12:52,12.98934846596928,77.41864008307321,2.954330957596437,0.051301924737389815,0.13810473786874866
veh_008,2025-09-04T17:17:52,12.949778395936164,77.42137392808252,3.0065841908849933,0.6416028705134221,0.8313621258830283
veh_009,2025-09-04T09:22:52,13.098975125125842,77.39102730756562,9.468941771482411,0.24350456572748558,0.04086998977167433
veh_009,2025-09-04T09:27:52,13.078980302876454,77.38110226462086,9.456448158528133,0.0,0.4580585416184314
veh_009,2025-09-04T09:32:52,13.082878445417409,77.37596386491079,9.428431796886644,0.6075378729100305,0.8422422479211608
veh_009,2025-09-04T09:37:52,13.061137761398163,77.3848831669379,9.454386946784485,0.4401104525967101,0.33427341171438174
veh_009,2025-09-04T09:42:52,13.084578872391795,77.36616654522267,9.403025416950102,0.2747906190487517,0.42091169947061546
veh_009,2025-09-04T09:47:52,13.080063407478534,77.37633320478804,9.500760042720664,0.6057387491566142,0.15130782147521116
veh_009,2025-09-04T09:52:52,13.079992509530815,77.37484815222945,9.391439720719806,0.7906221595770675,0.9056173970674878
veh_009,2025-09-04T09:57:52,13.081897857050768,77.37943960188744,9.428246933832858,0.033586978076044105,0.6545699662789818
veh_009,2025-09-04T10:02:52,13.072326488353976,77.39852696173068,9.472029710425522,0.0,0.4591960956920653
veh_009,2025-09-04T10:07:52,13.082366060249328,77.37608746678508,9.405810600021677,1.0834286712951466,0.28020090530999753
veh_009,2025-09-04T10:12:52,13.088437680211534,77.37389171941349,9.441924307380578,0.3858701717053965,0.5249220957043151
veh_009,2025-09-04T10:17:52,13.089799536581156,77.3645218932552,9.521775700373126,0.5547167644171628,0.3575982102230758
veh_009,2025-09-04T10:22:52,13.072935319416715,77.37158021766552,9.463680689293136,0.5750893017994516,0.018851579037953314
veh_009,2025-09-04T10:27:52,13.07904539879059,77.37067117697696,9.400350875806595,0.4854548298588032,0.3974740836906482
veh_009,2025-09-04T10:32:52,13.07683344705932,77.39628276376712,9.396234591896958,0.8810128801780776,0.5889872905686162
veh_009,2025-09-04T10:37:52,13.086137279820889,77.38025710874325,9.311353476421052,0.9285014918791739,0.3003196691230158
veh_009,2025-09-04T10:42:52,13.091153699179232,77.37329158168119,9.303111257342064,0.2399442920229936,0.08477474277224473
veh_009,2025-09-04T10:47:52,13.086803610457409,77.38448240417262,9.371020464697313,0.8469023890697069,0.557886678499744
veh_009,2025-09-04T10:52:52,13.069472243512529,77.37385507771064,9.320826057896745,0.7182601080877398,0.770609332638432
veh_009,2025-09-04T10:57:52,13.069784392646596,77.3789244267757,9.246120441110806,0.484053053579072,0.09005503778215973
veh_009,2025-09-04T11:02:52,13.088977791916749,77.38459149516615,9.34151786577815,0.7543619868492026,0.029631885976391104
veh_009,2025-09-04T11:07:52,13.091870217915647,77.36683523009636,9.293394235594095,0.599942759622533,0.9800126449449591
veh_009,2025-09-04T11:12:52,13.083317909133564,77.37060923598463,9.298459588351758,0.17667909258582098,0.6832766145179413
veh_009,2025-09-04T11:17:52,13.083882791219576,77.39481552807462,9.298796315056839,0.2694071585115601,0.7697501673506494
veh_009,2025-09-04T11:22:52,13.070247153012735,77.38487324145287,9.328288827372603,1.2407588110078454,0.2426253685256229
veh_009,2025-09-04T11:27:52,13.081011571246151,77.37505428366143,9.338894512429164,0.6145071603438841,0.7550263775005784
veh_009,2025-09-04T11:32:52,13.094552776151632,77.37464207386826,9.3882032148237,0.6615493560923247,0.8763446693975172
veh_009,2025-09-04T11:37:52,13.080540150575331,77.40507854649313,9.347352782286595,0.5893799530905244,0.821374136327675
veh_009,2025-09-04T11:42:52,13.101545724469116,77.3896801321938,9.313435288344538,0.6537784980293685,0.7906014890556002
veh_009,2025-09-04T11:47:52,13.078523269363155,77.38839351107809,9.332900557899759,0.5647096141657857,0.5057582783213294
veh_009,2025-09-04T11:52:52,13.088000061908899,77.38310574552074,9.33585522455101,0.30769522520373094,0.4967377807180643
veh_009,2025-09-04T11:57:52,13.073185317549417,77.38508823109461,9.319843187435938,1.02786418083479,0.43461036073720605
veh_009,2025-09-04T12:02:52,13.076336884365299,77.3711136882732,9.336016439983467,0.08808480212940745,0.9230146590477525
veh_009,2025-09-04T12:07:52,13.06216585875436,77.38321608244709,9.311005697045655,0.053582976820444106,0.8571585954487491
veh_009,2025-09-04T12:12:52,13.070612847999053,77.38878130580609,9.275953655846264,0.9804714133686278,0.30364513453813335
veh_009,2025-09-04T12:17:52,13.073609038274162,77.3716410433837,9.30622991610748,0.42128656078695,0.13602744522090648
veh_009,2025-09-04T12:22:52,13.096411905600624,77.37332498017211,9.310794604716252,0.7863883380956918,0.9386106707732477
veh_009,2025-09-04T12:27:52,13.082093390307696,77.37792281009729,9.223853831590205,0.1831265022004413,0.1951431691359864
veh_009,2025-09-04T12:32:52,13.08231069509348,77.38156113969147,9.275816512071907,0.1438030672813177,0.2712740727079913
veh_009,2025-09-04T12:37:52,13.085576626617014,77.37377026953007,9.347390367768279,0.7725760404839442,0.17584974928100594
veh_009,2025-09-04T12:42:52,13.101631834776189,77.3658229161097,9.347004053712995,0.6099010906802182,0.038958789416123185
veh_009,2025-09-04T12:47:52,13.08669666240108,77.36974604396794,9.381531919626708,0.8173504304386721,0.31000243191393273
veh_009,2025-09-04T12:52:52,13.065161538832253,77.37114393369414,9.409767419787366,0.5063595930537097,0.12444884834835213
veh_009,2025-09-04T12:57:52,13.080651449117635,77.3932401727445,9.416600245100058,0.2542776007999865,0.5742972879655516
veh_009,2025-09-04T13:02:52,13.076914116853834,77.37392734772976,9.43451787765076,1.0343115377726884,0.0830827746920515
veh_009,2025-09-04T13:07:52,13.087286631971944,77.38543572549432,9.474092824255003,0.1229048973891953,0.8748972004725892
veh_009,2025-09-04T13:12:52,13.080622386805135,77.38725335227733,9.437389150847826,0.5955434200389742,0.2812459668742413
veh_009,2025-09-04T13:17:52,13.088701600254044,77.38199290355587,9.28373763730676,0.5536675135115542,0.07755167426146636
veh_009,2025-09-04T13:22:52,13.088148800466287,77.37978600944372,9.36584572190328,0.5934119387364983,0.45308212080982724
veh_009,2025-09-04T13:27:52,13.094134435923408,77.38443779890278,9.32094483423257,0.0,0.7270157412683711
veh_009,2025-09-04T13:32:52,13.091298972241713,77.37728090559163,9.361003752846656,0.5446184527760819,0.4784934381414848
veh_009,2025-09-04T13:37:52,13.080737349911695,77.38548801717148,9.386298006073424,0.9504805617893579,0.3423150062476059
veh_009,2025-09-04T13:42:52,13.079105434237372,77.38929702995969,9.463592830062357,0.5720214537926241,0.16735726931104888
veh_009,2025-09-04T13:47:52,13.091260700669647,77.38949889565812,9.44560974612899,0.5990921936532638,0.19379261277241266
veh_009,2025-09-04T13:52:52,13.102594106915648,77.38823791849816,9.44781669096227,0.48377744718862753,0.44679634469056895
veh_009,2025-09-04T13:57:52,13.082532788558108,77.38270827389603,9.394922877735727,0.8891171589473477,0.3366070335655168
veh_009,2025-09-04T14:02:52,13.079368399378373,77.38178780151432,9.49447222173016,0.3731951045443018,0.3164601424152468
veh_009,2025-09-04T14:07:52,13.078181347809565,77.39740084058192,9.353854872054859,0.19917859635542395,0.7459443559358149
veh_009,2025-09-04T14:12:52,13.089598337717819,77.36975201941242,9.35175897294612,0.5202363698203585,0.2094328365262602
veh_009,2025-09-04T14:17:52,13.102084537011129,77.3846973857186,9.324769557795472,0.7361253326294612,0.0364319473098611
veh_009,2025-09-04T14:22:52,13.073356142023012,77.36321278018625,9.246513138070451,0.23106645316271845,0.1966728262882963
veh_009,2025-09-04T14:27:52,13.08682188225665,77.36881785064757,9.089329822969214,0.1868264676231603,0.5448916538646872
veh_009,2025-09-04T14:32:52,13.077635022104182,77.39600711569891,9.058652695004756,0.7642770389597593,0.501661842065483
veh_009,2025-09-04T14:37:52,13.083266469726176,77.37245806601733,9.055713562425717,0.2704711619307749,0.272488592117199
veh_009,2025-09-04T14:42:52,13.081327020656666,77.3713655895739,9.105308279410748,0.6280521440064276,0.6440868573366405
veh_009,2025-09-04T14:47:52,13.085144447453256,77.37997364369079,9.061928732547583,0.5211488687063491,0.07499848929903985
veh_009,2025-09-04T14:52:52,13.0742401786267,77.36458419560314,9.043998364870651,0.670091197875117,0.30861534260941903
veh_009,2025-09-04T14:57:52,13.108896603904482,77.38966872544233,9.109214871503674,0.7385729036221276,0.8680172944325221
veh_009,2025-09-04T15:02:52,13.075819497148178,77.35520449504922,9.08690859108603,0.6674655726642613,0.016825939252824718
veh_009,2025-09-04T15:07:52,13.086444243092581,77.39402096893251,9.106011469809154,0.7396738782773065,0.18753144657220833
veh_009,2025-09-04T15:12:52,13.072735580090741,77.39695300813605,9.111056546566507,0.3130312449661595,0.20872688343696055
veh_009,2025-09-04T15:17:52,13.077198285766519,77.37372227869535,9.046899156436325,0.04987387933384746,0.4086007676272503
veh_009,2025-09-04T15:22:52,13.077760258279698,77.39188346176024,9.06155298909967,0.579595304023395,0.680966600125159
veh_009,2025-09-04T15:27:52,13.082479232825102,77.38442187994212,9.097362776085305,0.47183245204449037,0.23637353540898454
veh_009,2025-09-04T15:32:52,13.083769410071982,77.38874034009099,9.072870165655848,0.0,0.2746481426175279
veh_009,2025-09-04T15:37:52,13.090942757614368,77.38656534222389,9.09397949872772,0.3954239102135038,0.17892478565644976
veh_009,2025-09-04T15:42:52,13.08920679967334,77.3850763430678,9.065934544185529,0.832827256757617,0.2993703433542988
veh_009,2025-09-04T15:47:52,13.077854283194991,77.39717612102923,9.109363641072225,0.39259720823269323,0.07369583213834008
veh_009,2025-09-04T15:52:52,13.085237439428141,77.35335573025604,9.064039943598555,0.4847460148672155,0.42498170222128084
veh_009,2025-09-04T15:57:52,13.086160542631207,77.39210669203528,9.047963154365858,0.18270356116314057,0.13789958241196532
veh_009,2025-09-04T16:02:52,13.080423283647225,77.37925123389759,9.033374468408205,1.1725513400032956,0.7313713071333117
veh_009,2025-09-04T16:07:52,13.079806177951577,77.38077497864933,8.994317343794066,0.7699477496384849,0.4630468067525807
veh_009,2025-09-04T16:12:52,13.083211970798017,77.37810513135237,8.988719502082484,0.4685640039056568,0.8862183133894039
veh_009,2025-09-04T16:17:52,13.081809525967735,77.38333636205174,9.026380105323877,0.13092195572042697,0.29337517279199654
veh_009,2025-09-04T16:22:52,13.066204336688067,77.38947584290939,9.0388962699834,0.6515802547798312,0.24453657575180598
veh_009,2025-09-04T16:27:52,13.101538998211703,77.37472335982436,9.047306560338964,0.7563153982035116,0.22190064629382356
veh_009,2025-09-04T16:32:52,13.078226273397776,77.38260358665181,9.190180214112198,0.5903374228556073,0.5968373345504464
veh_009,2025-09-04T16:37:52,13.095746248434821,77.38449196927075,9.140720425530665,0.8179260832454704,0.1090543064824313
veh_009,2025-09-04T16:42:52,13.099698268219674,77.382811921988,9.008209248165755,0.3978481714904483,0.4421062945557275
veh_009,2025-09-04T16:47:52,13.081319278252504,77.38796192701574,8.965708039780141,0.10820528816371777,0.5063740694865626
veh_009,2025-09-04T16:52:52,13.084005173655802,77.37732802539519,9.027072597112252,0.2449377874582827,0.17988646470252778
veh_009,2025-09-04T16:57:52,13.084369216694538,77.36524470938444,8.961121087928825,0.5035733048745894,0.12169028737408949
veh_009,2025-09-04T17:02:52,13.08948221510189,77.36355552065436,8.805596684672858,0.719916077901314,0.3873929297643537
veh_009,2025-09-04T17:07:52,13.095102176678006,77.3720046896987,8.823107309565785,0.7538520389083587,0.9204004729600596
veh_009,2025-09-04T17:12:52,13.079428661280591,77.3810644972168,8.8502411268938,0.4956997986464267,0.474382132911368
veh_009,2025-09-04T17:17:52,13.079070165090233,77.36752791685117,8.94908989529946,0.3186098790372661,0.2866920254570754
veh_010,2025-09-04T09:22:52,12.906543771995908,77.46093401343688,17.163071382604123,0.0,0.7243600948428013
veh_010,2025-09-04T09:27:52,12.905245227830052,77.46713786194563,17.09416631552742,0.3586999216252249,0.5952156885166495
veh_010,2025-09-04T09:32:52,12.921415348610484,77.45547349968281,17.132070314874426,0.30487386419804147,0.7830883149229926
veh_010,2025-09-04T09:37:52,12.904262609313392,77.47417008701946,17.03757768192292,0.10530093341767022,0.23790988666433077
veh_010,2025-09-04T09:42:52,12.895843089767784,77.45321563523925,16.9568536192184,0.2797556760155993,0.24298586196281913
veh_010,2025-09-04T09:47:52,12.896538223727722,77.47333583975026,16.977033022732456,0.5562403016517583,0.48635842326661893
veh_010,2025-09-04T09:52:52,12.891357261374951,77.44994007499582,16.974872531387657,0.7604530339180005,0.31825055461840324
veh_010,2025-09-04T09:57:52,12.913024234590232,77.45395606711048,16.976100023007856,0.4035972409888262,0.31704156290945307
veh_010,2025-09-04T10:02:52,12.927089389934997,77.44371163338113,16.964366182211744,0.863524672158847,0.20827999443580514
veh_010,2025-09-04T10:07:52,12.900280636712736,77.45604125077548,16.953201696109044,0.02121285211813484,0.3107402677764569
veh_010,2025-09-04T10:12:52,12.91338098379053,77.46641538900134,16.90968301239449,0.5259532372361886,0.18964638154812463
veh_010,2025-09-04T10:17:52,12.903392144357683,77.48286631502287,16.9144677812743,0.143742027203848,0.7037698077660497
veh_010,2025-09-04T10:22:52,12.893200151704765,77.44934153182602,16.86241162447686,0.3667071643412949,0.4711491351387228
veh_010,2025-09-04T10:27:52,12.912502092945568,77.46656158903363,16.807465396197333,0.3376056933693054,0.7668615203028132
veh_010,2025-09-04T10:32:52,12.900434911111514,77.45854797134815,16.829533330823832,0.3953681956396094,0.6507798355741427
veh_010,2025-09-04T10:37:52,12.922645395525594,77.4596130477613,16.88850022130979,0.6678110201922074,0.2043656937491969
veh_010,2025-09-04T10:42:52,12.895696740672763,77.45299567692047,16.84575847546315,0.47291307616795575,0.48670993414349495
veh_010,2025-09-04T10:47:52,12.919269695132446,77.46441338663841,16.823474497660488,0.0,0.8791134512366384
veh_010,2025-09-04T10:52:52,12.906975812902349,77.46316092328655,16.928786512545656,0.8721789638579216,0.3221060010672626
veh_010,2025-09-04T10:57:52,12.897097339664683,77.4562016882592,16.92404428219923,0.2673778627968939,0.046424044777622187
veh_010,2025-09-04T11:02:52,12.910287199457555,77.45044855782062,16.983885117654037,0.5306931001426581,0.190095771748375
veh_010,2025-09-04T11:07:52,12.906204682381949,77.46414370031039,17.032524735725822,0.39875707906201513,0.3162327101862351
veh_010,2025-09-04T11:12:52,12.908589530833101,77.44818108966079,16.961766397051697,0.8367679610448047,0.830634826982857
veh_010,2025-09-04T11:17:52,12.909947203269446,77.47628870296296,17.01459688950378,0.7050886188439163,0.5585640667679065
veh_010,2025-09-04T11:22:52,12.924032398475722,77.46669465007325,16.995304950773196,0.29951899840841056,0.5496338106932469
veh_010,2025-09-04T11:27:52,12.890007520117013,77.4683283685047,16.947626410038495,0.611182432647286,0.30205125941585187
veh_010,2025-09-04T11:32:52,12.904073923838151,77.45376253702351,16.939564938479457,1.0668138638052063,0.35748817539812083
veh_010,2025-09-04T11:37:52,12.910262900515352,77.46107869309552,16.9817749980141,0.8389911182322669,0.45275087427085714
veh_010,2025-09-04T11:42:52,12.905943722289077,77.44311205345548,17.037930103527145,1.1195072773102566,0.14951173948933894
veh_010,2025-09-04T11:47:52,12.885468009716368,77.46742054091693,16.992725645219693,0.300995167500662,0.4167010235680072
veh_010,2025-09-04T11:52:52,12.909263652220526,77.45645054799778,16.96024536358961,0.5377508165662498,0.4163134887318003
veh_010,2025-09-04T11:57:52,12.895625739629368,77.45800600393638,16.97722499475237,0.44656895995411,0.3436673152808569
veh_010,2025-09-04T12:02:52,12.916608757179153,77.43394352138174,16.954906737000947,0.3139404636338252,0.6434622341536098
veh_010,2025-09-04T12:07:52,12.912334729043426,77.47259928383377,16.91928649333334,0.6759747012000445,0.022800247574969457
veh_010,2025-09-04T12:12:52,12.889602717213567,77.4803370383055,16.84734773697133,0.6258491816929145,0.2880820729356409
veh_010,2025-09-04T12:17:52,12.90947447878869,77.45638586692955,16.888710369528354,0.031889757817071374,0.7533686139505454
veh_010,2025-09-04T12:22:52,12.901079364199873,77.45455865633049,16.910147758901033,0.8232435628159049,0.766701587432286
veh_010,2025-09-04T12:27:52,12.914524921864656,77.46182904240561,16.865511148439133,0.4226143720276809,0.43165020810125265
veh_010,2025-09-04T12:32:52,12.899751511840345,77.46561646503773,16.87724345782437,0.02280509051917462,0.21381815479223087
veh_010,2025-09-04T12:37:52,12.910964955497455,77.45317877146321,16.892345515579386,0.7342794734327565,0.21950415094834308
veh_010,2025-09-04T12:42:52,12.892602738419637,77.47807595257513,16.909924054727508,0.3742278029980187,0.22739094562284856
veh_010,2025-09-04T12:47:52,12.901613702476325,77.44942591239003,16.954094663432038,0.26697465391810377,0.9294254050461873
veh_010,2025-09-04T12:52:52,12.902711821767697,77.45089813391499,16.932779584031348,0.0,0.8942892694807426
veh_010,2025-09-04T12:57:52,12.905016919054097,77.46957906321664,16.83846433763218,0.8485599082590642,0.2173318021583479
veh_010,2025-09-04T13:02:52,12.919238546602385,77.46080442199113,16.889159179337316,0.05862678952792849,0.45523034765115733
veh_010,2025-09-04T13:07:52,12.8990064833444,77.44481761742693,16.832952153429098,0.5016593415887812,0.41510742666849476
veh_010,2025-09-04T13:12:52,12.910478846282356,77.44324926020113,16.726597276248306,0.9117162302430728,0.12415001291067829
veh_010,2025-09-04T13:17:52,12.89662486674944,77.45083866739202,16.726447294074777,0.8058521180603971,0.04685702266715508
veh_010,2025-09-04T13:22:52,12.908200341927234,77.47228317656429,16.689911670314718,0.5093535345993886,0.5042103016788663
veh_010,2025-09-04T13:27:52,12.903990490488688,77.45743358063696,16.693555082206142,0.5103222487956582,0.6738911544076371
veh_010,2025-09-04T13:32:52,12.914736070064404,77.4515677836735,16.682643409978784,0.4114158581839846,0.8949178823855207
veh_010,2025-09-04T13:37:52,12.885527071563224,77.47024073390045,16.648793892598174,0.8659889884331162,0.6749271008105595
veh_010,2025-09-04T13:42:52,12.906229675108058,77.48046949615185,16.63492698215849,0.8716549654020376,0.753309615596317
veh_010,2025-09-04T13:47:52,12.910872299268334,77.46203122164528,16.677319563473496,0.29434051614408463,0.45917703660615206
veh_010,2025-09-04T13:52:52,12.900332349061628,77.4623287395144,16.66627862419598,0.7130824629413529,0.07296134116013575
veh_010,2025-09-04T13:57:52,12.896959727593048,77.45399214783502,16.594466653280335,1.1091118972277312,0.9109858394978042
veh_010,2025-09-04T14:02:52,12.911516134165915,77.44792955190086,16.594408153829992,0.6527743953239256,0.29284683925470867
veh_010,2025-09-04T14:07:52,12.917475167213663,77.48444994700759,16.547055012475294,0.193373826206991,0.1029313237952636
veh_010,2025-09-04T14:12:52,12.922780102565563,77.47175518892146,16.54027862158561,0.5109678993202623,0.19297444176784384
veh_010,2025-09-04T14:17:52,12.91561838254283,77.45753261751008,16.52727479461286,0.682636931458777,0.4050267265009778
veh_010,2025-09-04T14:22:52,12.90436845103042,77.46143738780646,16.567042565302515,0.99394792264515,0.4376118906550508
veh_010,2025-09-04T14:27:52,12.914751253201642,77.45933309513015,16.53165267214408,0.6961958696705345,0.261298201024164
veh_010,2025-09-04T14:32:52,12.8924918244779,77.45805093951691,16.52750782097,0.3468626398914564,0.10293904704739976
veh_010,2025-09-04T14:37:52,12.91151650133442,77.47506338493005,16.54067908405261,0.5244163509275234,0.8040337783841548
veh_010,2025-09-04T14:42:52,12.906837406297363,77.46146217500792,16.472323389850896,0.33814175906888155,0.42663499755445067
veh_010,2025-09-04T14:47:52,12.910852906405955,77.46594513687103,16.443257465752637,0.6406608807625654,0.8856629200453748
veh_010,2025-09-04T14:52:52,12.878021910716848,77.45648461543165,16.497206897759757,0.0,0.9169565858617845
veh_010,2025-09-04T14:57:52,12.92257072310725,77.45372550622106,16.497314351781142,0.10879512283162363,0.859710064682206
veh_010,2025-09-04T15:02:52,12.905884784695433,77.46179790417911,16.565029375056422,0.6984435183936444,0.17778610758077462
veh_010,2025-09-04T15:07:52,12.900245331724525,77.4662809487964,16.533823322303274,0.0,0.3783760148053711
veh_010,2025-09-04T15:12:52,12.891915984354151,77.47749445328681,16.542662704191432,0.22844748297692735,0.30713129366202885
veh_010,2025-09-04T15:17:52,12.887824135086658,77.45033701688337,16.593478864318467,1.1695358436477175,0.6681664768591647
veh_010,2025-09-04T15:22:52,12.905797685579188,77.45701204199463,16.54565407363965,1.1179297698019222,0.26229116071881475
veh_010,2025-09-04T15:27:52,12.927874409266023,77.47526683084726,16.458614252072337,0.3002142812722125,0.33544592594926104
veh_010,2025-09-04T15:32:52,12.90591964732434,77.46072849322003,16.608426206842243,0.17683163765757237,0.2817669578263532
veh_010,2025-09-04T15:37:52,12.912883188390076,77.46131591570648,16.61393523573131,0.18655733170802385,0.39605894478365467
veh_010,2025-09-04T15:42:52,12.911832100927143,77.46460764159387,16.642445280926918,0.9237823701908696,0.0864841962453845
veh_010,2025-09-04T15:47:52,12.907431057100373,77.44961405223233,16.612445017191362,0.4341106544247754,0.14638982888620733
veh_010,2025-09-04T15:52:52,12.901934783350404,77.45197430375931,16.553035082735345,0.004646672283340703,0.7658406855966913
veh_010,2025-09-04T15:57:52,12.892021456544695,77.45132637890958,16.53333998909313,0.09922480718256987,0.7756033922266312
veh_010,2025-09-04T16:02:52,12.914120341601455,77.4558373655534,16.51148862371263,0.6612289310417232,0.3396837254695101
veh_010,2025-09-04T16:07:52,12.898890771849425,77.47329662053303,16.555698010648268,0.6804650007031758,0.06941653144936555
veh_010,2025-09-04T16:12:52,12.886945323711725,77.4748699912191,16.575301116477455,0.8032344152017205,0.9132160585086049
veh_010,2025-09-04T16:17:52,12.9072073592122,77.45857854362754,16.593658335321766,0.40647562732863435,0.9283071330971238
veh_010,2025-09-04T16:22:52,12.890853544519876,77.45591587713322,16.6958994977456,0.3121758609282823,0.6446053398343335
veh_010,2025-09-04T16:27:52,12.897892301631897,77.46469009248003,16.659086253238492,0.444316719557885,0.9518324486974689
veh_010,2025-09-04T16:32:52,12.89973047677725,77.46921774694381,16.700197719016508,0.8164868284157881,0.14533771122714223
veh_010,2025-09-04T16:37:52,12.939130701735166,77.47187697271659,16.71644160023685,0.23722267577547945,0.2556277439690897
veh_010,2025-09-04T16:42:52,12.920981380734398,77.47842698190743,16.79035805525886,0.7355576920188859,0.6967060290760775
veh_010,2025-09-04T16:47:52,12.911589729143655,77.44891761197063,16.715984495589822,0.5717476053731716,0.08599897163495285
veh_010,2025-09-04T16:52:52,12.915751881950206,77.46630299815503,16.74256379487696,0.2046042245022871,0.3876778482082255
veh_010,2025-09-04T16:57:52,12.891646943109054,77.44129794445716,16.779595930369116,0.2740626818627124,0.31218007260679626
veh_010,2025-09-04T17:02:52,12.917801586744199,77.45513846250493,16.80911148509688,0.3016529814159075,0.20120449812587282
veh_010,2025-09-04T17:07:52,12.907951205009823,77.456622896954,16.787107034567526,1.0926029353536575,0.35465557605636466
veh_010,2025-09-04T17:12:52,12.910546822319112,77.45138356337972,16.83252010503089,0.5895293708525198,0.7747025930112271
veh_010,2025-09-04T17:17:52,12.897269214789375,77.45367575661828,16.878882630398184,1.0312393165182687,0.031277251274806406
veh_011,2025-09-04T09:22:52,12.934918080353397,77.75736561302769,21.16183191859604,0.487374184509084,0.9324720513360747
veh_011,2025-09-04T09:27:52,12.937867135328835,77.73508331763264,21.12135604573951,0.7964853209307976,0.6010005509356781
veh_011,2025-09-04T09:32:52,12.949015287827427,77.76078650926628,21.12808701755564,0.40664022673052197,0.7316727834677892
veh_011,2025-09-04T09:37:52,12.941024545064723,77.73292265184708,21.076405234279694,0.6475790604068927,0.15554579993726791
veh_011,2025-09-04T09:42:52,12.9336295526988,77.75347253808086,21.114357091528944,0.8989619745255295,0.9605304639047046
veh_011,2025-09-04T09:47:52,12.936427831418419,77.74969408965772,21.03802779869456,0.30353130760700836,0.4456000297013287
veh_011,2025-09-04T09:52:52,12.934110833956806,77.75902574412069,21.139157268927807,0.25571373407801534,0.9316558618930374
veh_011,2025-09-04T09:57:52,12.93948183076763,77.7466234621489,21.15910625066477,0.5911227507353984,0.06353334829533641
veh_011,2025-09-04T10:02:52,12.944918517389889,77.73214566545778,21.1988923047088,0.7677120123534356,0.05520223320807116
veh_011,2025-09-04T10:07:52,12.945208095951234,77.74462794477675,21.208915690762613,0.536372163403113,0.09662549096894235
veh_011,2025-09-04T10:12:52,12.933089868307148,77.7360646986892,21.149593291852984,0.9302054854218568,0.6828946559486451
veh_011,2025-09-04T10:17:52,12.933595541436762,77.73709917092273,21.16440177108442,0.797430827995254,0.998863240391683
veh_011,2025-09-04T10:22:52,12.931898436692983,77.74269892071099,21.20780509602698,0.0,0.8838372360986316
veh_011,2025-09-04T10:27:52,12.929600938540732,77.7414089058562,21.182723668208386,0.5412873815621887,0.7458851622950232
veh_011,2025-09-04T10:32:52,12.930654627506922,77.7456643145247,21.28246098912884,0.3349953264882334,0.8604296493484839
veh_011,2025-09-04T10:37:52,12.933947082312478,77.7605661666924,21.319971045376157,0.5921325087747265,0.25490090380257047
veh_011,2025-09-04T10:42:52,12.927653437847415,77.7435051199334,21.364839118327158,0.49606657070099885,0.8748990705564946
veh_011,2025-09-04T10:47:52,12.947775335078159,77.73958097638314,21.35229999161827,0.797742984074916,0.5914876740795956
veh_011,2025-09-04T10:52:52,12.927222347108524,77.73606132585928,21.371267937601626,0.9582596194271764,0.11016059605332329
veh_011,2025-09-04T10:57:52,12.921375330124409,77.74010644473384,21.32473775986715,0.41974624342542255,0.5701930386989381
veh_011,2025-09-04T11:02:52,12.919667845758378,77.72655855150096,21.28331005219547,0.5861931807727978,0.9152457760303804
veh_011,2025-09-04T11:07:52,12.938268336594822,77.75450405846607,21.195155772483776,0.8565009615076811,0.5188142491538
veh_011,2025-09-04T11:12:52,12.941208795344256,77.72951295016613,21.195403607334228,0.5708812311767041,0.6066785152579738
veh_011,2025-09-04T11:17:52,12.918041306020129,77.74305472991911,21.14114184277712,0.6516488132624825,0.5984326016657832
veh_011,2025-09-04T11:22:52,12.946765554671288,77.73739690989068,21.18750316706156,0.908270476243116,0.6216684125152849
veh_011,2025-09-04T11:27:52,12.940017301447192,77.75233231697156,21.174566847742188,0.13676792674246746,0.35023019656788623
veh_011,2025-09-04T11:32:52,12.92189876397063,77.74096369008865,21.172560644852023,0.7146614155111999,0.33288262541404656
veh_011,2025-09-04T11:37:52,12.92704801535793,77.74373635922139,21.22288016873301,1.186235000195944,0.10119944592677466
veh_011,2025-09-04T11:42:52,12.937047272424072,77.7318818541714,21.27382073089335,0.2184366358072301,0.15616522353826512
veh_011,2025-09-04T11:47:52,12.928001143655568,77.74198521504655,21.289980610736283,0.6451104180825541,0.5012331895262763
veh_011,2025-09-04T11:52:52,12.920594942021802,77.75002506593685,21.28733267755313,0.8485204370044097,0.6767386294894133
veh_011,2025-09-04T11:57:52,12.917871104972697,77.74240694440692,21.352130311967343,0.5482826409848153,0.3243399932036394
veh_011,2025-09-04T12:02:52,12.925190382069633,77.76032486910056,21.300650182223105,0.28238172271152806,0.29462110578767353
veh_011,2025-09-04T12:07:52,12.915333645347339,77.75549311108757,21.331859837933973,0.7697693215433329,0.5846132122158377
veh_011,2025-09-04T12:12:52,12.932282617071644,77.7321157173322,21.324856065872723,0.2074291064742096,0.41372167366418855
veh_011,2025-09-04T12:17:52,12.941961650551688,77.75751529074574,21.343444447900367,0.7773726069785558,0.8972836675331015
veh_011,2025-09-04T12:22:52,12.929111080866125,77.74748392334192,21.32412080426452,0.5807557366482973,0.5979505131197568
veh_011,2025-09-04T12:27:52,12.925077575421444,77.74910129744394,21.368455308034825,0.20430314930999588,0.2868938238323139
veh_011,2025-09-04T12:32:52,12.928566495515854,77.74291225619575,21.439302528824356,0.7422461702068845,0.8356332590533245
veh_011,2025-09-04T12:37:52,12.952981755830777,77.73570841102325,21.39000878007473,0.2833633189314228,0.6416456789116327
veh_011,2025-09-04T12:42:52,12.910348346103289,77.74067292206679,21.362780243479985,0.7351279302193396,0.7687300324015754
veh_011,2025-09-04T12:47:52,12.927886885968514,77.74864681288739,21.398943396471175,0.2694362630625768,0.4207338711650098
veh_011,2025-09-04T12:52:52,12.911640220375228,77.73184060469006,21.361819918449996,0.5222498529818065,0.7114058474795725
veh_011,2025-09-04T12:57:52,12.928759332375716,77.73049389761793,21.37037561337656,0.6277143783754723,0.7839515802055619
veh_011,2025-09-04T13:02:52,12.93401746356526,77.72733647446874,21.339377930181918,0.37780799830445466,0.18272768153810914
veh_011,2025-09-04T13:07:52,12.934643664426106,77.75700261815747,21.379982740816146,0.20374466604539165,0.2887410352398029
veh_011,2025-09-04T13:12:52,12.940296875922865,77.73468652970423,21.42242603694792,0.451887009216421,0.7467248762917983
veh_011,2025-09-04T13:17:52,12.938445879492578,77.7449168226699,21.411042155488627,0.48876407450501014,0.20993431309359467
veh_011,2025-09-04T13:22:52,12.939995157284178,77.74231269808867,21.419364597686037,0.6071425773286617,0.8322834849108091
veh_011,2025-09-04T13:27:52,12.924951022027386,77.72064775983759,21.44760171061056,0.13633699287597012,0.5158904004443335
veh_011,2025-09-04T13:32:52,12.937603734495603,77.74877073282268,21.387400864918757,0.48045151455779267,0.37004976053366034
veh_011,2025-09-04T13:37:52,12.95103699904605,77.75262043537403,21.4042755218597,0.19846808334638677,0.4205680100373125
veh_011,2025-09-04T13:42:52,12.932313639958739,77.74835248718648,21.37263334911709,0.44812006614802136,0.8920395160337483
veh_011,2025-09-04T13:47:52,12.936356633161147,77.74768443157836,21.343673599890845,0.09701466436693917,0.7494776291225896
veh_011,2025-09-04T13:52:52,12.938012415034738,77.76763974612399,21.366044635450965,0.10280237158096689,0.05371536514522579
veh_011,2025-09-04T13:57:52,12.938985027936717,77.75615836055057,21.305400103723873,0.46270015374532963,0.536310621924958
veh_011,2025-09-04T14:02:52,12.942539636759067,77.73931119348975,21.227209369157777,0.6863592678358708,0.6160872419411724
veh_011,2025-09-04T14:07:52,12.933067937628756,77.74679960534682,21.203484807686422,0.24626816158223175,0.1041430126970253
veh_011,2025-09-04T14:12:52,12.937768810724352,77.74765089042778,21.27859056508615,0.18354729970442807,0.1003293178450484
veh_011,2025-09-04T14:17:52,12.935473185734555,77.73710407205614,21.317747391849775,0.44378023372880476,0.8004498123184509
veh_011,2025-09-04T14:22:52,12.934551568998083,77.74445059214182,21.364481494994592,0.6179422709442273,0.2987235249744318
veh_011,2025-09-04T14:27:52,12.93709676908628,77.74086497922083,21.32867053923903,0.5866515054978128,0.1559012892539724
veh_011,2025-09-04T14:32:52,12.950792078450617,77.75616902738149,21.36031249585661,0.6135400817878957,0.38075297469462865
veh_011,2025-09-04T14:37:52,12.921282614932736,77.74058548220053,21.365382497526873,0.5688369423333987,0.6800608554300946
veh_011,2025-09-04T14:42:52,12.943107154224984,77.73582566371682,21.33122871716642,0.9352570039229476,0.9674133136983625
veh_011,2025-09-04T14:47:52,12.929986142824873,77.74167509274423,21.326093019832676,0.5094722366844149,0.08590890494995851
veh_011,2025-09-04T14:52:52,12.959243779707206,77.74464477004538,21.35922292735394,0.0,0.053161171734727675
veh_011,2025-09-04T14:57:52,12.946182002273373,77.74677035834732,21.139767198110697,0.702206960694859,0.3584072925020956
veh_011,2025-09-04T15:02:52,12.913934776385009,77.75794108119021,21.0011694165794,0.781399683516024,0.875844593429381
veh_011,2025-09-04T15:07:52,12.91039414009376,77.74720858270615,21.058711404037005,0.609166101146472,0.7078253041698377
veh_011,2025-09-04T15:12:52,12.929777091122817,77.72413330688154,21.093304605153858,1.0249261758338886,0.994348566947032
veh_011,2025-09-04T15:17:52,12.914015093950194,77.72759826036165,21.05100621806399,0.022107364615957026,0.8792258568135658
veh_011,2025-09-04T15:22:52,12.937828010298013,77.72844467160134,21.089862641027764,0.6803311832060042,0.6907048130213005
veh_011,2025-09-04T15:27:52,12.932168632386368,77.72324919267723,21.07324953321341,0.5022154922390978,0.5193761171913774
veh_011,2025-09-04T15:32:52,12.93768262136641,77.74518962186606,21.060032348350127,0.585858482766295,0.6052443608175849
veh_011,2025-09-04T15:37:52,12.93293887151311,77.74592315334208,21.05072379521692,0.3059723250561286,0.7052645499070364
veh_011,2025-09-04T15:42:52,12.928341592804506,77.74660867344367,21.052136563792423,0.40881959704395704,0.07469312003315187
veh_011,2025-09-04T15:47:52,12.92881264232205,77.72628919271287,21.071281318550508,0.5694640475834961,0.3002481086293015
veh_011,2025-09-04T15:52:52,12.92857928322314,77.76170104068852,21.052294521158025,0.23746710734159127,0.8455199378782277
veh_011,2025-09-04T15:57:52,12.91655462821391,77.75807348335769,21.120847890696457,0.6802235488654274,0.6867241995580513
veh_011,2025-09-04T16:02:52,12.952006529061798,77.73923001281854,21.107396599135125,0.9311777241308228,0.2983739906651327
veh_011,2025-09-04T16:07:52,12.955904883633753,77.74523442703695,21.087545059156188,0.3164585349620613,0.8739915892735461
veh_011,2025-09-04T16:12:52,12.931107894518146,77.75419313782203,21.117486767788993,0.5060924019681218,0.3328248623150991
veh_011,2025-09-04T16:17:52,12.936162582426334,77.7528753414857,21.139022730612492,0.5500205508900078,0.9413439770471609
veh_011,2025-09-04T16:22:52,12.942565670387328,77.71142815624631,21.15816501605575,1.2710965942833796,0.8636000698541542
veh_011,2025-09-04T16:27:52,12.931480157699193,77.7426680945325,21.135035875352923,0.8109122727676938,0.5814069762923163
veh_011,2025-09-04T16:32:52,12.935416855971681,77.75071993004545,21.13587341080651,1.4539593466470542,0.030666978464029993
veh_011,2025-09-04T16:37:52,12.935846673231104,77.72564252393802,21.10870089444134,0.8442133045399429,0.8262629151275427
veh_011,2025-09-04T16:42:52,12.912318280503188,77.74307035914563,21.17723811981509,0.5127143686088377,0.28941613355602613
veh_011,2025-09-04T16:47:52,12.915308972868797,77.74726974566077,21.210301875259244,0.0,0.6073854534294973
veh_011,2025-09-04T16:52:52,12.941550807505129,77.75407036385923,21.239478129850912,0.6961048126433955,0.22349862107410756
veh_011,2025-09-04T16:57:52,12.94257857546122,77.72455962674252,21.164425158169838,0.2791976299430685,0.26056931642547587
veh_011,2025-09-04T17:02:52,12.937775221479288,77.74599402096604,21.22028044874264,0.8445485895741053,0.588513776624626
veh_011,2025-09-04T17:07:52,12.936279613346713,77.73426888895654,21.21086809682496,0.5965374107145485,0.11660404556851656
veh_011,2025-09-04T17:12:52,12.958006292642605,77.74841129120773,21.18108293305429,1.0782109265690685,0.027314117071251642
veh_011,2025-09-04T17:17:52,12.935219046104487,77.73787604632977,21.26368252492646,0.4685045881082359,0.6354292727910835
veh_012,2025-09-04T09:22:52,12.969617855469682,77.51995002578087,14.486445609848133,0.5350280263617699,0.2641406635814547
veh_012,2025-09-04T09:27:52,12.971618240754422,77.48857321613626,14.472529731862549,0.038767115262007656,0.2929027379123671
veh_012,2025-09-04T09:32:52,12.953335945719127,77.49400582354599,14.560983898151054,0.6607978414775673,0.5614935332701865
veh_012,2025-09-04T09:37:52,12.951234140892465,77.5083126803189,14.617314415582515,0.5084449730672609,0.04593699710672283
veh_012,2025-09-04T09:42:52,12.969763274103153,77.48463192221935,14.63691593548539,1.1817976972679993,0.5526613561036466
veh_012,2025-09-04T09:47:52,12.950757850953492,77.4986688805133,14.613415499534623,0.08176524687397568,0.6927415002668795
veh_012,2025-09-04T09:52:52,12.969692289751604,77.49145612676587,14.594553715829809,0.21153038266345114,0.2641916632353021
veh_012,2025-09-04T09:57:52,12.952890261916876,77.48445486661956,14.68916215734979,0.6399478450248521,0.3470309593035903
veh_012,2025-09-04T10:02:52,12.967347941435431,77.5022755556542,14.668506659709953,0.5817657868914402,0.6410643631152027
veh_012,2025-09-04T10:07:52,12.962898581993874,77.49798210234617,14.649373646666744,0.10121038312346026,0.014434802779022093
veh_012,2025-09-04T10:12:52,12.956471250868034,77.4756614710095,14.67475673511118,0.7896026336728326,0.24065347556576444
veh_012,2025-09-04T10:17:52,12.9546019707129,77.4891780745211,14.619285683589217,0.5625925719461021,0.3855561286437489
veh_012,2025-09-04T10:22:52,12.95040098239824,77.49281589466655,14.520352400244748,0.7779130243499739,0.22102219394416822
veh_012,2025-09-04T10:27:52,12.958167382231977,77.48029825927361,14.49123472027167,0.41612265394474185,0.500868729526769
veh_012,2025-09-04T10:32:52,12.963311270901333,77.50895594432146,14.527870267410139,0.7886493629438734,0.3661914669626253
veh_012,2025-09-04T10:37:52,12.964211024561335,77.4941981215304,14.578325862722892,0.8219027857884971,0.10823043683686817
veh_012,2025-09-04T10:42:52,12.943967669775747,77.48615059195565,14.564583157521367,0.7338863062207698,0.3762807443485312
veh_012,2025-09-04T10:47:52,12.969882632080612,77.50771755977404,14.624541680955227,0.861662169344086,0.4554763784417377
veh_012,2025-09-04T10:52:52,12.963340300740665,77.48848990307704,14.542088364387267,0.41375866038324915,0.854147306406393
veh_012,2025-09-04T10:57:52,12.963121365847291,77.51474328720265,14.550949871650673,1.2343408260778723,0.010137569140699632
veh_012,2025-09-04T11:02:52,12.958738748707644,77.48177129260738,14.606478008665311,0.3493624613178563,0.8232921614417502
veh_012,2025-09-04T11:07:52,12.971326251383733,77.50614742017456,14.663080577025845,0.3913426597835057,0.13292605097699917
veh_012,2025-09-04T11:12:52,12.95791540176915,77.50239037529332,14.740758810450556,0.610443966559522,0.11679182777331754
veh_012,2025-09-04T11:17:52,12.967485889926438,77.49221719954545,14.782194380757005,1.0117820836126319,0.12444252782956444
veh_012,2025-09-04T11:22:52,12.956001839997372,77.50643410693259,14.783478103439904,0.4349920237832239,0.2845630692721185
veh_012,2025-09-04T11:27:52,12.975253690698818,77.49890288470874,14.806204697033344,0.5154193562951277,0.7792531125598329
veh_012,2025-09-04T11:32:52,12.956892600679668,77.49591945333906,14.892109696845335,0.42808586644075947,0.5021327886346312
veh_012,2025-09-04T11:37:52,12.949860169142042,77.50173150415132,14.96044365578125,0.9873493537870267,0.027664180906311953
veh_012,2025-09-04T11:42:52,12.9642574885789,77.49302969026489,14.986844589765976,0.5941895457497643,0.8868059392806316
veh_012,2025-09-04T11:47:52,12.959891482668878,77.49908441632053,14.972136968023698,0.42725096237659,0.33241513390778354
veh_012,2025-09-04T11:52:52,12.985619413434572,77.48252152400126,14.909163407804895,0.21285415165755506,0.136470164542689
veh_012,2025-09-04T11:57:52,12.967471750856479,77.50047772290708,14.917764964643919,0.6586806640873697,0.8108740179106257
veh_012,2025-09-04T12:02:52,12.956072718028581,77.49436424800284,14.838554147700325,0.15160693858322122,0.8561581624921681
veh_012,2025-09-04T12:07:52,12.966155027982945,77.49701874297232,14.869107207704022,0.0,0.09576185185983421
veh_012,2025-09-04T12:12:52,12.965146100148672,77.46677849706994,14.930338675584013,0.0,0.7292409788431715
veh_012,2025-09-04T12:17:52,12.949628099498538,77.50505423063831,15.090746721279837,0.0,0.9724621845353718
veh_012,2025-09-04T12:22:52,12.94043231861017,77.49883288270877,15.080408113102242,0.538934696738553,0.5528619735351967
veh_012,2025-09-04T12:27:52,12.966319356841073,77.48008161510688,15.14248997624718,0.3772249080169452,0.966743190512804
veh_012,2025-09-04T12:32:52,12.974463313979514,77.4938917669585,15.237871774769282,0.8664068387940027,0.08483780958144438
veh_012,2025-09-04T12:37:52,12.95766404773674,77.49577557288323,15.314186934768603,0.6312553140101345,0.7626708585475125
veh_012,2025-09-04T12:42:52,12.956515149875123,77.49405962312805,15.379416539052519,0.5011116052392423,0.05594087397445002
veh_012,2025-09-04T12:47:52,12.95286887408997,77.48902754194823,15.309311739250381,0.2748874075020563,0.3178400337341488
veh_012,2025-09-04T12:52:52,12.956447953140433,77.50160931017216,15.18537391335534,0.6704933926897637,0.6411898302224145
veh_012,2025-09-04T12:57:52,12.953699545517201,77.49637479306081,15.160582650664738,0.0,0.9568886003161919
veh_012,2025-09-04T13:02:52,12.960944121359589,77.49142576893911,15.112273382061115,0.05904274516785951,0.15670845628560814
veh_012,2025-09-04T13:07:52,12.97464835534836,77.49659685825401,15.043135301756474,0.5675350181115207,0.7733000080093962
veh_012,2025-09-04T13:12:52,12.96715438200685,77.50063252526071,14.893844175050978,0.6635726613285371,0.7209621638267112
veh_012,2025-09-04T13:17:52,12.94429665833162,77.49268045938285,14.914392730502477,0.007779616913952736,0.4512805015659471
veh_012,2025-09-04T13:22:52,12.966147334221423,77.49503495544958,14.871011548991126,0.20618659874321243,0.5618469470659689
veh_012,2025-09-04T13:27:52,12.943401718881148,77.50520989809479,14.862751591034604,0.47124965010714287,0.6024819979535042
veh_012,2025-09-04T13:32:52,12.957046779444822,77.5007010486467,14.795931086642005,0.6495907601755536,0.3922052040142008
veh_012,2025-09-04T13:37:52,12.952076389607784,77.5031119243515,14.685818248193078,0.6040042246231128,0.35918444921059167
veh_012,2025-09-04T13:42:52,12.972913377137115,77.49846326069198,14.670734209386536,0.3092592330357108,0.8113809515227647
veh_012,2025-09-04T13:47:52,12.963952018225287,77.486492755432,14.708605400289056,1.1399481554009971,0.26253921564899707
veh_012,2025-09-04T13:52:52,12.945069997713274,77.48111774602343,14.747433677874634,0.4820761463118669,0.19483850451152274
veh_012,2025-09-04T13:57:52,12.953177603254513,77.502871428962,14.739518719202147,0.2802487834028152,0.14871439398399822
veh_012,2025-09-04T14:02:52,12.946543402191875,77.5144587890724,14.734699628524222,0.6933542266046588,0.14716388268594427
veh_012,2025-09-04T14:07:52,12.94799466752631,77.49222638837742,14.789759255193182,0.3437804625805149,0.8460504971784825
veh_012,2025-09-04T14:12:52,12.960068588189799,77.49955541949377,14.87190166363584,0.6061251435117485,0.5333880008349474
veh_012,2025-09-04T14:17:52,12.96570669811531,77.48303503966727,14.823735060112364,0.1748311131183049,0.2159791490794628
veh_012,2025-09-04T14:22:52,12.966468544494811,77.49746569440323,14.827709863266936,0.0,0.48554240885513744
veh_012,2025-09-04T14:27:52,12.949571225704572,77.51508332104598,14.75524778923437,0.25627965243303896,0.48993559995646274
veh_012,2025-09-04T14:32:52,12.962135195505534,77.48355262527848,14.701597781529452,0.08824573484768078,0.4207477948214936
veh_012,2025-09-04T14:37:52,12.965628582261782,77.51268553239738,14.667312450475803,0.5656458113140401,0.17726707761694815
veh_012,2025-09-04T14:42:52,12.955163555518753,77.48937674035378,14.690534948350574,0.8051065419254573,0.9375623209065953
veh_012,2025-09-04T14:47:52,12.950085823023931,77.50454987253282,14.688330691495185,0.4026209312308955,0.20471995933541243
veh_012,2025-09-04T14:52:52,12.952914587802491,77.51198833194856,14.703701229819886,0.5523835542503615,0.6508859263236664
veh_012,2025-09-04T14:57:52,12.982973731860488,77.50761529837506,14.667648124079946,0.41791548358861275,0.1384027990162019
veh_012,2025-09-04T15:02:52,12.959972665528934,77.48755293356028,14.68958895024803,0.9356264396117944,0.07462963116931176
veh_012,2025-09-04T15:07:52,12.947232478375186,77.48973360793362,14.667749172242639,1.0995397624237793,0.22129128968065181
veh_012,2025-09-04T15:12:52,12.96795716926729,77.49192153655146,14.653433501903297,0.06448837587038042,0.21016516249231165
veh_012,2025-09-04T15:17:52,12.963424491794195,77.50742516713338,14.64289201623549,0.45746625613988096,0.38954595819974824
veh_012,2025-09-04T15:22:52,12.967432921501178,77.47986303726562,14.679694822922407,0.49385133134815085,0.9685548109027556
veh_012,2025-09-04T15:27:52,12.937667888219567,77.49320045636782,14.75208047208611,1.0024054000224185,0.9078020527624597
veh_012,2025-09-04T15:32:52,12.978134002384529,77.49413578265703,14.79974564966825,0.36463073332807183,0.6443735281784868
veh_012,2025-09-04T15:37:52,12.9517388545773,77.47395990401535,14.864100262665595,0.3075102682585951,0.7225288223332409
veh_012,2025-09-04T15:42:52,12.94671422892998,77.49252159912123,14.952274878193581,1.128133655246815,0.7094208085992002
veh_012,2025-09-04T15:47:52,12.954969465786345,77.48422161578566,15.001691765254156,0.585978064188178,0.6918594739723322
veh_012,2025-09-04T15:52:52,12.959239676552018,77.48979100727252,15.0824040699729,0.6640878545048114,0.6003263920177168
veh_012,2025-09-04T15:57:52,12.931844770965778,77.4938973066983,15.186564617925853,0.8978387210110053,0.5975752609336399
veh_012,2025-09-04T16:02:52,12.95537968741927,77.48254999882741,15.272119695943998,0.5732834846827726,0.24982467365181793
veh_012,2025-09-04T16:07:52,12.961916729621487,77.48688723788928,15.273827593121037,0.0,0.7462738135003091
veh_012,2025-09-04T16:12:52,12.95887838300437,77.50302194717112,15.176761887091171,0.3856534076892712,0.7138092142026506
veh_012,2025-09-04T16:17:52,12.943999412502375,77.49685702183443,15.180060612246471,1.0143140961069808,0.2840661922031963
veh_012,2025-09-04T16:22:52,12.956797939762357,77.50311479101823,15.113743178844004,0.4337350380347424,0.9192692613280707
veh_012,2025-09-04T16:27:52,12.957124827619056,77.50304925797622,15.141451253098113,0.2753953074413972,0.5079658434499622
veh_012,2025-09-04T16:32:52,12.973418361887113,77.48625153649861,15.148709592117964,0.44205179691841145,0.12904892289825654
veh_012,2025-09-04T16:37:52,12.942207369523613,77.50867282202971,15.109991997073555,0.8078215910460598,0.5533982076178892
veh_012,2025-09-04T16:42:52,12.95225889922715,77.50669642599125,15.159686227247452,0.5625997696891949,0.20447475501396606
veh_012,2025-09-04T16:47:52,12.955628417943544,77.49448151720941,15.12660500762426,0.771219484790078,0.7057380542422326
veh_012,2025-09-04T16:52:52,12.973365509195485,77.49140685180339,15.127630435825077,0.7276184061963002,0.8774078276911388
veh_012,2025-09-04T16:57:52,12.955534862603255,77.4942649590085,15.172321353502957,0.3011443333589884,0.13665197007797647
veh_012,2025-09-04T17:02:52,12.958616813019482,77.50321104544187,15.167329084809385,1.0424897283481167,0.7589852272222355
veh_012,2025-09-04T17:07:52,12.956137109362054,77.49285487227041,15.101497013376484,0.18898194597239454,0.16108701142418524
veh_012,2025-09-04T17:12:52,12.969872244234608,77.49423393289297,15.077264803895698,0.8679604236819787,0.7242425757268991
veh_012,2025-09-04T17:17:52,12.971067770355186,77.48603429351424,15.052502372886016,1.0441208210944155,0.018006858979704
veh_013,2025-09-04T09:22:52,12.966120300423801,77.60292430632201,17.21741188775255,0.15191385621204406,0.8780292726865745
veh_013,2025-09-04T09:27:52,12.960690899602577,77.59089410176654,17.189256883878535,0.6431358613638412,0.7828577166454253
veh_013,2025-09-04T09:32:52,12.9653506148834,77.60124545236906,17.131908747465214,0.628640965350173,0.466706610082092
veh_013,2025-09-04T09:37:52,12.971042755723204,77.5987034168028,17.150580765125994,0.0,0.916659960195734
veh_013,2025-09-04T09:42:52,13.002853654170533,77.59950314452466,17.144624513440178,0.723082100029905,0.854331031644593
veh_013,2025-09-04T09:47:52,12.981584474577426,77.57917383794997,17.172794455323316,1.2715790435725025,0.8128018914258494
veh_013,2025-09-04T09:52:52,12.960288777000367,77.60354820298,17.108760092756263,0.869841106780658,0.6837127129568435
veh_013,2025-09-04T09:57:52,12.972577232480004,77.59215210671589,17.081437689878864,0.9458451937581485,0.27354931352649736
veh_013,2025-09-04T10:02:52,12.966242771395827,77.58927762702695,16.987852615558893,0.12461580994319399,0.5104375690707762
veh_013,2025-09-04T10:07:52,12.98163713382031,77.59512639181159,17.066379795594845,0.28474987333153196,0.26660570704917763
veh_013,2025-09-04T10:12:52,12.961039028929711,77.61063752408148,17.17125532629707,0.0,0.40152008268027617
veh_013,2025-09-04T10:17:52,12.984482594603584,77.58626045152155,17.199589521645628,0.8664416600622712,0.04543075477876091
veh_013,2025-09-04T10:22:52,12.974798390515366,77.60623253744521,17.287634640952007,1.084527966230344,0.7573728665464523
veh_013,2025-09-04T10:27:52,12.966511017640093,77.59153010562507,17.33648284847344,0.08846733266270951,0.8885037667898433
veh_013,2025-09-04T10:32:52,12.97286169384263,77.59569988160862,17.350473861724396,1.2693539954878275,0.26100610880259656
veh_013,2025-09-04T10:37:52,12.96748073985881,77.61088322497963,17.362453043931673,0.9318007313634129,0.012245665790822424
veh_013,2025-09-04T10:42:52,12.969350564053373,77.58289265785486,17.281466309241086,0.0,0.914842348702632
veh_013,2025-09-04T10:47:52,12.95821230133441,77.613285680395,17.282978637483883,0.42674392426949936,0.040733264805495994
veh_013,2025-09-04T10:52:52,12.978057383615786,77.59268492854038,17.23370973728039,0.8565049761816046,0.7863902307023161
veh_013,2025-09-04T10:57:52,12.9694855018506,77.60714423658314,17.234156330935924,0.6149039451355051,0.46944512706563957
veh_013,2025-09-04T11:02:52,12.99253878222219,77.59493370705904,17.311957147283422,0.44333934520865703,0.968974903241041
veh_013,2025-09-04T11:07:52,12.979177031123346,77.61219842428731,17.269925961925214,0.8226906203836586,0.9994894042945859
veh_013,2025-09-04T11:12:52,12.975310382068505,77.5981429769434,17.27166126528232,0.3429660072559537,0.27406759869572184
veh_013,2025-09-04T11:17:52,12.988949024122409,77.59068756147451,17.22455532418978,0.983270280924313,0.1716375126288493
veh_013,2025-09-04T11:22:52,12.993038498623509,77.59622552035755,17.230869381051658,0.30179691686845866,0.8923062282318597
veh_013,2025-09-04T11:27:52,12.954093829160241,77.60757945230236,17.247043085226274,0.48273360126022435,0.8457858381026093
veh_013,2025-09-04T11:32:52,12.962887256259403,77.60800703585613,17.188488585941105,0.653568773614773,0.8634919175632179
veh_013,2025-09-04T11:37:52,12.986690011019528,77.58567862730911,17.16165168292394,0.6264352221666013,0.38098458390190815
veh_013,2025-09-04T11:42:52,12.95784073895026,77.60458306625054,17.161150838168123,1.0742976225811345,0.45250839859452874
veh_013,2025-09-04T11:47:52,12.98351482998635,77.58805902270451,17.109750373273297,0.7164985879428469,0.6903312613561945
veh_013,2025-09-04T11:52:52,12.96226086887234,77.60097068080064,17.040671414596844,0.44563405210835616,0.6993123756941095
veh_013,2025-09-04T11:57:52,12.967485211141723,77.59823955967637,16.984181644682042,0.30549247591252227,0.6247640101304504
veh_013,2025-09-04T12:02:52,12.980862035108043,77.60145915565298,16.934066256349514,0.4055684150246025,0.8207357864249805
veh_013,2025-09-04T12:07:52,12.961693199211682,77.61433330412628,16.926942135130183,1.0672190528303618,0.25730476499136434
veh_013,2025-09-04T12:12:52,12.971475009171169,77.60713884832123,16.793312756019212,0.5614817970960725,0.2541522881190068
veh_013,2025-09-04T12:17:52,12.986695185068236,77.61037670067745,16.73662817174187,0.8726415855882741,0.26738248879475823
veh_013,2025-09-04T12:22:52,12.962790263870124,77.60270093924451,16.72648970395868,0.9615395942085572,0.2716957472726703
veh_013,2025-09-04T12:27:52,12.973891385341945,77.60973637756436,16.781133284863316,0.7350815282891897,0.22111450371095287
veh_013,2025-09-04T12:32:52,12.977921620262222,77.60240642138308,16.843091887967717,0.47273115797535836,0.5094986051377748
veh_013,2025-09-04T12:37:52,12.989050565306053,77.61694914801537,16.84268309762155,0.36393452680831495,0.8516495023344659
veh_013,2025-09-04T12:42:52,12.979838979712236,77.60388571927778,16.82658946211205,0.5995089736143782,0.0028713110948129783
veh_013,2025-09-04T12:47:52,12.965191414337355,77.60202033002167,16.83986066439403,0.3873814799239307,0.5830142662212422
veh_013,2025-09-04T12:52:52,12.984723120056193,77.61042888367236,16.826048245133332,0.7267464512565116,0.8808465308105725
veh_013,2025-09-04T12:57:52,12.959477336347424,77.60745720052078,16.83335482718118,1.2780644006207922,0.7024495731867846
veh_013,2025-09-04T13:02:52,12.978946297702429,77.6032216117487,16.84154093993408,0.1988931789100677,0.20609390633044067
veh_013,2025-09-04T13:07:52,12.963109205042269,77.6002527365541,16.736263976023633,0.3367034623181753,0.02570377157527426
veh_013,2025-09-04T13:12:52,12.969680530598229,77.59411267075393,16.71918828530456,1.0171681484371584,0.6694507935619435
veh_013,2025-09-04T13:17:52,12.966231788364103,77.60004642885218,16.71777261852195,0.2696133698779547,0.9587913895457043
veh_013,2025-09-04T13:22:52,12.98194003633635,77.59653206296063,16.663037799170404,0.4870578967791672,0.1357858256265938
veh_013,2025-09-04T13:27:52,12.952107753891147,77.60032244315764,16.706436795887818,0.6353688156565499,0.4769965172634726
veh_013,2025-09-04T13:32:52,12.984345890956206,77.61521924698332,16.846441092683534,0.7274468785323793,0.5100161823534396
veh_013,2025-09-04T13:37:52,12.981572199067397,77.59513754240186,16.851825408658282,0.3056817070765059,0.891701811225204
veh_013,2025-09-04T13:42:52,12.965315705252886,77.59386062173719,16.87249907331356,0.45868656776582983,0.5937862269331757
veh_013,2025-09-04T13:47:52,12.957279226919963,77.58925724182119,16.82835047800786,0.6243269988435914,0.8859751130926863
veh_013,2025-09-04T13:52:52,12.982487589850075,77.60825792496523,16.881945625816993,0.6825188574377369,0.8923771039565669
veh_013,2025-09-04T13:57:52,12.982828313555961,77.6099240346532,16.90075039419469,0.8813215612580427,0.12316058587288947
veh_013,2025-09-04T14:02:52,12.96893016439168,77.59767200207929,16.95838453806877,0.9714184990852308,0.9792302142549747
veh_013,2025-09-04T14:07:52,12.985946467874577,77.58901545487555,16.90132377579073,0.42971428930179056,0.5315802109973148
veh_013,2025-09-04T14:12:52,12.956250623335915,77.60722868647073,16.93529389702706,0.8162124788491012,0.31138743667004487
veh_013,2025-09-04T14:17:52,12.97143896898336,77.60042563508678,17.01969366910048,0.0,0.8405764334382778
veh_013,2025-09-04T14:22:52,12.971890204561003,77.58987420438665,17.006777651236924,0.4621773390890272,0.4183930979091578
veh_013,2025-09-04T14:27:52,12.97247948539411,77.60701139951338,16.994964328985372,0.36404157980937935,0.27513075532634
veh_013,2025-09-04T14:32:52,12.971760432666628,77.58332671108246,17.018042024883435,0.3646996311659617,0.8540837654752674
veh_013,2025-09-04T14:37:52,12.977745330889508,77.612430570778,16.96749183519769,0.38858400764377204,0.5968380379296185
veh_013,2025-09-04T14:42:52,12.96478288404379,77.61325096098089,17.041866364093817,0.15556001155866206,0.0606149750075019
veh_013,2025-09-04T14:47:52,12.971072839412845,77.6065859631539,16.953875850916994,0.019099975541468472,0.5258652309625133
veh_013,2025-09-04T14:52:52,12.952344410443905,77.59626193267442,16.961980441344934,0.6246997909799352,0.7773927312876279
veh_013,2025-09-04T14:57:52,12.96817722894261,77.60917561533297,16.976240737663222,0.30589501341456204,0.8851704332727336
veh_013,2025-09-04T15:02:52,12.975666486359646,77.61791227915032,17.0155569210778,0.8643670567861831,0.9098694905624992
veh_013,2025-09-04T15:07:52,12.966592967070534,77.59837610680768,17.00837828874589,0.1975925126591329,0.4758300593494579
veh_013,2025-09-04T15:12:52,12.980668312510673,77.59767312812279,17.040463821196585,0.5668697489011514,0.46468641769448127
veh_013,2025-09-04T15:17:52,12.958391724897828,77.59927329600383,17.037561894801296,0.6870926298834954,0.5479399506131166
veh_013,2025-09-04T15:22:52,12.94683548889226,77.58991290955898,17.03450949551575,0.5191652676509995,0.6169732493768046
veh_013,2025-09-04T15:27:52,12.977662260539665,77.60154520952813,17.032889931676678,0.8312550146509079,0.7192529907079513
veh_013,2025-09-04T15:32:52,12.970431958255679,77.58983732553442,17.103835234111443,0.6177496811004841,0.5818048591404459
veh_013,2025-09-04T15:37:52,12.970690246029902,77.60582641436787,17.09129928847533,0.33965881348621974,0.5557121327413967
veh_013,2025-09-04T15:42:52,12.975224415125496,77.5971493639437,17.068611401737193,0.0991814734833783,0.37959153667218126
veh_013,2025-09-04T15:47:52,12.970022561745164,77.59751342324938,17.07854993561163,0.7244006788207693,0.42436528943499385
veh_013,2025-09-04T15:52:52,12.977362081142083,77.59832320394945,17.050200018814568,0.18682530760326882,0.10582075270452329
veh_013,2025-09-04T15:57:52,12.97203129708445,77.59286704551928,17.05500287577044,0.2103629966264407,0.12350625733927534
veh_013,2025-09-04T16:02:52,12.980028857341733,77.59598576078216,17.013151193109245,0.17184585761076848,0.033402463063374244
veh_013,2025-09-04T16:07:52,12.985583873247764,77.59669916812575,17.002373024376116,0.8214895519667217,0.6199706806164247
veh_013,2025-09-04T16:12:52,12.99150348256221,77.62517090975908,16.86705614790511,0.4707490313249729,0.9737577677686472
veh_013,2025-09-04T16:17:52,12.969187078424037,77.59654605603964,16.907644102829078,0.46622902790960274,0.9833798511764558
veh_013,2025-09-04T16:22:52,12.970112944520134,77.60587774910543,16.848458036440814,0.006129893309005874,0.33925112340139596
veh_013,2025-09-04T16:27:52,12.965410529336,77.59935637686661,16.828568266149535,0.6644263112246426,0.9535010148281706
veh_013,2025-09-04T16:32:52,12.977634134550376,77.58554625526041,16.75936209479911,0.38031056740192504,0.1395092043862064
veh_013,2025-09-04T16:37:52,12.954615283437619,77.60892331593755,16.705046066905034,0.9479904686377266,0.1123451190582464
veh_013,2025-09-04T16:42:52,12.969352260806762,77.60511963313999,16.643448705800825,0.6871028979437344,0.5284498945026354
veh_013,2025-09-04T16:47:52,12.9609624429172,77.59783655685328,16.620161305380556,0.4024521790988737,0.5634788015560602
veh_013,2025-09-04T16:52:52,12.963981720206727,77.61808013673355,16.55390832373929,0.9846290819535786,0.2264351900997762
veh_013,2025-09-04T16:57:52,12.971824663807718,77.59582794560103,16.536721890162397,0.7404071709066646,0.10871703968635926
veh_013,2025-09-04T17:02:52,12.98374004318264,77.59668134341238,16.545934651282625,0.2653766378994914,0.9373113039713239
veh_013,2025-09-04T17:07:52,12.960371787075797,77.59635417366597,16.558414932833372,0.0,0.6281929259282364
veh_013,2025-09-04T17:12:52,12.98699504737858,77.61194901742655,16.529155729007037,0.08093812721516419,0.15441942802223374
veh_013,2025-09-04T17:17:52,12.94866051363101,77.61183144789463,16.518476356112874,1.0493900961732203,0.9474737957401368
veh_014,2025-09-04T09:22:52,12.876250681666459,77.47285242591991,9.2348694191214,1.035538340589767,0.8084494114928407
veh_014,2025-09-04T09:27:52,12.884010163029023,77.45685632101662,9.16644484744528,0.941967303691841,0.6666047672211963
veh_014,2025-09-04T09:32:52,12.904751415008294,77.47214566726142,9.182939991524979,0.4079395062319105,0.5945687051169751
veh_014,2025-09-04T09:37:52,12.889794408690213,77.4632028139381,9.21774023085739,0.45680836723366086,0.33384985117017285
veh_014,2025-09-04T09:42:52,12.895947384073187,77.4662550902965,9.242185731445279,0.3638420424937441,0.9747593335456102
veh_014,2025-09-04T09:47:52,12.907299855943723,77.48236106096043,9.286374979508377,0.38365679438771805,0.643957946609181
veh_014,2025-09-04T09:52:52,12.903772390777545,77.46335664647711,9.254747177691012,1.061670402690936,0.27082543444689955
veh_014,2025-09-04T09:57:52,12.907633369603719,77.45291102774588,9.280656421830237,1.1213247797649846,0.38262927298456995
veh_014,2025-09-04T10:02:52,12.887309071395903,77.4552174276768,9.334773574551999,0.2689615752077938,0.8903580016542478
veh_014,2025-09-04T10:07:52,12.877604093520654,77.48246389285376,9.392517840088283,0.49052457523606074,0.7169265459357955
veh_014,2025-09-04T10:12:52,12.905308186811007,77.46323562958231,9.337257598047406,0.0,0.9091240710678165
veh_014,2025-09-04T10:17:52,12.875402735093282,77.46066673848756,9.374478034732292,0.38737995080743004,0.09589814480084102
veh_014,2025-09-04T10:22:52,12.882715769723259,77.46754663751643,9.470523075836592,0.39545417659193105,0.773612623041591
veh_014,2025-09-04T10:27:52,12.874293844043896,77.48209600807697,9.446662744389348,0.8151600949719503,0.027139958884180304
veh_014,2025-09-04T10:32:52,12.89606490996879,77.4736050711249,9.424040727413713,0.8275719307285556,0.9688137242631573
veh_014,2025-09-04T10:37:52,12.897728458518856,77.46299289391112,9.441518624845315,0.3614020992937217,0.6291979388295943
veh_014,2025-09-04T10:42:52,12.879202179301663,77.46937051669968,9.443728016593294,0.3379539337782582,0.1279420475317411
veh_014,2025-09-04T10:47:52,12.89128916108026,77.46073137632014,9.43729008780681,0.19833441773152372,0.8383117521072081
veh_014,2025-09-04T10:52:52,12.900540302920662,77.4696258879091,9.495895734180644,0.0,0.7431514434050525
veh_014,2025-09-04T10:57:52,12.885956205701081,77.45310930541677,9.484065457958227,0.5616969921784697,0.45446172816419683
veh_014,2025-09-04T11:02:52,12.878566476475829,77.47089125371438,9.484784942615839,0.6042527929799254,0.07361189381638022
veh_014,2025-09-04T11:07:52,12.903780467717203,77.4658598603685,9.573494053791027,0.26288340389533293,0.9675520052720562
veh_014,2025-09-04T11:12:52,12.889352431512975,77.46361752268612,9.605109820814404,0.41024795624312316,0.9867119790312812
veh_014,2025-09-04T11:17:52,12.859320435086838,77.47961916845563,9.666622743708388,1.066202283876784,0.25106166561132104
veh_014,2025-09-04T11:22:52,12.877022768298602,77.46269910842628,9.667193969476454,0.1978885327144672,0.20991956332393813
veh_014,2025-09-04T11:27:52,12.912344145115018,77.47167775386009,9.666650782141543,0.11150990645767034,0.7385316090207217
veh_014,2025-09-04T11:32:52,12.890712184427072,77.46400330286869,9.69070948657527,0.3242865413032443,0.08529657553990788
veh_014,2025-09-04T11:37:52,12.896460286814152,77.45247027834434,9.745063846037892,0.46867668765929804,0.3257915410975506
veh_014,2025-09-04T11:42:52,12.887937754540165,77.46553294976495,9.684447974623295,0.7279270919054429,0.3691426821827686
veh_014,2025-09-04T11:47:52,12.885084892586589,77.46690541871361,9.690509183807762,0.0,0.14036100145675845
veh_014,2025-09-04T11:52:52,12.897901418505018,77.46311156650755,9.679272596097096,0.5487218152528179,0.2733433034899002
veh_014,2025-09-04T11:57:52,12.879643961294706,77.46653148561612,9.728976254597391,0.18464721581987287,0.9473837117017669
veh_014,2025-09-04T12:02:52,12.87613280307923,77.47630876635769,9.724358344255497,0.24494010991824106,0.3035825052326585
veh_014,2025-09-04T12:07:52,12.886171261460174,77.45485894470383,9.672683567682478,0.06195994104446584,0.9934656902803698
veh_014,2025-09-04T12:12:52,12.90352249215858,77.45956376353996,9.695994823815052,0.24910957401322353,0.7949175830914994
veh_014,2025-09-04T12:17:52,12.879688296309268,77.46728722613041,9.6986373893085,1.1983416009279775,0.2715653705440776
veh_014,2025-09-04T12:22:52,12.884020076175288,77.4737454364893,9.80554611283276,0.011109172854711524,0.8369503623191604
veh_014,2025-09-04T12:27:52,12.887580140727447,77.46272406458137,9.788908277916265,0.10873032032202712,0.33543587412796105
veh_014,2025-09-04T12:32:52,12.875723030333814,77.46489281875657,9.8411998075043,0.4909445428562442,0.5719023269668166
veh_014,2025-09-04T12:37:52,12.876462359754841,77.46459495489252,9.803348329211776,0.5615693275108934,0.5681895585686249
veh_014,2025-09-04T12:42:52,12.898079473687456,77.46805044208443,9.8128401489294,0.9323230334720051,0.6791133665720679
veh_014,2025-09-04T12:47:52,12.882690949371248,77.46141731056932,9.803213820453237,0.4727105315626014,0.6900253122306106
veh_014,2025-09-04T12:52:52,12.86971826378825,77.461285656844,9.821205103767582,0.5408774918760477,0.9555278684226207
veh_014,2025-09-04T12:57:52,12.909503981758219,77.47448828456737,9.890331135887994,0.730032287678936,0.45884418645907477
veh_014,2025-09-04T13:02:52,12.908457652661493,77.47640659856057,9.925650143209223,0.4384303484187898,0.13046755477242822
veh_014,2025-09-04T13:07:52,12.886570743005079,77.47310746296174,9.889632741341256,0.44266813706602703,0.2327314791009374
veh_014,2025-09-04T13:12:52,12.907180015266306,77.46469020102693,9.912411763208084,0.9373360084134208,0.7654683844300053
veh_014,2025-09-04T13:17:52,12.904392553339516,77.45447756873128,10.03228059268797,0.8261330595466296,0.76380285233024
veh_014,2025-09-04T13:22:52,12.904199909644836,77.4552085979929,10.017849848749496,0.9332751189207138,0.9992599017054545
veh_014,2025-09-04T13:27:52,12.89555369406817,77.47221670845124,10.116311139590604,0.025113374083329087,0.9545248613841384
veh_014,2025-09-04T13:32:52,12.884354408887091,77.46242485225368,10.055210920242613,0.17364438875992244,0.5707226929191692
veh_014,2025-09-04T13:37:52,12.878825797170768,77.47429779018933,10.022062617894125,0.1360898582454057,0.19679918784140937
veh_014,2025-09-04T13:42:52,12.893316188236144,77.46412141423347,10.023773123810765,0.7088622385508252,0.7354453357783313
veh_014,2025-09-04T13:47:52,12.886848163232687,77.45645272669702,10.02757784775689,0.6411948758312216,0.9730606535174523
veh_014,2025-09-04T13:52:52,12.881043033348504,77.45970307789317,10.01718673832087,0.27168982891196425,0.6899400296120728
veh_014,2025-09-04T13:57:52,12.873897784303997,77.45109775988085,10.000492297745296,0.44730415875804297,0.3249300112112118
veh_014,2025-09-04T14:02:52,12.883881627892105,77.4628845086786,9.980827400394189,0.5455644449867875,0.5538624813062414
veh_014,2025-09-04T14:07:52,12.904727479318664,77.47177699325013,9.940471724362123,0.5283534480102718,0.8839134789079829
veh_014,2025-09-04T14:12:52,12.902096331063559,77.46089112256362,9.97883865924815,0.5125563427347433,0.9822048746373078
veh_014,2025-09-04T14:17:52,12.902858030844975,77.46886473989872,9.965724528197347,0.6519817729038367,0.17365095529166885
veh_014,2025-09-04T14:22:52,12.906752187378364,77.46767964763455,9.945442396571705,0.3621154741778223,0.6014356759793872
veh_014,2025-09-04T14:27:52,12.895514707599514,77.45869483482639,10.000349809181092,0.11211948379952807,0.275163549680011
veh_014,2025-09-04T14:32:52,12.901451353903555,77.44537247620656,10.1012630863707,0.3724144408405672,0.13562631136582848
veh_014,2025-09-04T14:37:52,12.895663608573745,77.47415623741395,10.114957283283685,0.7992153751119102,0.19185972373304105
veh_014,2025-09-04T14:42:52,12.907557927718905,77.47211822228134,10.21318905927784,0.7703236520712968,0.3738529048034903
veh_014,2025-09-04T14:47:52,12.91606014310246,77.46115150576802,10.287966260037926,0.5080380329358315,0.48205989827938744
veh_014,2025-09-04T14:52:52,12.883064327209922,77.47315239228368,10.275306732768206,0.9737009334769666,0.8200644880229958
veh_014,2025-09-04T14:57:52,12.899308542731596,77.44525417813806,10.271028098778775,0.6231654905174887,0.7867558721562373
veh_014,2025-09-04T15:02:52,12.89956068845576,77.46323590440142,10.273467454030506,0.8543680293244975,0.6108727889034485
veh_014,2025-09-04T15:07:52,12.895842621334964,77.46355609859286,10.227851547802825,0.600963267282794,0.711736729344619
veh_014,2025-09-04T15:12:52,12.900340554633424,77.46554381654373,10.271638595990872,0.7604203695337532,0.02240546518228148
veh_014,2025-09-04T15:17:52,12.883018310798699,77.46054260654157,10.313531263434278,0.4873559558861928,0.9129130838821744
veh_014,2025-09-04T15:22:52,12.87310048796349,77.47521326137375,10.286192342321067,0.5991163266967945,0.2394278377525315
veh_014,2025-09-04T15:27:52,12.876859871550046,77.46644357304766,10.277657635010124,0.6139228626883881,0.6121586173620351
veh_014,2025-09-04T15:32:52,12.876654598171957,77.47259292633984,10.32923382375981,0.4440868808129652,0.132727147259316
veh_014,2025-09-04T15:37:52,12.89413361000843,77.47034311763169,10.358351454128165,0.668384157920365,0.5742714699195859
veh_014,2025-09-04T15:42:52,12.89985178129563,77.4785627784747,10.36765559881268,0.051753408035099924,0.14445139951927322
veh_014,2025-09-04T15:47:52,12.891893175087986,77.45544894447492,10.34964869563383,0.0771891837324375,0.9078495019625249
veh_014,2025-09-04T15:52:52,12.891608669467601,77.45043711520465,10.367221938712929,0.4830473157829126,0.4771272279152493
veh_014,2025-09-04T15:57:52,12.886033791981026,77.45888015284535,10.328679707390037,0.33854893503547856,0.12641174364183894
veh_014,2025-09-04T16:02:52,12.89142870097283,77.4649877480747,10.307513729940212,0.39457901959835545,0.6180091103824286
veh_014,2025-09-04T16:07:52,12.882241864803598,77.46131522676733,10.472206435358618,0.6263039907381658,0.4585838238763206
veh_014,2025-09-04T16:12:52,12.898375988358353,77.45779455796078,10.517659510748873,0.43671131618879555,0.9302420183009658
veh_014,2025-09-04T16:17:52,12.906040766006857,77.47255896037939,10.566308982621333,0.630475903855984,0.2767927439746457
veh_014,2025-09-04T16:22:52,12.896062660521164,77.47898710077963,10.57304588479721,1.0404927813039517,0.6579689644943214
veh_014,2025-09-04T16:27:52,12.892068941816298,77.46940981216297,10.579907741245592,0.12462836432150254,0.1321429691813385
veh_014,2025-09-04T16:32:52,12.892160981171992,77.46273409564013,10.596791592180827,0.5063922471065333,0.0544404273944078
veh_014,2025-09-04T16:37:52,12.896580240129238,77.46856647972864,10.528430947615727,1.0372168216043511,0.2643162523309839
veh_014,2025-09-04T16:42:52,12.88914025178163,77.4634697383658,10.50401036481245,0.9632174144001572,0.5754031333367384
veh_014,2025-09-04T16:47:52,12.894393050354358,77.46581994530848,10.534966264063137,0.5221390945308119,0.27612986765266345
veh_014,2025-09-04T16:52:52,12.893330175533645,77.46248336938334,10.547579477263309,0.5612662776864906,0.8233725913706561
veh_014,2025-09-04T16:57:52,12.883757746743825,77.47399631038155,10.502263902615784,0.3282300045136284,0.9138310894927105
veh_014,2025-09-04T17:02:52,12.879228598594844,77.47705156968665,10.453811278806294,0.2903250987779985,0.8227918483482073
veh_014,2025-09-04T17:07:52,12.884243289300045,77.4650135200014,10.403209828760467,0.7498853622868054,0.42580255643157894
veh_014,2025-09-04T17:12:52,12.897338575359816,77.47227024513472,10.406889284311442,0.34268699991860463,0.06270458740317586
veh_014,2025-09-04T17:17:52,12.902848171586198,77.47454298957005,10.37222407295142,0.5119495304669404,0.03446013677833637
veh_015,2025-09-04T09:22:52,12.908239770999174,77.44365940803466,6.406496790574264,0.38857216169160813,0.3899140326435434
veh_015,2025-09-04T09:27:52,12.909012129560507,77.46495812785265,6.403219463485115,0.673065593179595,0.5153643488293872
veh_015,2025-09-04T09:32:52,12.90989396131006,77.45959190928747,6.340085737884199,0.6618315561909943,0.5891582444091333
veh_015,2025-09-04T09:37:52,12.926947462927464,77.45506617611366,6.393212413699695,0.1632130434235054,0.5949943722599202
veh_015,2025-09-04T09:42:52,12.921574487130616,77.47015570451035,6.476542859115441,0.5124098491042618,0.46148107170759567
veh_015,2025-09-04T09:47:52,12.914868492163876,77.46943840979972,6.429433809267476,0.6260601520589762,0.49640580445979965
veh_015,2025-09-04T09:52:52,12.906549227545598,77.4631175015569,6.36381186665745,0.6280848832367554,0.5993779677221475
veh_015,2025-09-04T09:57:52,12.912751935734947,77.44876120401935,6.340102535864713,0.21025630424474434,0.1342056267053643
veh_015,2025-09-04T10:02:52,12.91878604391101,77.45539063234511,6.423820497874054,0.2841788540939074,0.22374279356973759
veh_015,2025-09-04T10:07:52,12.90735274529901,77.4591785092755,6.482975768301458,0.8394071456759953,0.154071929104027
veh_015,2025-09-04T10:12:52,12.923315834862843,77.46266252441274,6.455978809371821,0.6847849811444222,0.23992813274650637
veh_015,2025-09-04T10:17:52,12.922482144312756,77.46411429736679,6.489586558281856,0.061707017793457886,0.53848460951904
veh_015,2025-09-04T10:22:52,12.907597541913745,77.45255186416911,6.597683647341282,0.424021517102357,0.4821107202544245
veh_015,2025-09-04T10:27:52,12.929290963451145,77.44897396354766,6.575312690131798,0.87471565039585,0.003481923684611754
veh_015,2025-09-04T10:32:52,12.902149167210865,77.46389062971932,6.555489396029473,0.9619554459590736,0.17733366329673173
veh_015,2025-09-04T10:37:52,12.92827739739939,77.47620771389974,6.512942234838895,0.44203609377254216,0.5213802064412295
veh_015,2025-09-04T10:42:52,12.909191680136589,77.46115368304316,6.501696220463595,0.42647972852199045,0.5028941364792451
veh_015,2025-09-04T10:47:52,12.918477784817915,77.46008954126685,6.471754903190756,0.333448482695074,0.2643216129849856
veh_015,2025-09-04T10:52:52,12.917317561249773,77.45406224017663,6.487951885295057,0.0,0.9999770204176942
veh_015,2025-09-04T10:57:52,12.919207999153455,77.451146070987,6.4739554939849135,0.2431654438908185,0.3322445154020879
veh_015,2025-09-04T11:02:52,12.91795375612938,77.46021843035834,6.449793958586641,0.4952663238881117,0.7323954332549851
veh_015,2025-09-04T11:07:52,12.916066967301179,77.44908064929012,6.435923779348832,0.0,0.9644537107931075
veh_015,2025-09-04T11:12:52,12.932404401707274,77.46675471106717,6.501875746144594,0.9163163809012771,0.5451786426597738
veh_015,2025-09-04T11:17:52,12.913236450808338,77.44807822411343,6.559212976417079,0.5193703923162172,0.870387605402543
veh_015,2025-09-04T11:22:52,12.914114157902022,77.47817969212389,6.551373386882291,0.9008145791776101,0.3517982616417863
veh_015,2025-09-04T11:27:52,12.907535638380322,77.45360075279318,6.499724425597365,0.13101665352253294,0.7805133395762727
veh_015,2025-09-04T11:32:52,12.91579885395964,77.45897439680799,6.527536382346029,0.0,0.08712931204717322
veh_015,2025-09-04T11:37:52,12.91427419602873,77.46377474663846,6.558572024307456,0.9112389682291522,0.5075046156100387
veh_015,2025-09-04T11:42:52,12.8965287630717,77.45902200971062,6.568607367215536,0.18972174225796484,0.3835518969340236
veh_015,2025-09-04T11:47:52,12.914154953314867,77.44502319408326,6.602181611966,0.3308824547306612,0.5319484559520623
veh_015,2025-09-04T11:52:52,12.91313934918926,77.47080551955072,6.600135803877331,0.5237299461637465,0.6712804288995956
veh_015,2025-09-04T11:57:52,12.92239380588468,77.47194391406059,6.632528844751656,0.7060600884004569,0.2991390910521107
veh_015,2025-09-04T12:02:52,12.903962711229019,77.44968954525909,6.6222794750717,0.28224078725203233,0.2931542080066948
veh_015,2025-09-04T12:07:52,12.899043380253424,77.44498544144474,6.60945319720457,0.47917208995433463,0.036634941803544874
veh_015,2025-09-04T12:12:52,12.918554389788962,77.45411239716701,6.663981876573263,0.4515122707925488,0.9499229570223799
veh_015,2025-09-04T12:17:52,12.919797275285077,77.44443002318364,6.659448967786404,0.12931277020139492,0.9027264787666992
veh_015,2025-09-04T12:22:52,12.910313829489823,77.46227036391093,6.5923312509130945,0.5044105475838312,0.1604844032718623
veh_015,2025-09-04T12:27:52,12.92684109335522,77.45080905599724,6.593218799523453,0.555244091873472,0.997691305959671
veh_015,2025-09-04T12:32:52,12.902951837054628,77.44933970812538,6.733441924160257,0.41807081481320757,0.821191808190761
veh_015,2025-09-04T12:37:52,12.911939636228649,77.43076200136144,6.745487959783064,0.7429354280834656,0.7037061351632893
veh_015,2025-09-04T12:42:52,12.913057898439614,77.46768727512978,6.65797718654076,0.10352863634013637,0.5126190164674482
veh_015,2025-09-04T12:47:52,12.910241789287461,77.45551206460135,6.594789670570434,0.5642940457764523,0.0651844579586307
veh_015,2025-09-04T12:52:52,12.92325704260446,77.46045472858088,6.605124174195235,0.06610779364096592,0.6679232304681411
veh_015,2025-09-04T12:57:52,12.914456473644085,77.4567847504996,6.657537393014776,0.2841693330449314,0.6848318727009735
veh_015,2025-09-04T13:02:52,12.93220989065586,77.46597857794973,6.608506352476405,0.0,0.10648989757868688
veh_015,2025-09-04T13:07:52,12.918878988275441,77.45099875886787,6.667184469664185,0.24153233573665717,0.9018958105093605
veh_015,2025-09-04T13:12:52,12.923014041305299,77.44731470525994,6.661710424183831,0.8267411551740085,0.8869311692981873
veh_015,2025-09-04T13:17:52,12.930239401030367,77.46978675715614,6.6620973409049125,0.0,0.9492321321243601
veh_015,2025-09-04T13:22:52,12.925398478785974,77.44294821937324,6.645762711475565,0.6015441841067097,0.3271566608580422
veh_015,2025-09-04T13:27:52,12.912014940697587,77.45201585648526,6.64314042315079,0.6052738909430307,0.38500037867184356
veh_015,2025-09-04T13:32:52,12.928257821150988,77.4504592952458,6.649148469819742,0.6335638130741057,0.04060834738816166
veh_015,2025-09-04T13:37:52,12.926162237027729,77.45994031898852,6.688590755477355,0.5582312324146496,0.14238792498827013
veh_015,2025-09-04T13:42:52,12.911441220093636,77.45214301652418,6.7498105794737935,0.6906531333560997,0.9352020913957291
veh_015,2025-09-04T13:47:52,12.919573771908679,77.43471297304073,6.721113571288822,0.7883083029859718,0.6325084961536467
veh_015,2025-09-04T13:52:52,12.91894426435879,77.42828692111088,6.701500890382015,0.6014816671481638,0.40157095380329677
veh_015,2025-09-04T13:57:52,12.927388694775473,77.45634815605835,6.6932180997508075,0.10036477117704129,0.9114872052347894
veh_015,2025-09-04T14:02:52,12.905149387038152,77.43997203237804,6.6389591312452785,0.9526054723411914,0.8507339014963048
veh_015,2025-09-04T14:07:52,12.919963911292363,77.45331577106411,6.5494315802726835,0.7808339374789122,0.3740460613425076
veh_015,2025-09-04T14:12:52,12.912217210894214,77.45790458476759,6.560956062444176,0.28205911864133903,0.24732327353976746
veh_015,2025-09-04T14:17:52,12.909754204738775,77.45096315369989,6.522301387686422,0.791017577062281,0.5776449465750436
veh_015,2025-09-04T14:22:52,12.92077493040651,77.46003370394827,6.570324141560006,0.46006043847892064,0.4274249472728937
veh_015,2025-09-04T14:27:52,12.916042936281189,77.46279465884193,6.495177087197644,0.0,0.6661311046544097
veh_015,2025-09-04T14:32:52,12.922076968922521,77.4632057569076,6.46893046145991,0.9469166756631118,0.2736887189585846
veh_015,2025-09-04T14:37:52,12.921973927858854,77.46439709582613,6.554867469447365,0.40489111406304995,0.4377894663384714
veh_015,2025-09-04T14:42:52,12.902783683817976,77.47397440364271,6.575938014799792,0.6359183317682906,0.8566151423839511
veh_015,2025-09-04T14:47:52,12.921015585073993,77.44542751952508,6.566142836050144,0.20756527734540403,0.15203590769457087
veh_015,2025-09-04T14:52:52,12.913739241634584,77.45258048966542,6.496478710782374,0.9777504901016888,0.8233299858567095
veh_015,2025-09-04T14:57:52,12.915510417315128,77.46602711187124,6.520032074524844,0.5827072198226142,0.4405059751672604
veh_015,2025-09-04T15:02:52,12.919104485099716,77.465152948146,6.557687689568732,0.5488156205098409,0.786778675211034
veh_015,2025-09-04T15:07:52,12.93306911567667,77.45367171817836,6.5772533695901,0.6241725232217199,0.8118468461486851
veh_015,2025-09-04T15:12:52,12.909686913809015,77.4549122133674,6.5526425269313195,0.06256083150834041,0.42448676748251024
veh_015,2025-09-04T15:17:52,12.920427367508475,77.47111016941757,6.580362093690002,0.0,0.565435698827345
veh_015,2025-09-04T15:22:52,12.912183619803173,77.46298153432296,6.57965533072947,0.44219371217395165,0.6348276125448551
veh_015,2025-09-04T15:27:52,12.917540894579432,77.47189478329699,6.578672321375216,0.8256608399543601,0.6914175930297486
veh_015,2025-09-04T15:32:52,12.924435593137966,77.44058454537479,6.634503954183296,0.3626296117593236,0.6840515412175877
veh_015,2025-09-04T15:37:52,12.908039809329726,77.44659999314305,6.733323391024856,0.21290507994856572,0.7066792164758174
veh_015,2025-09-04T15:42:52,12.918949340876495,77.45424953299248,6.731081946808346,0.10967165104060667,0.3789296574554981
veh_015,2025-09-04T15:47:52,12.90693773452317,77.45449629563295,6.777346925006825,0.5762572029672972,0.23903974215135615
veh_015,2025-09-04T15:52:52,12.92628001893127,77.458379735957,6.7502376615863575,0.7240028911726792,0.6348402190163059
veh_015,2025-09-04T15:57:52,12.906108524263074,77.47692883069058,6.749373289441808,0.47558443865533484,0.2711367178927484
veh_015,2025-09-04T16:02:52,12.929564795056706,77.45320194849467,6.672124296501227,0.29639670143120644,0.22281982356387564
veh_015,2025-09-04T16:07:52,12.926086459276702,77.45590057704949,6.740787053583251,0.7243826686465648,0.03061060956023609
veh_015,2025-09-04T16:12:52,12.916106039111119,77.46174391089554,6.69919270610006,0.5013515196528053,0.5540710968913485
veh_015,2025-09-04T16:17:52,12.900895475276045,77.45655753035041,6.684039896831776,0.8084204059880967,0.4556968600211837
veh_015,2025-09-04T16:22:52,12.913950077465092,77.45363318710244,6.732043445027856,0.4869360291905322,0.9878707217447237
veh_015,2025-09-04T16:27:52,12.924387271481194,77.4543485036342,6.744026379855804,0.39377935718916257,0.18572844298954805
veh_015,2025-09-04T16:32:52,12.904443160529219,77.45021377381038,6.76681087578355,0.8677269346170863,0.6036207627815519
veh_015,2025-09-04T16:37:52,12.931509849822033,77.4570493822918,6.672617127686692,0.0,0.32720584895253657
veh_015,2025-09-04T16:42:52,12.917568089103677,77.457791753198,6.704277149422158,0.33515384673171095,0.10707057283161614
veh_015,2025-09-04T16:47:52,12.91363427378552,77.4587868364452,6.7158157891699215,0.26325059021827824,0.7031854149056544
veh_015,2025-09-04T16:52:52,12.91155116994489,77.44975355995284,6.688696213696507,0.8224520527107821,0.2612563516107882
veh_015,2025-09-04T16:57:52,12.910820002631432,77.46771181108058,6.795833640693944,0.5629047902926843,0.7411925257292111
veh_015,2025-09-04T17:02:52,12.928125917167877,77.4523943360595,6.797165349717756,0.11523661108880384,0.017293024414783087
veh_015,2025-09-04T17:07:52,12.911503233970873,77.45442187400432,6.759670598148739,0.41387095754132985,0.04333175346050033
veh_015,2025-09-04T17:12:52,12.91657021855773,77.43980700159854,6.722364569903815,0.04418019423252434,0.6482193349014225
veh_015,2025-09-04T17:17:52,12.922798311302671,77.46101621579463,6.682994350238845,0.5740561787393649,0.029409602623172826
veh_016,2025-09-04T09:22:52,12.98368194678173,77.57571928937206,8.647212437870014,0.3519253246015797,0.6590970050243741
veh_016,2025-09-04T09:27:52,12.969083865353227,77.57956295373492,8.526153545000554,0.4094260356749253,0.3834496792194131
veh_016,2025-09-04T09:32:52,12.970092495797255,77.59936465605323,8.46803024073429,0.33092562886882226,0.3050648164613915
veh_016,2025-09-04T09:37:52,12.968555222180939,77.59211690600179,8.541931830450638,0.28976221672431746,0.9547733295477041
veh_016,2025-09-04T09:42:52,12.962621705484954,77.59486562923757,8.597982050796453,0.46820546000336394,0.36217367582934046
veh_016,2025-09-04T09:47:52,12.96112636631633,77.58350906987623,8.625448946718778,0.0,0.9004807465059209
veh_016,2025-09-04T09:52:52,12.990375950866467,77.57962768330607,8.69993085125831,0.6947138386867051,0.4281671914067853
veh_016,2025-09-04T09:57:52,12.971266279037375,77.58051583298693,8.652305272853635,0.20903959315671766,0.8455446425540043
veh_016,2025-09-04T10:02:52,12.964419385773963,77.59258713613647,8.630481048935383,0.49230820103504824,0.6928529548962581
veh_016,2025-09-04T10:07:52,12.968207405241847,77.58748181850733,8.528159563957963,0.6319122165243911,0.6228591700219328
veh_016,2025-09-04T10:12:52,12.971924524703908,77.59034520522556,8.559274329260882,0.11047685631141768,0.6228509494305482
veh_016,2025-09-04T10:17:52,12.967306271567667,77.58366493399596,8.457677669758697,0.4960329272454325,0.9327148731652056
veh_016,2025-09-04T10:22:52,12.971362620162184,77.58705598505291,8.468863877675007,0.3375037221803314,0.6139458631384505
veh_016,2025-09-04T10:27:52,12.975527122786602,77.57227202172008,8.43994674643193,0.6437372653889257,0.35999279478012935
veh_016,2025-09-04T10:32:52,12.973812390736473,77.58734342373684,8.367722779374287,0.5736570742985103,0.25943853573088427
veh_016,2025-09-04T10:37:52,12.986485267777155,77.5763981906121,8.355640898516167,0.8176443401398384,0.5102872691763625
veh_016,2025-09-04T10:42:52,12.96310457815802,77.60731910810529,8.30171126034933,0.4805899755351429,0.15002379710981684
veh_016,2025-09-04T10:47:52,12.976869167061205,77.57990533833232,8.292473241823016,0.4295204401136134,0.838882761964288
veh_016,2025-09-04T10:52:52,12.995695184115121,77.57960286619524,8.322319791464171,0.39960414269551836,0.896183667971543
veh_016,2025-09-04T10:57:52,12.969638555344197,77.5663043174925,8.314288734458133,0.377897703704171,0.9449541361107224
veh_016,2025-09-04T11:02:52,12.962225990795048,77.57603130359684,8.269366711120428,0.9327591182035426,0.8639636964847707
veh_016,2025-09-04T11:07:52,12.979815990418155,77.59150439010644,8.262060565549657,0.08695669971785952,0.23224615799246995
veh_016,2025-09-04T11:12:52,12.982790632618855,77.56919683518439,8.281661896102653,0.5343047329461789,0.025977559946560813
veh_016,2025-09-04T11:17:52,12.978908840049352,77.5724660675282,8.232885487151917,0.7144781402301208,0.8400843726481325
veh_016,2025-09-04T11:22:52,12.946691507050842,77.58829032835122,8.181072422748478,0.640140763371576,0.36142179255864537
veh_016,2025-09-04T11:27:52,12.974360616543512,77.59176043368902,8.188762306775288,0.9762287984423441,0.3310221448300942
veh_016,2025-09-04T11:32:52,12.974110842166729,77.5885343914228,8.179241718924786,0.8456656989958009,0.4131805729355945
veh_016,2025-09-04T11:37:52,12.994886703487182,77.6030247504151,8.193345318736151,0.665780354106385,0.9621161064908811
veh_016,2025-09-04T11:42:52,12.96232101798122,77.5686827752266,8.256166264429034,0.5821965418618998,0.3193288663871382
veh_016,2025-09-04T11:47:52,12.974304224999704,77.55794236064874,8.246638148706184,0.27408597824203296,0.08350091542592819
veh_016,2025-09-04T11:52:52,12.984143299754733,77.58756957771368,8.266411081146142,0.05079597538391967,0.4577829402135195
veh_016,2025-09-04T11:57:52,12.980486971426128,77.59425470191007,8.372321571767651,0.0,0.5496136372203109
veh_016,2025-09-04T12:02:52,12.966770325599317,77.58352784725624,8.372991664678553,0.42977537807595634,0.7030555670505292
veh_016,2025-09-04T12:07:52,12.963178849859085,77.57139156069846,8.32178040112365,0.39190172377220395,0.7096274911637859
veh_016,2025-09-04T12:12:52,12.9737072770829,77.58014787342607,8.282454645423696,0.7621298762168587,0.755937416951415
veh_016,2025-09-04T12:17:52,12.984819465611212,77.57985227686034,8.281244901012128,0.3311652785954867,0.12561116946261086
veh_016,2025-09-04T12:22:52,12.981315305032213,77.57768943304968,8.307165499138861,0.2561759116862776,0.44912612353692927
veh_016,2025-09-04T12:27:52,12.968393933697774,77.59031957410467,8.310214326260544,0.9562861200173189,0.9784548304785041
veh_016,2025-09-04T12:32:52,12.959431224237775,77.57564060291263,8.240983778858828,0.08517953167151676,0.5774416424446291
veh_016,2025-09-04T12:37:52,12.974151204036767,77.57700596560534,8.221635648993557,0.3208287007020982,0.462712168594824
veh_016,2025-09-04T12:42:52,12.966837934894462,77.56858143639155,8.261438179867874,0.43527331299565375,0.9902236670893015
veh_016,2025-09-04T12:47:52,12.968930935582952,77.59026261716996,8.315548046397838,0.3435992503393989,0.4521197924273457
veh_016,2025-09-04T12:52:52,12.981606657280203,77.58755169455152,8.245017541362293,0.16146930910858376,0.7257194731003539
veh_016,2025-09-04T12:57:52,12.980146860510681,77.57918450344103,8.236910020313529,0.0,0.6008581214567726
veh_016,2025-09-04T13:02:52,12.969413402845218,77.5750795193709,8.24280182408941,0.6750404379895442,0.7277552788532122
veh_016,2025-09-04T13:07:52,12.973992821670585,77.59295680200336,8.201303185240421,0.0,0.3971394463995984
veh_016,2025-09-04T13:12:52,12.958215774792151,77.58194950704407,8.162280479014989,0.0,0.19537499730596453
veh_016,2025-09-04T13:17:52,12.968817374839839,77.56542658234294,8.207189068540353,0.2814156912382144,0.6087850893877641
veh_016,2025-09-04T13:22:52,12.966859048624112,77.57639379846975,8.224430654014206,0.677965814211233,0.8242590099547736
veh_016,2025-09-04T13:27:52,12.9732955805836,77.58708894258793,8.261712084360378,0.5601707415700549,0.7697921803773246
veh_016,2025-09-04T13:32:52,12.959740042488582,77.58779451694018,8.263820769317435,0.37591524429478773,0.33801483215783223
veh_016,2025-09-04T13:37:52,12.95991465564176,77.59824313852603,8.262707105385712,0.5952554535508695,0.8263581900713568
veh_016,2025-09-04T13:42:52,12.95752226284566,77.58040667638772,8.279444350730351,0.7028676339207782,0.8856501159071357
veh_016,2025-09-04T13:47:52,12.95226759355885,77.56638616192656,8.382045331918516,0.17223920486836536,0.24118331022530115
veh_016,2025-09-04T13:52:52,12.964852124596717,77.57997821627511,8.41330574489851,0.25394166602573787,0.22234518111376567
veh_016,2025-09-04T13:57:52,12.974950275551578,77.58641128383537,8.399925394497554,0.6976160861051273,0.20241543392181405
veh_016,2025-09-04T14:02:52,12.97288013259466,77.59909990327988,8.369345604078598,0.729228811805513,0.5396460514013469
veh_016,2025-09-04T14:07:52,12.96350717124407,77.58394087241875,8.369713900971117,0.2440423471169465,0.5395003433218426
veh_016,2025-09-04T14:12:52,12.975655887431978,77.58107690589931,8.366285027518183,0.4729969223229142,0.03393953228922031
veh_016,2025-09-04T14:17:52,12.975591332921043,77.57536363324874,8.499125502091683,0.0772000263604053,0.8016748038158823
veh_016,2025-09-04T14:22:52,12.969135570925124,77.60220770951562,8.433118769592808,0.627776689395833,0.903921932411386
veh_016,2025-09-04T14:27:52,12.97752901501764,77.5941662069985,8.493910237580161,0.3647129520439648,0.021976678941019512
veh_016,2025-09-04T14:32:52,12.955551971649372,77.5827937054576,8.454210766188565,0.4440852722118451,0.3706216202104349
veh_016,2025-09-04T14:37:52,12.978241714838084,77.56483708841662,8.461624996528144,0.1320483220932352,0.428634650006233
veh_016,2025-09-04T14:42:52,12.985740312996345,77.58768195483152,8.519085153411671,0.9679181397503871,0.06292070589938081
veh_016,2025-09-04T14:47:52,12.989182708595303,77.56714771881059,8.556390170138917,0.3519986856200086,0.3105803825773188
veh_016,2025-09-04T14:52:52,12.980337690643937,77.59125229062407,8.602153589471245,0.5644579666684376,0.13755411757457114
veh_016,2025-09-04T14:57:52,12.979461657827892,77.58484041612755,8.629221381450543,0.5611998383332143,0.23086066128452598
veh_016,2025-09-04T15:02:52,12.957920913905388,77.58049004062151,8.560029056758264,0.5830106052814654,0.11022520484582521
veh_016,2025-09-04T15:07:52,12.969452144151424,77.58307529567536,8.597853392504346,0.0,0.059140322005826196
veh_016,2025-09-04T15:12:52,12.977838148563622,77.55283282811581,8.549012967850597,0.8302573920143868,0.16772629096156422
veh_016,2025-09-04T15:17:52,12.977936174244594,77.59062475177181,8.55976817957167,0.6666184722326943,0.39465718961289675
veh_016,2025-09-04T15:22:52,12.975351118800114,77.57547907150823,8.622942346780786,0.9564678228506605,0.20049415243615587
veh_016,2025-09-04T15:27:52,12.970111904354114,77.57226503497873,8.686791029818293,0.6631721607774238,0.8275095098070258
veh_016,2025-09-04T15:32:52,12.967856671121442,77.58605941349875,8.632527126835196,0.6902187068237096,0.19460840080375363
veh_016,2025-09-04T15:37:52,12.990503447409973,77.58888801591348,8.56342604935414,0.5591990392838064,0.9747794280576525
veh_016,2025-09-04T15:42:52,12.96550687606647,77.58121095964327,8.63410226694419,0.6851401766220756,0.7475337241438402
veh_016,2025-09-04T15:47:52,12.966864298138608,77.57190521751497,8.695308538735949,0.14123641151853922,0.3933439924003156
veh_016,2025-09-04T15:52:52,12.973536526522297,77.59216267010623,8.726021937137212,0.6371194742530588,0.9149390117705525
veh_016,2025-09-04T15:57:52,12.986343032161713,77.62206101579966,8.760586042083357,0.529901662264051,0.688149331475618
veh_016,2025-09-04T16:02:52,12.967818177477723,77.5796656730329,8.733856030070001,0.4951766496419455,0.34449621874560377
veh_016,2025-09-04T16:07:52,12.986664661144586,77.5802144482077,8.673442032836707,0.901210292870724,0.7523485232983854
veh_016,2025-09-04T16:12:52,12.95692798771487,77.58892707655731,8.72472636704838,0.0,0.9703361913794945
veh_016,2025-09-04T16:17:52,12.973088451857816,77.58914788448547,8.698939037817171,0.2503574294078191,0.20472194254104326
veh_016,2025-09-04T16:22:52,12.969509768237751,77.58722332187787,8.643363255068442,0.09430009422908048,0.428597533555637
veh_016,2025-09-04T16:27:52,12.976718191074065,77.59102733270474,8.61673360502237,0.2614684092560765,0.8669338348522723
veh_016,2025-09-04T16:32:52,12.958963404330948,77.59431738246418,8.68275884039649,0.7580268542798225,0.4756521067515199
veh_016,2025-09-04T16:37:52,12.96602775360364,77.57970221764239,8.61800685655492,0.211491800373921,0.21270480546445758
veh_016,2025-09-04T16:42:52,12.980686483113136,77.57130702710703,8.651812953319924,0.6362909917219418,0.7335215877759967
veh_016,2025-09-04T16:47:52,12.979884356389569,77.59238858590973,8.675666832866435,0.7939787329091563,0.8319822742026011
veh_016,2025-09-04T16:52:52,12.972975547399784,77.58141294769011,8.663479335519671,0.6331659890950176,0.050748570824986294
veh_016,2025-09-04T16:57:52,12.978115562741605,77.58003333656016,8.626692831527414,0.8291558222468702,0.5254586519495033
veh_016,2025-09-04T17:02:52,12.9640068533869,77.57986589995589,8.539527847642047,0.5106111843042329,0.17179569341333545
veh_016,2025-09-04T17:07:52,12.96844832246734,77.59764877727042,8.48172014166494,0.7119178855047006,0.9813973328321114
veh_016,2025-09-04T17:12:52,12.98496567100806,77.5814873875514,8.425016709693773,0.09138134702466338,0.42193335535293863
veh_016,2025-09-04T17:17:52,12.967322984631755,77.5746073062828,8.408701036920212,0.46932587213429394,0.5764480197202222
veh_017,2025-09-04T09:22:52,12.829820768452462,77.50239702879189,16.474824210733203,0.015923056412172676,0.31263535419477406
veh_017,2025-09-04T09:27:52,12.837232257614135,77.4827815114353,16.414154377012743,1.0274164085940387,0.4293815199205463
veh_017,2025-09-04T09:32:52,12.838383342450854,77.48603329700839,16.444194904464233,1.012057377250199,0.7014011293817086
veh_017,2025-09-04T09:37:52,12.82618897811626,77.49509271446904,16.412639931962026,0.5490674034185804,0.982644752336658
veh_017,2025-09-04T09:42:52,12.821442808113328,77.48454665842212,16.43104426739107,0.0,0.8342988867126859
veh_017,2025-09-04T09:47:52,12.823581330620712,77.49682967187447,16.413446045949843,0.1629133191350043,0.8801549474858433
veh_017,2025-09-04T09:52:52,12.822613270375909,77.49672224313208,16.4134725563265,0.45449701307201384,0.2943807192230211
veh_017,2025-09-04T09:57:52,12.821726145994692,77.47114125516447,16.433890135298583,0.1700987875973573,0.333913553780803
veh_017,2025-09-04T10:02:52,12.840143180698904,77.48928343281759,16.37119865817594,0.3142591871175991,0.9666942441029371
veh_017,2025-09-04T10:07:52,12.8495388133671,77.49309289599346,16.350156415875674,0.6728584068030478,0.9640899746596657
veh_017,2025-09-04T10:12:52,12.825049158874801,77.48508142437717,16.372767953332968,0.4707622623459668,0.6452815277610775
veh_017,2025-09-04T10:17:52,12.832558984986226,77.48239701769752,16.357960673723422,0.37212053819666474,0.9375324448125381
veh_017,2025-09-04T10:22:52,12.83588377627869,77.48601638339095,16.29903082122337,0.20032164465704372,0.4127548510363862
veh_017,2025-09-04T10:27:52,12.846492353393405,77.48555694633333,16.278447400599518,0.5673021366328327,0.11041545828252197
veh_017,2025-09-04T10:32:52,12.822341503699203,77.47266457749262,16.343894558426342,0.5559782433524085,0.9740972249462029
veh_017,2025-09-04T10:37:52,12.830107665725766,77.47876242939712,16.409478057267183,0.43932797316588224,0.6557254727331311
veh_017,2025-09-04T10:42:52,12.837512884953208,77.4766251256801,16.41916353057394,0.582330670818263,0.843685564201953
veh_017,2025-09-04T10:47:52,12.834302585274472,77.48357517106832,16.42566184517974,0.51068891404717,0.5224786490871944
veh_017,2025-09-04T10:52:52,12.845149052643457,77.4722377175969,16.408554228404718,0.6999855886888509,0.02555976663542936
veh_017,2025-09-04T10:57:52,12.836369675920116,77.51156856387449,16.439261004610554,0.8392813388765075,0.28031054303513314
veh_017,2025-09-04T11:02:52,12.821846496647723,77.48088961742542,16.474859013177724,0.6220483564487527,0.5506517276604026
veh_017,2025-09-04T11:07:52,12.829632176518723,77.48029476552962,16.46586615096306,0.7173426350495639,0.799234743298472
veh_017,2025-09-04T11:12:52,12.821713203889983,77.49165621731207,16.433330089425247,0.640676495552316,0.8876105274548042
veh_017,2025-09-04T11:17:52,12.847433505879085,77.47985204542795,16.442260681469985,0.6819779472678282,0.5566619073622462
veh_017,2025-09-04T11:22:52,12.831047049832426,77.48136694287152,16.416570007299686,0.36808309955502816,0.5987384356281452
veh_017,2025-09-04T11:27:52,12.825790113039092,77.48969687054446,16.432299757401243,0.08090596526744726,0.9463154273679505
veh_017,2025-09-04T11:32:52,12.817640488289118,77.4903137099994,16.4069401752447,0.5025101759769357,0.960023257950074
veh_017,2025-09-04T11:37:52,12.832999443622743,77.49330229589746,16.366591903843567,0.31784987415679666,0.5504856032783381
veh_017,2025-09-04T11:42:52,12.836571803623166,77.45969099873366,16.467362222032705,0.6585660450644995,0.4154091811485263
veh_017,2025-09-04T11:47:52,12.830340215920074,77.46547925663224,16.501098325095217,0.3304435915307341,0.748811801884228
veh_017,2025-09-04T11:52:52,12.829412661524554,77.48184478101513,16.513000294051036,0.2675010855772266,0.9322794475530867
veh_017,2025-09-04T11:57:52,12.819891829992118,77.50648848597115,16.624897725800388,0.9898098756399532,0.11218766606013275
veh_017,2025-09-04T12:02:52,12.830930136804358,77.49569825877522,16.620088900886582,0.03394473732640796,0.9741788715987626
veh_017,2025-09-04T12:07:52,12.843063865015921,77.48371940064119,16.558829688020026,0.3241397970263079,0.7435915074123066
veh_017,2025-09-04T12:12:52,12.841226428912876,77.46799970204911,16.57317123152736,0.24689199566609354,0.7101913948011042
veh_017,2025-09-04T12:17:52,12.834159171319481,77.48069479786463,16.61508068679863,0.11971841938138794,0.2999664324968345
veh_017,2025-09-04T12:22:52,12.807899198301786,77.46218932489447,16.704990307297557,1.1250794732299008,0.4155024624318001
veh_017,2025-09-04T12:27:52,12.82353733272763,77.48104830246285,16.748669017421875,0.34568329405338616,0.794038904643829
veh_017,2025-09-04T12:32:52,12.831648059881882,77.47834466501692,16.72235938012228,0.5879962615056524,0.9508118432576832
veh_017,2025-09-04T12:37:52,12.83629291384293,77.47931700212126,16.728727745354693,0.9151887698505676,0.15681490232443673
veh_017,2025-09-04T12:42:52,12.840973663788615,77.46611246315891,16.705209594672663,0.5083065863228219,0.8484213546686984
veh_017,2025-09-04T12:47:52,12.812176099554096,77.48307069309882,16.778044037218475,0.26449387841993843,0.6374027104961889
veh_017,2025-09-04T12:52:52,12.83509301023725,77.48587787725498,16.856332560991195,0.6345421430219695,0.07698777253300892
veh_017,2025-09-04T12:57:52,12.828175536813596,77.47662753760525,16.845046401340213,0.1522690719897195,0.4104970626209884
veh_017,2025-09-04T13:02:52,12.827916839259142,77.47731490271798,16.869979321821262,0.15688526660771346,0.6621924891280758
veh_017,2025-09-04T13:07:52,12.826992246501781,77.4956237561587,16.850342442909785,0.6895728999673773,0.15451490023428727
veh_017,2025-09-04T13:12:52,12.83921463912384,77.48513226063923,16.767172572292623,0.8026380617726396,0.6338468673535771
veh_017,2025-09-04T13:17:52,12.839670781160244,77.49093525648644,16.728507748242055,0.22556137844741092,0.9360964673305497
veh_017,2025-09-04T13:22:52,12.82874313009259,77.49339708451242,16.719597701098905,0.8070229332344865,0.04928774638572142
veh_017,2025-09-04T13:27:52,12.834655370323837,77.48029267973035,16.73121908180198,0.8578558144858128,0.5086593435227916
veh_017,2025-09-04T13:32:52,12.837087364823534,77.48449639248025,16.737449283939252,1.0170232270814896,0.4787484146820543
veh_017,2025-09-04T13:37:52,12.832569658538652,77.48617733259711,16.702355758761705,0.44810853612051404,0.2845835832716228
veh_017,2025-09-04T13:42:52,12.840281756282387,77.49152500068686,16.64689280596648,0.7930948192035894,0.3793859209327626
veh_017,2025-09-04T13:47:52,12.82190570682992,77.49739663909207,16.720056755803377,0.5791240947021981,0.3223220583285886
veh_017,2025-09-04T13:52:52,12.83945011247414,77.49799051324588,16.756460182074964,0.10169351676842936,0.2079720698064753
veh_017,2025-09-04T13:57:52,12.842432189281496,77.47893754966502,16.704978928457095,0.6514440291212251,0.2725548730973607
veh_017,2025-09-04T14:02:52,12.835075573926686,77.49146686013053,16.676656834057255,0.16516760219469878,0.6565506519961256
veh_017,2025-09-04T14:07:52,12.826441741833925,77.48549374957507,16.609490512209142,0.42434518265760873,0.06698831428882501
veh_017,2025-09-04T14:12:52,12.837834945463163,77.47614921200902,16.55107729374324,0.5047291069255376,0.7289720060005754
veh_017,2025-09-04T14:17:52,12.835827371788621,77.47891119327414,16.56596851586757,0.9507066413827985,0.13577068228917677
veh_017,2025-09-04T14:22:52,12.81544414102851,77.48606479509876,16.668166364428203,0.11378275606532134,0.12743076093853856
veh_017,2025-09-04T14:27:52,12.829512266056375,77.4849916213105,16.677878972085892,0.8419915958188773,0.50599113381086
veh_017,2025-09-04T14:32:52,12.844548215958815,77.48285623512989,16.66037213338716,0.2992451050884183,0.48970588496486445
veh_017,2025-09-04T14:37:52,12.834533434505953,77.50457279460247,16.683283907251454,0.7060242062485038,0.2763078206741436
veh_017,2025-09-04T14:42:52,12.829332286473958,77.49387920660108,16.783718589265945,0.946384380739046,0.4200297391831519
veh_017,2025-09-04T14:47:52,12.8321271261806,77.48612998086043,16.74604322329453,0.0655497436092029,0.7188020785373228
veh_017,2025-09-04T14:52:52,12.832273620731915,77.48111286910348,16.672571138058547,0.4888029862850792,0.02674787298184511
veh_017,2025-09-04T14:57:52,12.820047131833855,77.48033100161155,16.65652348802273,0.31500885802266,0.8026458379953977
veh_017,2025-09-04T15:02:52,12.812746604765762,77.46417480181064,16.656687777245185,0.5288381568176918,0.9253628762534661
veh_017,2025-09-04T15:07:52,12.826385885303905,77.47485355366683,16.65632197061044,0.3675265593956012,0.2233538970142701
veh_017,2025-09-04T15:12:52,12.828533347887443,77.48350094020059,16.780092877590334,0.4415719319807939,0.27402097454185215
veh_017,2025-09-04T15:17:52,12.838238714720559,77.49134680815493,16.794567240860896,0.5581522383231529,0.008504730510610736
veh_017,2025-09-04T15:22:52,12.826015681364357,77.48728797974614,16.895999532732127,0.8632045726890671,0.4014826777231747
veh_017,2025-09-04T15:27:52,12.840333918367755,77.47534103263044,16.882973925022142,0.7843549532552165,0.7226943202595297
veh_017,2025-09-04T15:32:52,12.82406695866574,77.47919690862352,16.992042714716067,0.5288783749306918,0.23803135959394628
veh_017,2025-09-04T15:37:52,12.833844193559454,77.486494594541,16.976768170333074,0.7827665424530685,0.5955393109266095
veh_017,2025-09-04T15:42:52,12.821425598085286,77.48050828619554,17.022522096551786,0.46113540866470165,0.4214627418534077
veh_017,2025-09-04T15:47:52,12.841871041925389,77.49506732376487,17.000039992018177,0.5637099583963837,0.10290297422363592
veh_017,2025-09-04T15:52:52,12.822820811281908,77.48527444403909,17.00161033139717,0.20993717248080968,0.17961760169515328
veh_017,2025-09-04T15:57:52,12.82112517668714,77.48858339028689,16.903228371562577,0.1965268311319412,0.5959617908338206
veh_017,2025-09-04T16:02:52,12.835965826425275,77.4660054562172,16.904814831489354,0.991857204724227,0.23111294422685436
veh_017,2025-09-04T16:07:52,12.813716544694907,77.48701688773406,16.85536626667033,0.14205918928692257,0.8853708982474505
veh_017,2025-09-04T16:12:52,12.844058531956026,77.49002938045996,16.819609220246186,0.7115101992230007,0.5926283244920116
veh_017,2025-09-04T16:17:52,12.824246162402362,77.47579387627074,16.823525254833132,0.4391516109020001,0.177671761987946
veh_017,2025-09-04T16:22:52,12.830028425085635,77.48425686412764,16.850531803181045,0.5447993078307148,0.5498364621776702
veh_017,2025-09-04T16:27:52,12.835793103184743,77.49229402715427,16.822730508644913,0.48217918079819727,0.8230168828733218
veh_017,2025-09-04T16:32:52,12.820748013614022,77.50207981368031,16.755772759907934,0.396390616638579,0.3132387305034393
veh_017,2025-09-04T16:37:52,12.853654890355388,77.47899929142928,16.73073070208151,0.38877537801802425,0.3841900099203077
veh_017,2025-09-04T16:42:52,12.82849120259765,77.48270392367152,16.55427020443032,0.5171479508005482,0.8758453206592819
veh_017,2025-09-04T16:47:52,12.842161308360819,77.49712340120054,16.54488480136073,0.7448687245021866,0.06419148203362157
veh_017,2025-09-04T16:52:52,12.839449043813657,77.4783080337264,16.485649927954228,0.44432339653878483,0.08160943150238686
veh_017,2025-09-04T16:57:52,12.833585675754003,77.49899767319454,16.44821329226344,0.814355331364397,0.1790475491477329
veh_017,2025-09-04T17:02:52,12.834028907101587,77.48619962000434,16.481287878959648,0.5752221859733982,0.5968937014738136
veh_017,2025-09-04T17:07:52,12.840578689907622,77.501349357661,16.452097707846843,0.0,0.3909598079682246
veh_017,2025-09-04T17:12:52,12.828463816446174,77.4827217631582,16.479906595633395,0.36308227105232044,0.18423537854203076
veh_017,2025-09-04T17:17:52,12.83077442521733,77.4987303310976,16.481410075839072,0.12929792575551197,0.21392185230754723
veh_018,2025-09-04T09:22:52,12.793412559840244,77.35061463533627,9.730023767132497,0.5880977873455127,0.403520142303317
veh_018,2025-09-04T09:27:52,12.793081393790594,77.34981715034698,9.599734337756136,0.4278503124552817,0.022658340955841738
veh_018,2025-09-04T09:32:52,12.782952634020512,77.34413167770018,9.63726933684004,0.5242775699756487,0.7219041809779858
veh_018,2025-09-04T09:37:52,12.798327062453714,77.34258400977787,9.627367028303802,0.0,0.04777955047492133
veh_018,2025-09-04T09:42:52,12.773524511003798,77.34598194672759,9.635010563859801,0.7087567268080333,0.7063878798115087
veh_018,2025-09-04T09:47:52,12.786794505634184,77.36657381442681,9.646633136120796,0.10693508188501016,0.2388909502344665
veh_018,2025-09-04T09:52:52,12.783329732927825,77.34969092281912,9.599270641109332,0.4106072351571812,0.9014703997921601
veh_018,2025-09-04T09:57:52,12.782575991854348,77.35188380512437,9.631336710532599,0.8499701405311877,0.4068204534500507
veh_018,2025-09-04T10:02:52,12.799082475607381,77.33012968044781,9.561917495483106,0.13585949417263604,0.5007210723746816
veh_018,2025-09-04T10:07:52,12.799080981096681,77.33774823050119,9.538082825234884,0.4351946134071987,0.5353472984174117
veh_018,2025-09-04T10:12:52,12.782280946897357,77.33843548172841,9.470813062067,0.3284836666468637,0.7472278470328477
veh_018,2025-09-04T10:17:52,12.787966460015687,77.3363711062051,9.532620260703446,0.3244359493819438,0.7487314777103389
veh_018,2025-09-04T10:22:52,12.801093269709904,77.34432976757132,9.457692784334862,1.1868501846037265,0.2812536141915789
veh_018,2025-09-04T10:27:52,12.783818329683697,77.35333093045533,9.492807923685929,0.8932815049659322,0.21783287868391665
veh_018,2025-09-04T10:32:52,12.790241934058647,77.33191094900513,9.52612464347299,0.4931163891118438,0.06895278424584206
veh_018,2025-09-04T10:37:52,12.785593702692498,77.3412597631017,9.482713084772254,0.73712906440527,0.7232883358152038
veh_018,2025-09-04T10:42:52,12.781490516341801,77.3493050563573,9.504322266005266,0.5024293434046576,0.32965147226968106
veh_018,2025-09-04T10:47:52,12.774041226419797,77.33595983179606,9.39737202982667,0.9224092189716845,0.6505450568559148
veh_018,2025-09-04T10:52:52,12.786757589446912,77.3218672931149,9.30617848707565,0.4992975835439125,0.7063488907348443
veh_018,2025-09-04T10:57:52,12.780070757972172,77.35240763145171,9.282183366691902,0.51657177778666,0.3193660235072032
veh_018,2025-09-04T11:02:52,12.783597683629237,77.33686860222706,9.353086894398139,0.5136673463340786,0.8274371637879605
veh_018,2025-09-04T11:07:52,12.780204710997056,77.35783639339719,9.36676825812487,0.6304362878643976,0.9188622453231189
veh_018,2025-09-04T11:12:52,12.782002450110937,77.34375282320264,9.344638746225401,0.7878638187934357,0.6386903813864535
veh_018,2025-09-04T11:17:52,12.772092127652964,77.32697541395768,9.25830283860938,0.6853912272661824,0.9767617378164721
veh_018,2025-09-04T11:22:52,12.790058057689288,77.34513539648249,9.25506740886389,0.6315215610147108,0.14133809293365796
veh_018,2025-09-04T11:27:52,12.759959902503093,77.3405333988991,9.276322565567062,0.9920848432264995,0.46408963769051415
veh_018,2025-09-04T11:32:52,12.77342569479505,77.34027239831445,9.198016824881663,0.9559655225330248,0.4889640742999828
veh_018,2025-09-04T11:37:52,12.790563078799535,77.34543059992018,9.267048379899137,0.8633975584280417,0.5478082371108176
veh_018,2025-09-04T11:42:52,12.791623998528726,77.34027736831244,9.305404621500015,0.7448125715765344,0.88973098785485
veh_018,2025-09-04T11:47:52,12.78354471074256,77.35510278400317,9.388610426938495,0.2751812657255701,0.3919255072461312
veh_018,2025-09-04T11:52:52,12.79056653069545,77.34863564128507,9.362492108976431,1.0650561891032133,0.908619369754639
veh_018,2025-09-04T11:57:52,12.79237103401561,77.3613584921227,9.340039027714202,0.4734704370673166,0.8269822038779814
veh_018,2025-09-04T12:02:52,12.785333695208367,77.32888037606823,9.37743149542386,0.6259990250209977,0.3982735831433897
veh_018,2025-09-04T12:07:52,12.786052962852724,77.35138431545947,9.320641691079365,0.561250360235757,0.5606707689186775
veh_018,2025-09-04T12:12:52,12.76923445915683,77.3506190313646,9.236938567916287,0.46472165484454026,0.3648362904106063
veh_018,2025-09-04T12:17:52,12.801369665723803,77.33219844076606,9.154429073318017,0.5400056424788947,0.40868165089961017
veh_018,2025-09-04T12:22:52,12.772011147644264,77.34902780329914,9.054854120195532,0.18912770822506253,0.9196400726262897
veh_018,2025-09-04T12:27:52,12.795079423852455,77.35672433497771,9.10999323256191,0.45401786286133017,0.9949227306534987
veh_018,2025-09-04T12:32:52,12.790965730143089,77.35847538869983,9.171682752952588,0.6388847029231159,0.47816945763584906
veh_018,2025-09-04T12:37:52,12.781804129894619,77.36310779529504,9.10084627621938,0.15564763155488426,0.5961736506619755
veh_018,2025-09-04T12:42:52,12.782745607482848,77.33195210008553,9.17724483515553,0.638316793443542,0.6639572451074426
veh_018,2025-09-04T12:47:52,12.775599451571908,77.36424371694618,9.176022244218201,0.9191984187408482,0.6881478015409555
veh_018,2025-09-04T12:52:52,12.78184818431427,77.33864024015769,9.248337989114896,0.9387551997859933,0.11741688820841312
veh_018,2025-09-04T12:57:52,12.792555002540725,77.34255750326035,9.19667183096797,0.5785238284151593,0.8199702656357306
veh_018,2025-09-04T13:02:52,12.782392646384443,77.33578491397988,9.17168226776017,0.4785564519014027,0.22262336382418957
veh_018,2025-09-04T13:07:52,12.802788990219636,77.34870248364152,9.261410419179272,0.45197600927659415,0.556639172881788
veh_018,2025-09-04T13:12:52,12.804641356075834,77.33798905390884,9.252495818079817,0.7160142231491944,0.7166430317458448
veh_018,2025-09-04T13:17:52,12.79417014677884,77.34960312196922,9.315962083981708,0.7670133509030423,0.8111746910291375
veh_018,2025-09-04T13:22:52,12.785952980925819,77.3351429481205,9.421461354685876,0.04199131534340994,0.47452559480254686
veh_018,2025-09-04T13:27:52,12.79270848033599,77.36001951178936,9.430938896981583,0.7997911099106618,0.6186015773554236
veh_018,2025-09-04T13:32:52,12.782061750309092,77.32503017323614,9.469959444893016,0.03583060202329569,0.3487399483527315
veh_018,2025-09-04T13:37:52,12.792197451980517,77.35438789482775,9.462011039481554,0.6710517512325529,0.28180391234213553
veh_018,2025-09-04T13:42:52,12.784902931336479,77.33282259647872,9.490255609825786,0.6839287072325247,0.5873071786764368
veh_018,2025-09-04T13:47:52,12.790177864171692,77.3320846521728,9.524772617894245,0.4995856759314976,0.31566797237617406
veh_018,2025-09-04T13:52:52,12.784110841558967,77.33686707952369,9.569214806836966,0.07456557992599389,0.6758390120352517
veh_018,2025-09-04T13:57:52,12.783769471084186,77.35990715978997,9.621928834291609,0.007747759025832357,0.36775310059477406
veh_018,2025-09-04T14:02:52,12.800551402100739,77.33202956804736,9.495855920761786,0.4783335132958273,0.9723515329399873
veh_018,2025-09-04T14:07:52,12.802969819628904,77.33506137866397,9.583454875994933,0.0,0.23015289527594018
veh_018,2025-09-04T14:12:52,12.782885093238745,77.35529302155682,9.648369999291923,0.7862670966300186,0.5783084519186734
veh_018,2025-09-04T14:17:52,12.795683390248891,77.34886007099351,9.564808280027943,0.0,0.30311635339669996
veh_018,2025-09-04T14:22:52,12.78525620692111,77.33091783038303,9.554399683592505,0.6092123243339608,0.9026081094988033
veh_018,2025-09-04T14:27:52,12.771537338399641,77.36262522034322,9.6046105820419,0.39938676449795985,0.036189577620575064
veh_018,2025-09-04T14:32:52,12.790652073878034,77.33247343735017,9.620744403868748,0.10078026894177033,0.7536332808033611
veh_018,2025-09-04T14:37:52,12.775371484932334,77.33258881148431,9.70303053454966,0.5177677682853662,0.6590916729709847
veh_018,2025-09-04T14:42:52,12.76694340132009,77.33779963372237,9.726091140484877,0.5582408797842515,0.4866763464421453
veh_018,2025-09-04T14:47:52,12.789128579097474,77.34743523934308,9.790279240394812,0.3034306643184972,0.4990281417823884
veh_018,2025-09-04T14:52:52,12.777089492412852,77.3327990009189,9.82711468428381,0.0,0.02919660509258093
veh_018,2025-09-04T14:57:52,12.801315154666675,77.34384177593591,9.871930525092631,0.007460499934673681,0.7451374186753852
veh_018,2025-09-04T15:02:52,12.801429624509355,77.34478180496515,9.87709424320309,0.16455415156790104,0.0063619723338859124
veh_018,2025-09-04T15:07:52,12.775597824247502,77.35563835579664,10.013485778696499,0.6451823160995989,0.16218377829604358
veh_018,2025-09-04T15:12:52,12.761720616625956,77.32692501016216,10.091228870247855,0.19124244701867804,0.049049187074451384
veh_018,2025-09-04T15:17:52,12.793610459676694,77.3585925493012,10.081249524189664,0.3785999391001896,0.390313670566551
veh_018,2025-09-04T15:22:52,12.78078082176451,77.33803145927465,10.101843530066358,0.5555874553503459,0.11596290016683253
veh_018,2025-09-04T15:27:52,12.791445688097257,77.35528110678852,10.048279271230202,0.6575471870090813,0.9610204085844203
veh_018,2025-09-04T15:32:52,12.791011732563868,77.35065479728873,10.050772713430275,1.2221977164424378,0.5938062065254482
veh_018,2025-09-04T15:37:52,12.798829653259194,77.35141251323128,10.138940754316778,0.06890921075923523,0.24168113298478922
veh_018,2025-09-04T15:42:52,12.777144756810907,77.33812626011691,10.167010376519862,0.8699660496532171,0.20933121889702866
veh_018,2025-09-04T15:47:52,12.781931751154126,77.3447449720326,10.157692076285077,0.7562096183705562,0.9848229439006858
veh_018,2025-09-04T15:52:52,12.791250407016161,77.33641768692596,10.092866659753128,0.4024238259243183,0.7144532360072374
veh_018,2025-09-04T15:57:52,12.791732697850657,77.34828986766543,10.06970824952688,1.095486504135135,0.06438513757901276
veh_018,2025-09-04T16:02:52,12.785862889251922,77.35016127796648,10.114310994215371,0.8832729564629598,0.045005387398110996
veh_018,2025-09-04T16:07:52,12.797566326938783,77.3371185695873,10.16021509223289,0.7714187450469199,0.9497451427295122
veh_018,2025-09-04T16:12:52,12.770372840008617,77.33469782015158,10.201372140701256,0.0,0.10231292508304923
veh_018,2025-09-04T16:17:52,12.797655244180216,77.33800589883208,10.17986264069566,0.17775879582802884,0.40524067681663045
veh_018,2025-09-04T16:22:52,12.782131514911285,77.33694123856293,10.142978731806435,0.418698564533482,0.3923084907075046
veh_018,2025-09-04T16:27:52,12.805798518929514,77.33982779987642,10.160186242616028,0.32693511005710957,0.7880574623804607
veh_018,2025-09-04T16:32:52,12.770013494553577,77.32805598882948,10.099836328633378,0.5551090504280213,0.465397660104255
veh_018,2025-09-04T16:37:52,12.769190554661948,77.3382788832941,10.031491793165861,0.42071687175993505,0.22682343836883356
veh_018,2025-09-04T16:42:52,12.782588375914823,77.34329448158559,10.104253212985476,0.6373702791523728,0.9412325567607434
veh_018,2025-09-04T16:47:52,12.78864635278926,77.33549416119357,10.125277313622277,0.6546020462218278,0.7403609087054239
veh_018,2025-09-04T16:52:52,12.78880869410476,77.34259391872763,10.152511183480883,0.74940411530574,0.5301396017304439
veh_018,2025-09-04T16:57:52,12.784025266397105,77.35310295151622,10.10885804466537,0.10384340198915021,0.6238646423554166
veh_018,2025-09-04T17:02:52,12.79119386745588,77.3430682417902,10.067780722690697,0.6193263428226052,0.8282757592765515
veh_018,2025-09-04T17:07:52,12.780585414421909,77.34847235036622,10.016288915373249,0.6227770245838586,0.0538254024416116
veh_018,2025-09-04T17:12:52,12.786729116833103,77.34972123137175,10.063928766529015,0.5277477233961821,0.5770474786439196
veh_018,2025-09-04T17:17:52,12.782476811307106,77.35013920493846,10.012866087354885,0.4465800210079383,0.7766940733566847
veh_019,2025-09-04T09:22:52,12.80427917323466,77.32444687901368,12.050367612160338,0.6106778482778649,0.6057797124538936
veh_019,2025-09-04T09:27:52,12.805030857542686,77.31063886299204,12.0031927936728,0.5242934238049968,0.5127636307303778
veh_019,2025-09-04T09:32:52,12.800029822186621,77.31300421847762,11.949060207466664,0.6268064873926555,0.7650499755829533
veh_019,2025-09-04T09:37:52,12.80107996832968,77.31591550122951,12.03302268185397,0.31268636462798116,0.968678201116461
veh_019,2025-09-04T09:42:52,12.791731502382845,77.32589507050835,12.094691059357997,0.41208463897943526,0.3355576973748593
veh_019,2025-09-04T09:47:52,12.803762105942523,77.3060328403674,12.075983229638537,0.8398286918319955,0.9279834000554296
veh_019,2025-09-04T09:52:52,12.78849134306127,77.31341299165689,12.086159378777362,0.34771862327731734,0.23972203122544422
veh_019,2025-09-04T09:57:52,12.801408384509116,77.31418744286977,12.145701930990267,0.39043593954834954,0.21117692001284516
veh_019,2025-09-04T10:02:52,12.782394423119232,77.31026902431634,12.198155451909129,0.9710593161769013,0.7842423529390328
veh_019,2025-09-04T10:07:52,12.790173530712876,77.3204800290825,12.167003757163243,0.4194266246733818,0.463921644643847
veh_019,2025-09-04T10:12:52,12.793630725258923,77.29515130726344,12.10194953538295,0.5029866757160842,0.7019287886531655
veh_019,2025-09-04T10:17:52,12.79610014290209,77.30088459961635,12.18394648572623,1.1495427784297019,0.9619152563650188
veh_019,2025-09-04T10:22:52,12.788271443166717,77.30422359375537,12.196784419728125,0.21187888040094432,0.5277281761259972
veh_019,2025-09-04T10:27:52,12.817106440354621,77.31013867930153,12.182482546616269,0.21724121983169092,0.20327922268890675
veh_019,2025-09-04T10:32:52,12.766439080049823,77.31037759156348,12.180188241909496,0.3016768010447257,0.6886670834493552
veh_019,2025-09-04T10:37:52,12.811092019914767,77.30068516965,12.284862574598037,0.07302235269394536,0.45451706872499953
veh_019,2025-09-04T10:42:52,12.80057002406042,77.30976855380766,12.264394228114245,0.48994616280190584,0.5177470129619597
veh_019,2025-09-04T10:47:52,12.789870203561348,77.31246616520201,12.225860586967865,0.13548514187783817,0.2988033614579789
veh_019,2025-09-04T10:52:52,12.787572000748108,77.3106040156513,12.247484332241287,0.5362131062533887,0.24739087891180367
veh_019,2025-09-04T10:57:52,12.776967216937864,77.31949897444093,12.247805344167505,0.7447011027115901,0.66737058001214
veh_019,2025-09-04T11:02:52,12.797421829573711,77.31653207762736,12.21060188352158,0.6841039938063362,0.5867942589737524
veh_019,2025-09-04T11:07:52,12.806840011461556,77.31457383033643,12.186248781630026,0.43024004016598216,0.15725745893702214
veh_019,2025-09-04T11:12:52,12.812044784679868,77.34714050141127,12.247242322837545,0.3304022642330732,0.5561865835747865
veh_019,2025-09-04T11:17:52,12.805805038735638,77.30555395755432,12.184202357976512,0.4810157213249634,0.08241479070634683
veh_019,2025-09-04T11:22:52,12.782953664399049,77.30759658610225,12.212834943426031,0.512517083981174,0.32149575223155935
veh_019,2025-09-04T11:27:52,12.7849580725343,77.33832721411329,12.135935321247553,0.0,0.6384099510316661
veh_019,2025-09-04T11:32:52,12.787727157792602,77.31441800813835,12.13224897729982,0.4412677363677706,0.956402645477436
veh_019,2025-09-04T11:37:52,12.80339830860086,77.31163219363113,12.18743222083756,0.445888324241508,0.5903838503691392
veh_019,2025-09-04T11:42:52,12.782194641556629,77.3130844704643,12.123971992269428,0.09501144379856663,0.9769523743930777
veh_019,2025-09-04T11:47:52,12.781295046463429,77.32892749856212,12.131957811489205,0.48684721069251163,0.2067039995960298
veh_019,2025-09-04T11:52:52,12.806715470038492,77.31477651544282,12.097652979352164,0.5599474089954767,0.7230605970747089
veh_019,2025-09-04T11:57:52,12.782718475759571,77.30360370392579,12.115129342732649,0.4990225034581605,0.8073889890261388
veh_019,2025-09-04T12:02:52,12.789871848553377,77.32055224318361,12.109435815112885,0.21708644157772145,0.3051529308585933
veh_019,2025-09-04T12:07:52,12.79841162849261,77.30851437283734,12.11153576947009,0.4611408842187824,0.5109994145616105
veh_019,2025-09-04T12:12:52,12.794945815575955,77.30175607938986,12.115274040264833,0.25918568788357566,0.8158605931167728
veh_019,2025-09-04T12:17:52,12.796664748634036,77.32214583022052,12.124554715649381,0.3406573374927233,0.49381169287984594
veh_019,2025-09-04T12:22:52,12.80542987969695,77.29083820708432,12.164422965109356,0.0,0.7074797624354178
veh_019,2025-09-04T12:27:52,12.79392908876243,77.3365068062081,12.24829393311007,0.7119463267391407,0.5239352179902536
veh_019,2025-09-04T12:32:52,12.780448977394938,77.3163731464076,12.22083285718207,0.2549991999131835,0.5250764923252756
veh_019,2025-09-04T12:37:52,12.794360646980596,77.32349856023848,12.124035118801437,0.5225034267037946,0.10308859660975511
veh_019,2025-09-04T12:42:52,12.794975388785906,77.31785182897359,12.068169725670934,0.5492696417937395,0.521544219732872
veh_019,2025-09-04T12:47:52,12.792465878423293,77.31009983991869,12.060442131111587,0.26964904623103636,0.6253581404346699
veh_019,2025-09-04T12:52:52,12.796289980858402,77.30869273940813,12.139934242806737,0.6245719767684863,0.07568601549625709
veh_019,2025-09-04T12:57:52,12.80053035138331,77.30453736341106,12.118095662467807,0.40397676486852574,0.7181030554376714
veh_019,2025-09-04T13:02:52,12.802945287555007,77.30974943775267,12.100322329095437,0.32938404226299345,0.11995563131168241
veh_019,2025-09-04T13:07:52,12.792445595573323,77.29411879523994,12.020325730547496,0.7277907868086304,0.8247351971256721
veh_019,2025-09-04T13:12:52,12.792253775161335,77.32759506147515,12.057405230539624,0.44315596070417335,0.773347352606152
veh_019,2025-09-04T13:17:52,12.80088044933922,77.32358012300033,12.077269958819375,0.29695750946039123,0.6373101825116259
veh_019,2025-09-04T13:22:52,12.818884381622283,77.31731770275175,12.120736230163507,0.6619654961747696,0.5409436208543885
veh_019,2025-09-04T13:27:52,12.800158736075213,77.32377947103204,12.156668341929041,0.5791680434034646,0.18275333843853414
veh_019,2025-09-04T13:32:52,12.802927335130548,77.31413548541411,12.141255546361787,1.3036327924898203,0.3664061371704934
veh_019,2025-09-04T13:37:52,12.808656875665637,77.30617885533626,12.147815320828958,1.2705762557270555,0.05175567238779011
veh_019,2025-09-04T13:42:52,12.79183302052679,77.31463042740728,12.10545447294739,0.7652169052820903,0.16794833192427694
veh_019,2025-09-04T13:47:52,12.805611843476557,77.30151367346079,12.015112897839678,0.4313045063140852,0.7007125802683718
veh_019,2025-09-04T13:52:52,12.814254436202717,77.29950752987385,11.963228563456143,0.6240859656423831,0.7890247339340722
veh_019,2025-09-04T13:57:52,12.783887867376388,77.33520520637951,11.913146873298164,0.44112265775103526,0.024357473784007322
veh_019,2025-09-04T14:02:52,12.806174838594728,77.31942908938551,11.871806821411614,0.402251834767008,0.8947734692785168
veh_019,2025-09-04T14:07:52,12.806561342057048,77.30312234563021,11.972712349249402,0.27224498376216677,0.5006617605754313
veh_019,2025-09-04T14:12:52,12.78747185267813,77.30182397466238,11.928990928795521,0.20884303470072346,0.16304853449132928
veh_019,2025-09-04T14:17:52,12.789282096787426,77.32176108899174,11.889841734029602,0.23185535196442542,0.39588511584806196
veh_019,2025-09-04T14:22:52,12.809000135862025,77.3169543265149,11.884857257535229,0.0700865690093963,0.07605156081931563
veh_019,2025-09-04T14:27:52,12.786287647674667,77.32787407701552,11.91138541369181,0.24151384732274178,0.2788802244577302
veh_019,2025-09-04T14:32:52,12.790818845312689,77.30594695261499,11.93440046525262,0.41373913376470606,0.10926725355818823
veh_019,2025-09-04T14:37:52,12.811575345320232,77.32790036818346,11.967968314000027,0.3732022788478433,0.5733113907143038
veh_019,2025-09-04T14:42:52,12.795583420129777,77.33110832528608,11.988182283152522,0.5787081075809045,0.005488396134590401
veh_019,2025-09-04T14:47:52,12.816474411348672,77.30046806144043,12.080096674535959,0.4441538577637587,0.44790223125776796
veh_019,2025-09-04T14:52:52,12.791549649758633,77.29829749215156,12.11277951181524,0.1885121148960442,0.3827915651139041
veh_019,2025-09-04T14:57:52,12.81041391737672,77.30808539549314,12.099374327164021,0.10899001702519528,0.06480769891042659
veh_019,2025-09-04T15:02:52,12.824811983327796,77.3225848964199,12.086137806219341,0.3164935891454855,0.12710633043212105
veh_019,2025-09-04T15:07:52,12.800372254596999,77.31061486770734,12.112640766007898,0.2139657529818773,0.8132329156105762
veh_019,2025-09-04T15:12:52,12.802773701645565,77.30311914724315,12.149091628651025,0.49571581628092,0.487794134917517
veh_019,2025-09-04T15:17:52,12.800166738330672,77.2979540985329,12.183759729133808,0.42538570122482117,0.7301635020553603
veh_019,2025-09-04T15:22:52,12.809784875518789,77.30419863971647,12.082722735941736,0.27346962296258787,0.8046978276476722
veh_019,2025-09-04T15:27:52,12.817329127943834,77.31470241818599,12.129393676150896,0.41449072623482425,0.29843997575876346
veh_019,2025-09-04T15:32:52,12.798745476849973,77.32587095796472,12.144974913934625,0.18279984695700052,0.5897552388806061
veh_019,2025-09-04T15:37:52,12.7961435920852,77.31025036354002,12.003499648822174,0.6903198773484012,0.5104252496476197
veh_019,2025-09-04T15:42:52,12.800071003641081,77.3107773180677,11.974738756815535,0.38912587195087106,0.7927508282098474
veh_019,2025-09-04T15:47:52,12.805462924805397,77.31249524889505,12.022185631531373,0.4763077456947567,0.9566794413234834
veh_019,2025-09-04T15:52:52,12.801055902824137,77.30121170059385,12.033821546985335,0.03734536834208857,0.43841757686638805
veh_019,2025-09-04T15:57:52,12.778884833007897,77.31305439525208,12.11430323210079,0.46487700167556945,0.0376896957150501
veh_019,2025-09-04T16:02:52,12.822594886048186,77.31884612326,12.076042629871388,0.3117294191792488,0.25008135730720105
veh_019,2025-09-04T16:07:52,12.792742800622454,77.30922469478065,12.125305325334363,0.8078468842316637,0.7443773012062915
veh_019,2025-09-04T16:12:52,12.79089005189606,77.31016552090966,12.155259772642626,0.8429226765516968,0.11821126784453007
veh_019,2025-09-04T16:17:52,12.794415014112236,77.31064827763538,12.184688273424513,0.2953349843135422,0.5167716594311051
veh_019,2025-09-04T16:22:52,12.794921365987227,77.28858902555976,12.190849934932091,0.4452917122091629,0.21444951147768032
veh_019,2025-09-04T16:27:52,12.799126651150427,77.30225808999565,12.177944991283114,0.0,0.12083462598579697
veh_019,2025-09-04T16:32:52,12.805426806756593,77.31233216037926,12.224070403258018,0.0,0.017649874511122654
veh_019,2025-09-04T16:37:52,12.794316622091184,77.32436405060493,12.25770854166635,0.6926756450264894,0.607541776620828
veh_019,2025-09-04T16:42:52,12.795390875982196,77.3281563731318,12.205498234122363,0.17573667507029184,0.6902881673309265
veh_019,2025-09-04T16:47:52,12.784024339690975,77.32053322106299,12.210563893808429,0.8215558185964618,0.3815587739072648
veh_019,2025-09-04T16:52:52,12.799632236538018,77.31989821470805,12.17743141630544,0.2881381077529336,0.026671999646260325
veh_019,2025-09-04T16:57:52,12.798778868983756,77.31073242560575,12.173292211320557,0.9783678523514989,0.912045798249695
veh_019,2025-09-04T17:02:52,12.794351550942242,77.29773112253217,12.171174564412702,0.6970650533721177,0.9095212563051536
veh_019,2025-09-04T17:07:52,12.800153923091369,77.32436390050961,12.207736084506713,0.8338850689076788,0.7107697408540329
veh_019,2025-09-04T17:12:52,12.814771529036136,77.31310863311313,12.141383182388639,0.699115623105626,0.8505403874614784
veh_019,2025-09-04T17:17:52,12.814771701008874,77.32761846834049,12.238656805181867,0.6859561940979599,0.6394439539862674
